word,sign_type,file_path
a,video,/SL/a/01610.mp4
a,video,/SL/a/01611.mp4
a,video,/SL/a/01612.mp4
a,video,/SL/a/01615.mp4
a,video,/SL/a/66039.mp4
a lot,video,/SL/a lot/02124.mp4
a lot,video,/SL/a lot/02125.mp4
a lot,video,/SL/a lot/02126.mp4
a lot,video,/SL/a lot/02128.mp4
a lot,video,/SL/a lot/02129.mp4
a lot,video,/SL/a lot/02130.mp4
a lot,video,/SL/a lot/02131.mp4
abdomen,video,/SL/abdomen/00335.mp4
abdomen,video,/SL/abdomen/00336.mp4
abdomen,video,/SL/abdomen/00338.mp4
abdomen,video,/SL/abdomen/00339.mp4
abdomen,video,/SL/abdomen/00341.mp4
able,video,/SL/able/00376.mp4
able,video,/SL/able/00377.mp4
able,video,/SL/able/00378.mp4
able,video,/SL/able/00381.mp4
able,video,/SL/able/00382.mp4
able,video,/SL/able/00384.mp4
about,video,/SL/about/00414.mp4
about,video,/SL/about/00415.mp4
about,video,/SL/about/00416.mp4
about,video,/SL/about/00421.mp4
about,video,/SL/about/00426.mp4
about,video,/SL/about/65002.mp4
about,video,/SL/about/65003.mp4
above,video,/SL/above/00430.mp4
above,video,/SL/above/00431.mp4
above,video,/SL/above/00433.mp4
above,video,/SL/above/00435.mp4
above,video,/SL/above/65004.mp4
accent,video,/SL/accent/00583.mp4
accent,video,/SL/accent/00584.mp4
accent,video,/SL/accent/00585.mp4
accent,video,/SL/accent/00586.mp4
accent,video,/SL/accent/65006.mp4
accept,video,/SL/accept/00592.mp4
accept,video,/SL/accept/00593.mp4
accept,video,/SL/accept/00594.mp4
accept,video,/SL/accept/00597.mp4
accept,video,/SL/accept/00599.mp4
accept,video,/SL/accept/00600.mp4
accept,video,/SL/accept/00603.mp4
accept,video,/SL/accept/65007.mp4
accident,video,/SL/accident/00623.mp4
accident,video,/SL/accident/00624.mp4
accident,video,/SL/accident/00625.mp4
accident,video,/SL/accident/00626.mp4
accident,video,/SL/accident/00627.mp4
accident,video,/SL/accident/00628.mp4
accident,video,/SL/accident/00629.mp4
accident,video,/SL/accident/00631.mp4
accident,video,/SL/accident/00632.mp4
accident,video,/SL/accident/00633.mp4
accident,video,/SL/accident/00634.mp4
accident,video,/SL/accident/00639.mp4
accident,video,/SL/accident/65009.mp4
accomplish,video,/SL/accomplish/00663.mp4
accomplish,video,/SL/accomplish/00664.mp4
accomplish,video,/SL/accomplish/00666.mp4
accomplish,video,/SL/accomplish/00668.mp4
accomplish,video,/SL/accomplish/65010.mp4
accountant,video,/SL/accountant/00689.mp4
accountant,video,/SL/accountant/00690.mp4
accountant,video,/SL/accountant/00692.mp4
accountant,video,/SL/accountant/00694.mp4
accountant,video,/SL/accountant/65011.mp4
across,video,/SL/across/00832.mp4
across,video,/SL/across/00834.mp4
across,video,/SL/across/00835.mp4
across,video,/SL/across/00836.mp4
across,video,/SL/across/00838.mp4
across,video,/SL/across/00839.mp4
across,video,/SL/across/00842.mp4
act,video,/SL/act/00846.mp4
act,video,/SL/act/00847.mp4
act,video,/SL/act/00849.mp4
act,video,/SL/act/00851.mp4
act,video,/SL/act/65014.mp4
action,video,/SL/action/00853.mp4
action,video,/SL/action/00854.mp4
action,video,/SL/action/00855.mp4
action,video,/SL/action/00856.mp4
action,video,/SL/action/00858.mp4
action,video,/SL/action/65015.mp4
active,video,/SL/active/00868.mp4
active,video,/SL/active/00869.mp4
active,video,/SL/active/00871.mp4
active,video,/SL/active/00872.mp4
active,video,/SL/active/00874.mp4
activity,video,/SL/activity/00890.mp4
activity,video,/SL/activity/00891.mp4
activity,video,/SL/activity/00892.mp4
activity,video,/SL/activity/00894.mp4
activity,video,/SL/activity/65016.mp4
actor,video,/SL/actor/00898.mp4
actor,video,/SL/actor/00899.mp4
actor,video,/SL/actor/00900.mp4
actor,video,/SL/actor/00901.mp4
actor,video,/SL/actor/00904.mp4
actor,video,/SL/actor/65017.mp4
adapt,video,/SL/adapt/00943.mp4
adapt,video,/SL/adapt/00944.mp4
adapt,video,/SL/adapt/00946.mp4
adapt,video,/SL/adapt/00947.mp4
adapt,video,/SL/adapt/00949.mp4
adapt,video,/SL/adapt/00951.mp4
add,video,/SL/add/00961.mp4
add,video,/SL/add/00962.mp4
add,video,/SL/add/00963.mp4
add,video,/SL/add/00964.mp4
add,video,/SL/add/00965.mp4
add,video,/SL/add/00966.mp4
add,video,/SL/add/00967.mp4
add,video,/SL/add/00973.mp4
add,video,/SL/add/65018.mp4
add,video,/SL/add/69205.mp4
address,video,/SL/address/01011.mp4
address,video,/SL/address/01012.mp4
address,video,/SL/address/01016.mp4
address,video,/SL/address/01018.mp4
address,video,/SL/address/01024.mp4
adjective,video,/SL/adjective/01064.mp4
adjective,video,/SL/adjective/01065.mp4
adjective,video,/SL/adjective/01066.mp4
adjective,video,/SL/adjective/01067.mp4
adjective,video,/SL/adjective/01068.mp4
adjust,video,/SL/adjust/01073.mp4
adjust,video,/SL/adjust/01074.mp4
adjust,video,/SL/adjust/01075.mp4
adjust,video,/SL/adjust/01076.mp4
adjust,video,/SL/adjust/01079.mp4
admire,video,/SL/admire/01100.mp4
admire,video,/SL/admire/01101.mp4
admire,video,/SL/admire/01103.mp4
admire,video,/SL/admire/01107.mp4
admire,video,/SL/admire/65020.mp4
admit,video,/SL/admit/01118.mp4
admit,video,/SL/admit/01120.mp4
admit,video,/SL/admit/01122.mp4
admit,video,/SL/admit/01127.mp4
admit,video,/SL/admit/65021.mp4
adopt,video,/SL/adopt/01157.mp4
adopt,video,/SL/adopt/01158.mp4
adopt,video,/SL/adopt/01159.mp4
adopt,video,/SL/adopt/01160.mp4
adopt,video,/SL/adopt/01162.mp4
adopt,video,/SL/adopt/65022.mp4
adult,video,/SL/adult/01206.mp4
adult,video,/SL/adult/01207.mp4
adult,video,/SL/adult/01208.mp4
adult,video,/SL/adult/01209.mp4
adult,video,/SL/adult/01211.mp4
adult,video,/SL/adult/01212.mp4
adult,video,/SL/adult/01214.mp4
adult,video,/SL/adult/01217.mp4
adult,video,/SL/adult/65024.mp4
advanced,video,/SL/advanced/01226.mp4
advanced,video,/SL/advanced/01227.mp4
advanced,video,/SL/advanced/01229.mp4
advanced,video,/SL/advanced/01231.mp4
advantage,video,/SL/advantage/01244.mp4
advantage,video,/SL/advantage/01245.mp4
advantage,video,/SL/advantage/01248.mp4
advantage,video,/SL/advantage/01249.mp4
advantage,video,/SL/advantage/01252.mp4
advantage,video,/SL/advantage/65025.mp4
adverb,video,/SL/adverb/01264.mp4
adverb,video,/SL/adverb/01265.mp4
adverb,video,/SL/adverb/01266.mp4
adverb,video,/SL/adverb/01268.mp4
affect,video,/SL/affect/01318.mp4
affect,video,/SL/affect/01319.mp4
affect,video,/SL/affect/01320.mp4
affect,video,/SL/affect/01321.mp4
affect,video,/SL/affect/01323.mp4
affect,video,/SL/affect/01327.mp4
afraid,video,/SL/afraid/01373.mp4
afraid,video,/SL/afraid/01374.mp4
afraid,video,/SL/afraid/01376.mp4
afraid,video,/SL/afraid/01377.mp4
afraid,video,/SL/afraid/01381.mp4
africa,video,/SL/africa/01383.mp4
africa,video,/SL/africa/01384.mp4
africa,video,/SL/africa/01385.mp4
africa,video,/SL/africa/01386.mp4
africa,video,/SL/africa/01387.mp4
africa,video,/SL/africa/01388.mp4
africa,video,/SL/africa/01391.mp4
africa,video,/SL/africa/01398.mp4
africa,video,/SL/africa/65029.mp4
after,video,/SL/after/01418.mp4
after,video,/SL/after/01419.mp4
after,video,/SL/after/01420.mp4
after,video,/SL/after/01421.mp4
after,video,/SL/after/01422.mp4
after,video,/SL/after/01428.mp4
after,video,/SL/after/65030.mp4
afternoon,video,/SL/afternoon/01433.mp4
afternoon,video,/SL/afternoon/01434.mp4
afternoon,video,/SL/afternoon/01435.mp4
afternoon,video,/SL/afternoon/01436.mp4
afternoon,video,/SL/afternoon/01438.mp4
afternoon,video,/SL/afternoon/01442.mp4
afternoon,video,/SL/afternoon/65031.mp4
again,video,/SL/again/01460.mp4
again,video,/SL/again/01461.mp4
again,video,/SL/again/01462.mp4
again,video,/SL/again/01463.mp4
again,video,/SL/again/01464.mp4
again,video,/SL/again/01466.mp4
again,video,/SL/again/01471.mp4
again,video,/SL/again/65032.mp4
against,video,/SL/against/01473.mp4
against,video,/SL/against/01474.mp4
against,video,/SL/against/01477.mp4
against,video,/SL/against/01479.mp4
against,video,/SL/against/65033.mp4
age,video,/SL/age/01485.mp4
age,video,/SL/age/01486.mp4
age,video,/SL/age/01487.mp4
age,video,/SL/age/01489.mp4
age,video,/SL/age/01490.mp4
age,video,/SL/age/01495.mp4
age,video,/SL/age/65034.mp4
agenda,video,/SL/agenda/01505.mp4
agenda,video,/SL/agenda/01506.mp4
agenda,video,/SL/agenda/01507.mp4
agenda,video,/SL/agenda/01515.mp4
ago,video,/SL/ago/01552.mp4
ago,video,/SL/ago/01553.mp4
ago,video,/SL/ago/01554.mp4
ago,video,/SL/ago/01556.mp4
ago,video,/SL/ago/01557.mp4
ago,video,/SL/ago/01558.mp4
ago,video,/SL/ago/01560.mp4
ago,video,/SL/ago/01561.mp4
ago,video,/SL/ago/01564.mp4
agree,video,/SL/agree/01575.mp4
agree,video,/SL/agree/01576.mp4
agree,video,/SL/agree/01577.mp4
agree,video,/SL/agree/01578.mp4
agree,video,/SL/agree/01579.mp4
agree,video,/SL/agree/01582.mp4
agreement,video,/SL/agreement/01583.mp4
agreement,video,/SL/agreement/01584.mp4
agreement,video,/SL/agreement/01585.mp4
agreement,video,/SL/agreement/01586.mp4
agreement,video,/SL/agreement/01587.mp4
agreement,video,/SL/agreement/65037.mp4
ahead,video,/SL/ahead/01598.mp4
ahead,video,/SL/ahead/01599.mp4
ahead,video,/SL/ahead/01602.mp4
ahead,video,/SL/ahead/01605.mp4
aid,video,/SL/aid/01621.mp4
aid,video,/SL/aid/01622.mp4
aid,video,/SL/aid/01624.mp4
aid,video,/SL/aid/01625.mp4
aid,video,/SL/aid/01626.mp4
aid,video,/SL/aid/01627.mp4
aim,video,/SL/aim/01642.mp4
aim,video,/SL/aim/01643.mp4
aim,video,/SL/aim/01646.mp4
aim,video,/SL/aim/01652.mp4
aim,video,/SL/aim/01653.mp4
airplane,video,/SL/airplane/01724.mp4
airplane,video,/SL/airplane/01726.mp4
airplane,video,/SL/airplane/01727.mp4
airplane,video,/SL/airplane/01729.mp4
airplane,video,/SL/airplane/01730.mp4
airplane,video,/SL/airplane/01734.mp4
airplane,video,/SL/airplane/65038.mp4
alarm,video,/SL/alarm/01801.mp4
alarm,video,/SL/alarm/01802.mp4
alarm,video,/SL/alarm/01804.mp4
alarm,video,/SL/alarm/01808.mp4
alarm,video,/SL/alarm/65040.mp4
alcohol,video,/SL/alcohol/01831.mp4
alcohol,video,/SL/alcohol/01832.mp4
alcohol,video,/SL/alcohol/01836.mp4
alcohol,video,/SL/alcohol/01839.mp4
algebra,video,/SL/algebra/01874.mp4
algebra,video,/SL/algebra/01875.mp4
algebra,video,/SL/algebra/01876.mp4
algebra,video,/SL/algebra/01878.mp4
algebra,video,/SL/algebra/01880.mp4
all,video,/SL/all/01986.mp4
all,video,/SL/all/01987.mp4
all,video,/SL/all/01988.mp4
all,video,/SL/all/01991.mp4
all,video,/SL/all/01992.mp4
all,video,/SL/all/02003.mp4
all,video,/SL/all/65043.mp4
all,video,/SL/all/69206.mp4
all day,video,/SL/all day/01922.mp4
all day,video,/SL/all day/01923.mp4
all day,video,/SL/all day/01924.mp4
all day,video,/SL/all day/01926.mp4
all day,video,/SL/all day/01927.mp4
allergy,video,/SL/allergy/01955.mp4
allergy,video,/SL/allergy/01956.mp4
allergy,video,/SL/allergy/01957.mp4
allergy,video,/SL/allergy/01960.mp4
allergy,video,/SL/allergy/01962.mp4
allergy,video,/SL/allergy/01965.mp4
allergy,video,/SL/allergy/65050.mp4
allergy,video,/SL/allergy/65051.mp4
alligator,video,/SL/alligator/02008.mp4
alligator,video,/SL/alligator/02009.mp4
alligator,video,/SL/alligator/02010.mp4
alligator,video,/SL/alligator/02012.mp4
alligator,video,/SL/alligator/02014.mp4
allow,video,/SL/allow/02045.mp4
allow,video,/SL/allow/02046.mp4
allow,video,/SL/allow/02048.mp4
allow,video,/SL/allow/02049.mp4
allow,video,/SL/allow/02052.mp4
allow,video,/SL/allow/65052.mp4
allow,video,/SL/allow/65053.mp4
allow,video,/SL/allow/65054.mp4
almost,video,/SL/almost/02091.mp4
almost,video,/SL/almost/02092.mp4
almost,video,/SL/almost/02093.mp4
almost,video,/SL/almost/02095.mp4
almost,video,/SL/almost/65056.mp4
alone,video,/SL/alone/02103.mp4
alone,video,/SL/alone/02104.mp4
alone,video,/SL/alone/02105.mp4
alone,video,/SL/alone/02106.mp4
alone,video,/SL/alone/02107.mp4
alone,video,/SL/alone/02108.mp4
alone,video,/SL/alone/02109.mp4
alone,video,/SL/alone/02110.mp4
alone,video,/SL/alone/02112.mp4
alone,video,/SL/alone/65057.mp4
alphabet,video,/SL/alphabet/02145.mp4
alphabet,video,/SL/alphabet/02149.mp4
alphabet,video,/SL/alphabet/02151.mp4
alphabet,video,/SL/alphabet/65058.mp4
already,video,/SL/already/02159.mp4
already,video,/SL/already/02160.mp4
already,video,/SL/already/02161.mp4
already,video,/SL/already/02162.mp4
already,video,/SL/already/02163.mp4
already,video,/SL/already/02164.mp4
already,video,/SL/already/02165.mp4
already,video,/SL/already/02166.mp4
already,video,/SL/already/02168.mp4
also,video,/SL/also/02174.mp4
also,video,/SL/also/02175.mp4
also,video,/SL/also/02176.mp4
also,video,/SL/also/02177.mp4
also,video,/SL/also/02178.mp4
also,video,/SL/also/02181.mp4
also,video,/SL/also/65059.mp4
also,video,/SL/also/69207.mp4
always,video,/SL/always/02228.mp4
always,video,/SL/always/02229.mp4
always,video,/SL/always/02230.mp4
always,video,/SL/always/02231.mp4
always,video,/SL/always/02232.mp4
always,video,/SL/always/02233.mp4
always,video,/SL/always/02238.mp4
always,video,/SL/always/65061.mp4
amazing,video,/SL/amazing/02269.mp4
amazing,video,/SL/amazing/02273.mp4
amazing,video,/SL/amazing/02276.mp4
amazing,video,/SL/amazing/02285.mp4
amazing,video,/SL/amazing/65063.mp4
america,video,/SL/america/02349.mp4
america,video,/SL/america/02350.mp4
america,video,/SL/america/02351.mp4
america,video,/SL/america/02353.mp4
america,video,/SL/america/02356.mp4
america,video,/SL/america/65064.mp4
amputate,video,/SL/amputate/02429.mp4
amputate,video,/SL/amputate/02430.mp4
amputate,video,/SL/amputate/02431.mp4
amputate,video,/SL/amputate/02432.mp4
amputate,video,/SL/amputate/02433.mp4
amputate,video,/SL/amputate/02434.mp4
amputate,video,/SL/amputate/02435.mp4
analyze,video,/SL/analyze/02474.mp4
analyze,video,/SL/analyze/02475.mp4
analyze,video,/SL/analyze/02476.mp4
analyze,video,/SL/analyze/02477.mp4
analyze,video,/SL/analyze/02478.mp4
analyze,video,/SL/analyze/02480.mp4
analyze,video,/SL/analyze/02483.mp4
analyze,video,/SL/analyze/65066.mp4
anatomy,video,/SL/anatomy/02485.mp4
anatomy,video,/SL/anatomy/02487.mp4
anatomy,video,/SL/anatomy/02490.mp4
anatomy,video,/SL/anatomy/02492.mp4
and,video,/SL/and/02518.mp4
and,video,/SL/and/02519.mp4
and,video,/SL/and/02521.mp4
and,video,/SL/and/02525.mp4
and,video,/SL/and/65067.mp4
angel,video,/SL/angel/02540.mp4
angel,video,/SL/angel/02541.mp4
angel,video,/SL/angel/02542.mp4
angel,video,/SL/angel/02544.mp4
angel,video,/SL/angel/02545.mp4
angel,video,/SL/angel/02548.mp4
angel,video,/SL/angel/65071.mp4
angle,video,/SL/angle/02558.mp4
angle,video,/SL/angle/02559.mp4
angle,video,/SL/angle/02560.mp4
angle,video,/SL/angle/02561.mp4
angle,video,/SL/angle/02563.mp4
angle,video,/SL/angle/69210.mp4
angry,video,/SL/angry/02565.mp4
angry,video,/SL/angry/02566.mp4
angry,video,/SL/angry/02567.mp4
angry,video,/SL/angry/02568.mp4
angry,video,/SL/angry/02569.mp4
angry,video,/SL/angry/02572.mp4
angry,video,/SL/angry/65072.mp4
animal,video,/SL/animal/02583.mp4
animal,video,/SL/animal/02584.mp4
animal,video,/SL/animal/02585.mp4
animal,video,/SL/animal/02586.mp4
animal,video,/SL/animal/02587.mp4
animal,video,/SL/animal/02588.mp4
animal,video,/SL/animal/02589.mp4
animal,video,/SL/animal/02592.mp4
animal,video,/SL/animal/65073.mp4
animal,video,/SL/animal/69211.mp4
anniversary,video,/SL/anniversary/02609.mp4
anniversary,video,/SL/anniversary/02610.mp4
anniversary,video,/SL/anniversary/02611.mp4
anniversary,video,/SL/anniversary/02614.mp4
anniversary,video,/SL/anniversary/02616.mp4
announce,video,/SL/announce/02619.mp4
announce,video,/SL/announce/02620.mp4
announce,video,/SL/announce/02622.mp4
announce,video,/SL/announce/02625.mp4
announce,video,/SL/announce/65074.mp4
annoy,video,/SL/annoy/02643.mp4
annoy,video,/SL/annoy/02644.mp4
annoy,video,/SL/annoy/02645.mp4
annoy,video,/SL/annoy/02653.mp4
another,video,/SL/another/02697.mp4
another,video,/SL/another/02698.mp4
another,video,/SL/another/02699.mp4
another,video,/SL/another/02700.mp4
another,video,/SL/another/02701.mp4
another,video,/SL/another/02706.mp4
answer,video,/SL/answer/02710.mp4
answer,video,/SL/answer/02711.mp4
answer,video,/SL/answer/02712.mp4
answer,video,/SL/answer/02713.mp4
answer,video,/SL/answer/02714.mp4
answer,video,/SL/answer/02715.mp4
answer,video,/SL/answer/02718.mp4
answer,video,/SL/answer/65076.mp4
any,video,/SL/any/02826.mp4
any,video,/SL/any/02828.mp4
any,video,/SL/any/02833.mp4
any,video,/SL/any/65079.mp4
any,video,/SL/any/69212.mp4
anyway,video,/SL/anyway/02851.mp4
anyway,video,/SL/anyway/02852.mp4
anyway,video,/SL/anyway/02854.mp4
anyway,video,/SL/anyway/02856.mp4
apart,video,/SL/apart/02864.mp4
apart,video,/SL/apart/02865.mp4
apart,video,/SL/apart/02867.mp4
apart,video,/SL/apart/02870.mp4
apart,video,/SL/apart/65081.mp4
apartment,video,/SL/apartment/02872.mp4
apartment,video,/SL/apartment/02873.mp4
apartment,video,/SL/apartment/02874.mp4
apartment,video,/SL/apartment/02875.mp4
apartment,video,/SL/apartment/02877.mp4
apartment,video,/SL/apartment/02880.mp4
apostrophe,video,/SL/apostrophe/02910.mp4
apostrophe,video,/SL/apostrophe/02911.mp4
apostrophe,video,/SL/apostrophe/02912.mp4
apostrophe,video,/SL/apostrophe/02913.mp4
apostrophe,video,/SL/apostrophe/02914.mp4
apostrophe,video,/SL/apostrophe/02915.mp4
apostrophe,video,/SL/apostrophe/65082.mp4
appear,video,/SL/appear/02951.mp4
appear,video,/SL/appear/02952.mp4
appear,video,/SL/appear/02953.mp4
appear,video,/SL/appear/02954.mp4
appear,video,/SL/appear/02956.mp4
appear,video,/SL/appear/02961.mp4
appear,video,/SL/appear/65083.mp4
appetite,video,/SL/appetite/02969.mp4
appetite,video,/SL/appetite/02970.mp4
appetite,video,/SL/appetite/02971.mp4
appetite,video,/SL/appetite/02973.mp4
appetite,video,/SL/appetite/02975.mp4
apple,video,/SL/apple/02999.mp4
apple,video,/SL/apple/03000.mp4
apple,video,/SL/apple/03001.mp4
apple,video,/SL/apple/03002.mp4
apple,video,/SL/apple/03003.mp4
apple,video,/SL/apple/03005.mp4
apple,video,/SL/apple/03008.mp4
apple,video,/SL/apple/65084.mp4
apple,video,/SL/apple/65085.mp4
apple,video,/SL/apple/65086.mp4
apple,video,/SL/apple/69213.mp4
appointment,video,/SL/appointment/03055.mp4
appointment,video,/SL/appointment/03056.mp4
appointment,video,/SL/appointment/03057.mp4
appointment,video,/SL/appointment/03058.mp4
appointment,video,/SL/appointment/03059.mp4
appointment,video,/SL/appointment/03060.mp4
appointment,video,/SL/appointment/03061.mp4
appointment,video,/SL/appointment/03062.mp4
appointment,video,/SL/appointment/03063.mp4
appointment,video,/SL/appointment/65087.mp4
appreciate,video,/SL/appreciate/03068.mp4
appreciate,video,/SL/appreciate/03069.mp4
appreciate,video,/SL/appreciate/03070.mp4
appreciate,video,/SL/appreciate/03073.mp4
appreciate,video,/SL/appreciate/03074.mp4
approach,video,/SL/approach/03090.mp4
approach,video,/SL/approach/03092.mp4
approach,video,/SL/approach/03093.mp4
approach,video,/SL/approach/03096.mp4
approach,video,/SL/approach/65088.mp4
appropriate,video,/SL/appropriate/03101.mp4
appropriate,video,/SL/appropriate/03102.mp4
appropriate,video,/SL/appropriate/03103.mp4
appropriate,video,/SL/appropriate/03105.mp4
appropriate,video,/SL/appropriate/03108.mp4
approve,video,/SL/approve/03118.mp4
approve,video,/SL/approve/03119.mp4
approve,video,/SL/approve/03120.mp4
approve,video,/SL/approve/03121.mp4
approve,video,/SL/approve/03122.mp4
approve,video,/SL/approve/03124.mp4
approve,video,/SL/approve/03125.mp4
approve,video,/SL/approve/03131.mp4
april,video,/SL/april/03154.mp4
april,video,/SL/april/03155.mp4
april,video,/SL/april/03156.mp4
april,video,/SL/april/03157.mp4
april,video,/SL/april/03158.mp4
april,video,/SL/april/03161.mp4
archery,video,/SL/archery/03201.mp4
archery,video,/SL/archery/03202.mp4
archery,video,/SL/archery/03204.mp4
archery,video,/SL/archery/03205.mp4
archery,video,/SL/archery/03207.mp4
area,video,/SL/area/03234.mp4
area,video,/SL/area/03235.mp4
area,video,/SL/area/03237.mp4
area,video,/SL/area/03238.mp4
area,video,/SL/area/03240.mp4
area,video,/SL/area/03246.mp4
area,video,/SL/area/65091.mp4
argue,video,/SL/argue/03267.mp4
argue,video,/SL/argue/03268.mp4
argue,video,/SL/argue/03270.mp4
argue,video,/SL/argue/03272.mp4
argue,video,/SL/argue/03273.mp4
argue,video,/SL/argue/03274.mp4
argue,video,/SL/argue/03276.mp4
argue,video,/SL/argue/03277.mp4
argue,video,/SL/argue/03278.mp4
argue,video,/SL/argue/03282.mp4
argue,video,/SL/argue/65092.mp4
arizona,video,/SL/arizona/03315.mp4
arizona,video,/SL/arizona/03316.mp4
arizona,video,/SL/arizona/03317.mp4
arizona,video,/SL/arizona/03318.mp4
arizona,video,/SL/arizona/65093.mp4
arm,video,/SL/arm/03337.mp4
arm,video,/SL/arm/03338.mp4
arm,video,/SL/arm/03339.mp4
arm,video,/SL/arm/03342.mp4
arm,video,/SL/arm/03344.mp4
arm,video,/SL/arm/65094.mp4
arm,video,/SL/arm/69215.mp4
army,video,/SL/army/03361.mp4
army,video,/SL/army/03362.mp4
army,video,/SL/army/03364.mp4
army,video,/SL/army/03368.mp4
army,video,/SL/army/65095.mp4
around,video,/SL/around/03376.mp4
around,video,/SL/around/03377.mp4
around,video,/SL/around/03378.mp4
around,video,/SL/around/03382.mp4
around,video,/SL/around/03389.mp4
arrest,video,/SL/arrest/03417.mp4
arrest,video,/SL/arrest/03418.mp4
arrest,video,/SL/arrest/03419.mp4
arrest,video,/SL/arrest/03420.mp4
arrest,video,/SL/arrest/03425.mp4
arrest,video,/SL/arrest/03430.mp4
arrive,video,/SL/arrive/03435.mp4
arrive,video,/SL/arrive/03436.mp4
arrive,video,/SL/arrive/03437.mp4
arrive,video,/SL/arrive/03438.mp4
arrive,video,/SL/arrive/03439.mp4
arrive,video,/SL/arrive/03441.mp4
arrive,video,/SL/arrive/03445.mp4
arrive,video,/SL/arrive/65096.mp4
arrogant,video,/SL/arrogant/03448.mp4
arrogant,video,/SL/arrogant/03449.mp4
arrogant,video,/SL/arrogant/03450.mp4
arrogant,video,/SL/arrogant/03451.mp4
arrogant,video,/SL/arrogant/03454.mp4
arrogant,video,/SL/arrogant/03457.mp4
art,video,/SL/art/03478.mp4
art,video,/SL/art/03479.mp4
art,video,/SL/art/03480.mp4
art,video,/SL/art/03481.mp4
art,video,/SL/art/03484.mp4
art,video,/SL/art/03486.mp4
art,video,/SL/art/65097.mp4
article,video,/SL/article/03490.mp4
article,video,/SL/article/03491.mp4
article,video,/SL/article/03493.mp4
article,video,/SL/article/65098.mp4
artist,video,/SL/artist/03515.mp4
artist,video,/SL/artist/03516.mp4
artist,video,/SL/artist/03517.mp4
artist,video,/SL/artist/03519.mp4
artist,video,/SL/artist/03522.mp4
asia,video,/SL/asia/03562.mp4
asia,video,/SL/asia/03563.mp4
asia,video,/SL/asia/03564.mp4
asia,video,/SL/asia/03565.mp4
asia,video,/SL/asia/03568.mp4
asia,video,/SL/asia/03571.mp4
asia,video,/SL/asia/65100.mp4
ask,video,/SL/ask/03595.mp4
ask,video,/SL/ask/03597.mp4
ask,video,/SL/ask/03598.mp4
ask,video,/SL/ask/03603.mp4
ask,video,/SL/ask/03605.mp4
ask,video,/SL/ask/03607.mp4
ask,video,/SL/ask/65101.mp4
asl,video,/SL/asl/03634.mp4
asl,video,/SL/asl/03635.mp4
asl,video,/SL/asl/03638.mp4
asl,video,/SL/asl/03642.mp4
assist,video,/SL/assist/03765.mp4
assist,video,/SL/assist/03766.mp4
assist,video,/SL/assist/03768.mp4
assist,video,/SL/assist/03769.mp4
assist,video,/SL/assist/03771.mp4
assistant,video,/SL/assistant/03756.mp4
assistant,video,/SL/assistant/03757.mp4
assistant,video,/SL/assistant/03758.mp4
assistant,video,/SL/assistant/03761.mp4
assistant,video,/SL/assistant/03763.mp4
assume,video,/SL/assume/03799.mp4
assume,video,/SL/assume/03800.mp4
assume,video,/SL/assume/03802.mp4
assume,video,/SL/assume/03805.mp4
attend,video,/SL/attend/03999.mp4
attend,video,/SL/attend/04000.mp4
attend,video,/SL/attend/04002.mp4
attend,video,/SL/attend/04003.mp4
attend,video,/SL/attend/04007.mp4
attention,video,/SL/attention/04011.mp4
attention,video,/SL/attention/04012.mp4
attention,video,/SL/attention/04013.mp4
attention,video,/SL/attention/04015.mp4
attention,video,/SL/attention/04017.mp4
attention,video,/SL/attention/65107.mp4
attitude,video,/SL/attitude/04040.mp4
attitude,video,/SL/attitude/04041.mp4
attitude,video,/SL/attitude/04042.mp4
attitude,video,/SL/attitude/04044.mp4
attitude,video,/SL/attitude/04045.mp4
attitude,video,/SL/attitude/04048.mp4
attitude,video,/SL/attitude/65108.mp4
attorney,video,/SL/attorney/04050.mp4
attorney,video,/SL/attorney/04051.mp4
attorney,video,/SL/attorney/04053.mp4
attorney,video,/SL/attorney/04055.mp4
attract,video,/SL/attract/04062.mp4
attract,video,/SL/attract/04063.mp4
attract,video,/SL/attract/04064.mp4
attract,video,/SL/attract/04072.mp4
attract,video,/SL/attract/04073.mp4
attract,video,/SL/attract/04076.mp4
auction,video,/SL/auction/04099.mp4
auction,video,/SL/auction/04101.mp4
auction,video,/SL/auction/04102.mp4
auction,video,/SL/auction/04103.mp4
auction,video,/SL/auction/04104.mp4
auction,video,/SL/auction/04106.mp4
audience,video,/SL/audience/04115.mp4
audience,video,/SL/audience/04116.mp4
audience,video,/SL/audience/04118.mp4
audience,video,/SL/audience/04119.mp4
audience,video,/SL/audience/04120.mp4
audience,video,/SL/audience/04123.mp4
audiologist,video,/SL/audiologist/04129.mp4
audiologist,video,/SL/audiologist/04130.mp4
audiologist,video,/SL/audiologist/04132.mp4
audiologist,video,/SL/audiologist/04134.mp4
audiology,video,/SL/audiology/04136.mp4
audiology,video,/SL/audiology/04137.mp4
audiology,video,/SL/audiology/04139.mp4
audiology,video,/SL/audiology/04141.mp4
august,video,/SL/august/04155.mp4
august,video,/SL/august/04156.mp4
august,video,/SL/august/04157.mp4
august,video,/SL/august/04158.mp4
august,video,/SL/august/04159.mp4
august,video,/SL/august/04163.mp4
august,video,/SL/august/04164.mp4
aunt,video,/SL/aunt/04168.mp4
aunt,video,/SL/aunt/04169.mp4
aunt,video,/SL/aunt/04170.mp4
aunt,video,/SL/aunt/04171.mp4
aunt,video,/SL/aunt/04172.mp4
aunt,video,/SL/aunt/04173.mp4
aunt,video,/SL/aunt/04176.mp4
aunt,video,/SL/aunt/65110.mp4
australia,video,/SL/australia/04184.mp4
australia,video,/SL/australia/04186.mp4
australia,video,/SL/australia/04187.mp4
australia,video,/SL/australia/04188.mp4
australia,video,/SL/australia/04189.mp4
australia,video,/SL/australia/04190.mp4
australia,video,/SL/australia/04193.mp4
australia,video,/SL/australia/04198.mp4
australia,video,/SL/australia/65111.mp4
austria,video,/SL/austria/04200.mp4
austria,video,/SL/austria/04201.mp4
austria,video,/SL/austria/04202.mp4
austria,video,/SL/austria/04203.mp4
author,video,/SL/author/04218.mp4
author,video,/SL/author/04219.mp4
author,video,/SL/author/04221.mp4
author,video,/SL/author/04223.mp4
authority,video,/SL/authority/04226.mp4
authority,video,/SL/authority/04227.mp4
authority,video,/SL/authority/04228.mp4
authority,video,/SL/authority/04230.mp4
authority,video,/SL/authority/04232.mp4
autumn,video,/SL/autumn/04289.mp4
autumn,video,/SL/autumn/04290.mp4
autumn,video,/SL/autumn/04291.mp4
autumn,video,/SL/autumn/04292.mp4
autumn,video,/SL/autumn/04294.mp4
autumn,video,/SL/autumn/04296.mp4
autumn,video,/SL/autumn/65113.mp4
available,video,/SL/available/04301.mp4
available,video,/SL/available/04302.mp4
available,video,/SL/available/04304.mp4
available,video,/SL/available/04307.mp4
average,video,/SL/average/04324.mp4
average,video,/SL/average/04325.mp4
average,video,/SL/average/04326.mp4
average,video,/SL/average/04330.mp4
average,video,/SL/average/04332.mp4
avoid,video,/SL/avoid/04343.mp4
avoid,video,/SL/avoid/04344.mp4
avoid,video,/SL/avoid/04345.mp4
avoid,video,/SL/avoid/04347.mp4
avoid,video,/SL/avoid/04348.mp4
avoid,video,/SL/avoid/04352.mp4
avoid,video,/SL/avoid/65114.mp4
awake,video,/SL/awake/04355.mp4
awake,video,/SL/awake/04356.mp4
awake,video,/SL/awake/04358.mp4
awake,video,/SL/awake/04361.mp4
awake,video,/SL/awake/65116.mp4
award,video,/SL/award/04364.mp4
award,video,/SL/award/04369.mp4
award,video,/SL/award/04372.mp4
aware,video,/SL/aware/04375.mp4
aware,video,/SL/aware/04376.mp4
aware,video,/SL/aware/04378.mp4
aware,video,/SL/aware/04380.mp4
away,video,/SL/away/04388.mp4
away,video,/SL/away/04389.mp4
away,video,/SL/away/04393.mp4
away,video,/SL/away/04397.mp4
away,video,/SL/away/65117.mp4
away,video,/SL/away/69216.mp4
awful,video,/SL/awful/04424.mp4
awful,video,/SL/awful/04425.mp4
awful,video,/SL/awful/04426.mp4
awful,video,/SL/awful/04427.mp4
awful,video,/SL/awful/04428.mp4
awful,video,/SL/awful/04429.mp4
awful,video,/SL/awful/04430.mp4
awful,video,/SL/awful/04434.mp4
awful,video,/SL/awful/65118.mp4
awkward,video,/SL/awkward/04437.mp4
awkward,video,/SL/awkward/04438.mp4
awkward,video,/SL/awkward/04439.mp4
awkward,video,/SL/awkward/04440.mp4
awkward,video,/SL/awkward/04441.mp4
awkward,video,/SL/awkward/04443.mp4
awkward,video,/SL/awkward/04446.mp4
b,video,/SL/b/06120.mp4
b,video,/SL/b/06121.mp4
b,video,/SL/b/06122.mp4
b,video,/SL/b/06124.mp4
b,video,/SL/b/66040.mp4
baby,video,/SL/baby/04505.mp4
baby,video,/SL/baby/04506.mp4
baby,video,/SL/baby/04507.mp4
baby,video,/SL/baby/04508.mp4
baby,video,/SL/baby/04509.mp4
baby,video,/SL/baby/04511.mp4
baby,video,/SL/baby/04514.mp4
baby,video,/SL/baby/65119.mp4
baby,video,/SL/baby/69217.mp4
babysitter,video,/SL/babysitter/04531.mp4
babysitter,video,/SL/babysitter/04532.mp4
babysitter,video,/SL/babysitter/04533.mp4
babysitter,video,/SL/babysitter/04537.mp4
back,video,/SL/back/04592.mp4
back,video,/SL/back/04593.mp4
back,video,/SL/back/04600.mp4
back,video,/SL/back/04601.mp4
back,video,/SL/back/04604.mp4
back,video,/SL/back/65120.mp4
back,video,/SL/back/69218.mp4
background,video,/SL/background/04580.mp4
background,video,/SL/background/04581.mp4
background,video,/SL/background/04582.mp4
background,video,/SL/background/04590.mp4
background,video,/SL/background/65122.mp4
backpack,video,/SL/backpack/04616.mp4
backpack,video,/SL/backpack/04617.mp4
backpack,video,/SL/backpack/04618.mp4
backpack,video,/SL/backpack/04619.mp4
backpack,video,/SL/backpack/04620.mp4
backpack,video,/SL/backpack/04624.mp4
backpack,video,/SL/backpack/04631.mp4
backpack,video,/SL/backpack/65123.mp4
bacon,video,/SL/bacon/04679.mp4
bacon,video,/SL/bacon/04680.mp4
bacon,video,/SL/bacon/04681.mp4
bacon,video,/SL/bacon/04682.mp4
bacon,video,/SL/bacon/04684.mp4
bacon,video,/SL/bacon/04687.mp4
bacon,video,/SL/bacon/65124.mp4
bad,video,/SL/bad/04708.mp4
bad,video,/SL/bad/04709.mp4
bad,video,/SL/bad/04712.mp4
bad,video,/SL/bad/04713.mp4
bad,video,/SL/bad/04715.mp4
bad,video,/SL/bad/04717.mp4
bad,video,/SL/bad/04718.mp4
bad,video,/SL/bad/04723.mp4
bad,video,/SL/bad/65125.mp4
bad,video,/SL/bad/69219.mp4
bake,video,/SL/bake/04768.mp4
bake,video,/SL/bake/04769.mp4
bake,video,/SL/bake/04770.mp4
bake,video,/SL/bake/04771.mp4
bake,video,/SL/bake/04772.mp4
bake,video,/SL/bake/04775.mp4
bake,video,/SL/bake/65127.mp4
bake,video,/SL/bake/65128.mp4
balance,video,/SL/balance/04795.mp4
balance,video,/SL/balance/04796.mp4
balance,video,/SL/balance/04797.mp4
balance,video,/SL/balance/04798.mp4
balance,video,/SL/balance/04799.mp4
balance,video,/SL/balance/04801.mp4
balance,video,/SL/balance/04802.mp4
balance,video,/SL/balance/04803.mp4
balance,video,/SL/balance/04806.mp4
balance,video,/SL/balance/65129.mp4
bald,video,/SL/bald/04819.mp4
bald,video,/SL/bald/04821.mp4
bald,video,/SL/bald/04823.mp4
bald,video,/SL/bald/04824.mp4
bald,video,/SL/bald/04826.mp4
bald,video,/SL/bald/04831.mp4
bald,video,/SL/bald/65130.mp4
ball,video,/SL/ball/04849.mp4
ball,video,/SL/ball/04850.mp4
ball,video,/SL/ball/04851.mp4
ball,video,/SL/ball/04852.mp4
ball,video,/SL/ball/04854.mp4
ball,video,/SL/ball/04858.mp4
ball,video,/SL/ball/04864.mp4
ball,video,/SL/ball/65131.mp4
ball,video,/SL/ball/69221.mp4
balloon,video,/SL/balloon/04867.mp4
balloon,video,/SL/balloon/04868.mp4
balloon,video,/SL/balloon/04869.mp4
balloon,video,/SL/balloon/04870.mp4
balloon,video,/SL/balloon/04872.mp4
balloon,video,/SL/balloon/04873.mp4
balloon,video,/SL/balloon/04875.mp4
balloon,video,/SL/balloon/65132.mp4
balloon,video,/SL/balloon/65133.mp4
banana,video,/SL/banana/04896.mp4
banana,video,/SL/banana/04897.mp4
banana,video,/SL/banana/04898.mp4
banana,video,/SL/banana/04899.mp4
banana,video,/SL/banana/04900.mp4
banana,video,/SL/banana/04903.mp4
banana,video,/SL/banana/04906.mp4
banana,video,/SL/banana/65134.mp4
banana,video,/SL/banana/65135.mp4
bank,video,/SL/bank/04971.mp4
bank,video,/SL/bank/04972.mp4
bank,video,/SL/bank/04974.mp4
baptize,video,/SL/baptize/05017.mp4
baptize,video,/SL/baptize/05018.mp4
baptize,video,/SL/baptize/05019.mp4
baptize,video,/SL/baptize/05020.mp4
baptize,video,/SL/baptize/05025.mp4
bar,video,/SL/bar/05086.mp4
bar,video,/SL/bar/05087.mp4
bar,video,/SL/bar/05088.mp4
bar,video,/SL/bar/05089.mp4
bar,video,/SL/bar/05090.mp4
bar,video,/SL/bar/05095.mp4
bar,video,/SL/bar/05097.mp4
bar,video,/SL/bar/05098.mp4
bar,video,/SL/bar/05102.mp4
bar,video,/SL/bar/05103.mp4
bar,video,/SL/bar/65137.mp4
barely,video,/SL/barely/05062.mp4
barely,video,/SL/barely/05063.mp4
barely,video,/SL/barely/05064.mp4
barely,video,/SL/barely/05065.mp4
barely,video,/SL/barely/05066.mp4
barely,video,/SL/barely/05067.mp4
barely,video,/SL/barely/05069.mp4
barely,video,/SL/barely/05074.mp4
barely,video,/SL/barely/65138.mp4
bark,video,/SL/bark/05107.mp4
bark,video,/SL/bark/05108.mp4
bark,video,/SL/bark/05109.mp4
bark,video,/SL/bark/05110.mp4
bark,video,/SL/bark/05113.mp4
bark,video,/SL/bark/05114.mp4
bark,video,/SL/bark/05118.mp4
bark,video,/SL/bark/65139.mp4
baseball,video,/SL/baseball/05171.mp4
baseball,video,/SL/baseball/05172.mp4
baseball,video,/SL/baseball/05175.mp4
baseball,video,/SL/baseball/05178.mp4
baseball,video,/SL/baseball/65140.mp4
baseball,video,/SL/baseball/65141.mp4
basement,video,/SL/basement/05194.mp4
basement,video,/SL/basement/05195.mp4
basement,video,/SL/basement/05196.mp4
basement,video,/SL/basement/05198.mp4
basement,video,/SL/basement/05204.mp4
basement,video,/SL/basement/65142.mp4
basic,video,/SL/basic/05216.mp4
basic,video,/SL/basic/05217.mp4
basic,video,/SL/basic/05219.mp4
basic,video,/SL/basic/65143.mp4
basketball,video,/SL/basketball/05229.mp4
basketball,video,/SL/basketball/05230.mp4
basketball,video,/SL/basketball/05231.mp4
basketball,video,/SL/basketball/05232.mp4
basketball,video,/SL/basketball/05233.mp4
basketball,video,/SL/basketball/05234.mp4
basketball,video,/SL/basketball/05238.mp4
basketball,video,/SL/basketball/05239.mp4
basketball,video,/SL/basketball/05243.mp4
basketball,video,/SL/basketball/65144.mp4
basketball,video,/SL/basketball/65145.mp4
basketball,video,/SL/basketball/69225.mp4
bath,video,/SL/bath/05275.mp4
bath,video,/SL/bath/05276.mp4
bath,video,/SL/bath/05277.mp4
bath,video,/SL/bath/05278.mp4
bath,video,/SL/bath/05280.mp4
bath,video,/SL/bath/05285.mp4
bath,video,/SL/bath/65147.mp4
bathroom,video,/SL/bathroom/05297.mp4
bathroom,video,/SL/bathroom/05298.mp4
bathroom,video,/SL/bathroom/05299.mp4
bathroom,video,/SL/bathroom/05300.mp4
bathroom,video,/SL/bathroom/05303.mp4
bathroom,video,/SL/bathroom/05310.mp4
bathroom,video,/SL/bathroom/65148.mp4
battery,video,/SL/battery/05358.mp4
battery,video,/SL/battery/05362.mp4
battery,video,/SL/battery/65149.mp4
battle,video,/SL/battle/05368.mp4
battle,video,/SL/battle/05369.mp4
battle,video,/SL/battle/05372.mp4
battle,video,/SL/battle/05374.mp4
bear,video,/SL/bear/05484.mp4
bear,video,/SL/bear/05486.mp4
bear,video,/SL/bear/05487.mp4
bear,video,/SL/bear/05489.mp4
bear,video,/SL/bear/05498.mp4
bear,video,/SL/bear/65155.mp4
bear,video,/SL/bear/69226.mp4
beard,video,/SL/beard/05467.mp4
beard,video,/SL/beard/05468.mp4
beard,video,/SL/beard/05470.mp4
beard,video,/SL/beard/05471.mp4
beard,video,/SL/beard/05472.mp4
beard,video,/SL/beard/05473.mp4
beard,video,/SL/beard/05476.mp4
beard,video,/SL/beard/05479.mp4
beard,video,/SL/beard/65156.mp4
beautiful,video,/SL/beautiful/05556.mp4
beautiful,video,/SL/beautiful/05557.mp4
beautiful,video,/SL/beautiful/05558.mp4
beautiful,video,/SL/beautiful/05559.mp4
beautiful,video,/SL/beautiful/05560.mp4
beautiful,video,/SL/beautiful/05562.mp4
beautiful,video,/SL/beautiful/05565.mp4
because,video,/SL/because/05596.mp4
because,video,/SL/because/05598.mp4
because,video,/SL/because/05599.mp4
because,video,/SL/because/05600.mp4
because,video,/SL/because/05601.mp4
because,video,/SL/because/05603.mp4
because,video,/SL/because/05605.mp4
because,video,/SL/because/05606.mp4
because,video,/SL/because/05609.mp4
because,video,/SL/because/65158.mp4
because,video,/SL/because/65159.mp4
become,video,/SL/become/05616.mp4
become,video,/SL/become/05617.mp4
become,video,/SL/become/05618.mp4
become,video,/SL/become/05619.mp4
become,video,/SL/become/05622.mp4
become,video,/SL/become/65160.mp4
bed,video,/SL/bed/05629.mp4
bed,video,/SL/bed/05630.mp4
bed,video,/SL/bed/05631.mp4
bed,video,/SL/bed/05632.mp4
bed,video,/SL/bed/05633.mp4
bed,video,/SL/bed/05634.mp4
bed,video,/SL/bed/05636.mp4
bed,video,/SL/bed/05637.mp4
bed,video,/SL/bed/05638.mp4
bed,video,/SL/bed/05644.mp4
bed,video,/SL/bed/65161.mp4
bed,video,/SL/bed/65162.mp4
bed,video,/SL/bed/65163.mp4
bedroom,video,/SL/bedroom/05652.mp4
bedroom,video,/SL/bedroom/05653.mp4
bedroom,video,/SL/bedroom/05654.mp4
bedroom,video,/SL/bedroom/05656.mp4
bedroom,video,/SL/bedroom/05661.mp4
bedroom,video,/SL/bedroom/65164.mp4
bee,video,/SL/bee/05680.mp4
bee,video,/SL/bee/05681.mp4
bee,video,/SL/bee/05682.mp4
bee,video,/SL/bee/05685.mp4
bee,video,/SL/bee/05688.mp4
bee,video,/SL/bee/65165.mp4
beer,video,/SL/beer/05705.mp4
beer,video,/SL/beer/05706.mp4
beer,video,/SL/beer/05707.mp4
beer,video,/SL/beer/05708.mp4
beer,video,/SL/beer/05709.mp4
beer,video,/SL/beer/05712.mp4
beer,video,/SL/beer/05715.mp4
beer,video,/SL/beer/65166.mp4
before,video,/SL/before/05727.mp4
before,video,/SL/before/05728.mp4
before,video,/SL/before/05729.mp4
before,video,/SL/before/05730.mp4
before,video,/SL/before/05731.mp4
before,video,/SL/before/05732.mp4
before,video,/SL/before/05733.mp4
before,video,/SL/before/05734.mp4
before,video,/SL/before/05739.mp4
before,video,/SL/before/05740.mp4
before,video,/SL/before/05741.mp4
before,video,/SL/before/05742.mp4
before,video,/SL/before/05743.mp4
before,video,/SL/before/05749.mp4
before,video,/SL/before/05750.mp4
before,video,/SL/before/65167.mp4
beg,video,/SL/beg/05759.mp4
beg,video,/SL/beg/05762.mp4
beg,video,/SL/beg/05763.mp4
beg,video,/SL/beg/05767.mp4
beg,video,/SL/beg/65168.mp4
beginning,video,/SL/beginning/05778.mp4
beginning,video,/SL/beginning/05779.mp4
beginning,video,/SL/beginning/05780.mp4
beginning,video,/SL/beginning/05781.mp4
beginning,video,/SL/beginning/05782.mp4
beginning,video,/SL/beginning/05783.mp4
beginning,video,/SL/beginning/05784.mp4
behavior,video,/SL/behavior/05792.mp4
behavior,video,/SL/behavior/05793.mp4
behavior,video,/SL/behavior/05794.mp4
behavior,video,/SL/behavior/05795.mp4
behavior,video,/SL/behavior/05796.mp4
behavior,video,/SL/behavior/05798.mp4
behind,video,/SL/behind/05803.mp4
behind,video,/SL/behind/05804.mp4
behind,video,/SL/behind/05805.mp4
behind,video,/SL/behind/05806.mp4
behind,video,/SL/behind/05808.mp4
behind,video,/SL/behind/05816.mp4
behind,video,/SL/behind/65169.mp4
belief,video,/SL/belief/05844.mp4
belief,video,/SL/belief/05845.mp4
belief,video,/SL/belief/05846.mp4
belief,video,/SL/belief/05847.mp4
belief,video,/SL/belief/05848.mp4
belief,video,/SL/belief/05849.mp4
belief,video,/SL/belief/05851.mp4
believe,video,/SL/believe/05853.mp4
believe,video,/SL/believe/05854.mp4
believe,video,/SL/believe/05855.mp4
believe,video,/SL/believe/05856.mp4
believe,video,/SL/believe/05858.mp4
believe,video,/SL/believe/65170.mp4
believe,video,/SL/believe/65171.mp4
bell,video,/SL/bell/05873.mp4
bell,video,/SL/bell/05874.mp4
bell,video,/SL/bell/05875.mp4
bell,video,/SL/bell/05877.mp4
bell,video,/SL/bell/05878.mp4
bell,video,/SL/bell/05881.mp4
below,video,/SL/below/05911.mp4
below,video,/SL/below/05912.mp4
below,video,/SL/below/05913.mp4
below,video,/SL/below/05915.mp4
below,video,/SL/below/05917.mp4
below,video,/SL/below/05920.mp4
belt,video,/SL/belt/05923.mp4
belt,video,/SL/belt/05924.mp4
belt,video,/SL/belt/05925.mp4
belt,video,/SL/belt/05926.mp4
belt,video,/SL/belt/05928.mp4
belt,video,/SL/belt/05931.mp4
belt,video,/SL/belt/65173.mp4
benefit,video,/SL/benefit/05960.mp4
benefit,video,/SL/benefit/05961.mp4
benefit,video,/SL/benefit/05962.mp4
benefit,video,/SL/benefit/05964.mp4
benefit,video,/SL/benefit/05965.mp4
benefit,video,/SL/benefit/05967.mp4
benefit,video,/SL/benefit/65175.mp4
berry,video,/SL/berry/05987.mp4
berry,video,/SL/berry/05988.mp4
berry,video,/SL/berry/05989.mp4
berry,video,/SL/berry/05992.mp4
berry,video,/SL/berry/65176.mp4
beside,video,/SL/beside/05998.mp4
beside,video,/SL/beside/05999.mp4
beside,video,/SL/beside/06001.mp4
beside,video,/SL/beside/06002.mp4
beside,video,/SL/beside/06007.mp4
best,video,/SL/best/06021.mp4
best,video,/SL/best/06022.mp4
best,video,/SL/best/06023.mp4
best,video,/SL/best/06025.mp4
best,video,/SL/best/06029.mp4
bet,video,/SL/bet/06045.mp4
bet,video,/SL/bet/06046.mp4
bet,video,/SL/bet/06047.mp4
bet,video,/SL/bet/06049.mp4
bet,video,/SL/bet/06052.mp4
bet,video,/SL/bet/69230.mp4
better,video,/SL/better/06066.mp4
better,video,/SL/better/06067.mp4
better,video,/SL/better/06069.mp4
better,video,/SL/better/06075.mp4
better,video,/SL/better/65179.mp4
between,video,/SL/between/06081.mp4
between,video,/SL/between/06082.mp4
between,video,/SL/between/06083.mp4
between,video,/SL/between/06085.mp4
between,video,/SL/between/06087.mp4
between,video,/SL/between/65180.mp4
bible,video,/SL/bible/06137.mp4
bible,video,/SL/bible/06138.mp4
bible,video,/SL/bible/06139.mp4
bible,video,/SL/bible/06140.mp4
bible,video,/SL/bible/06146.mp4
bicycle,video,/SL/bicycle/06159.mp4
bicycle,video,/SL/bicycle/06160.mp4
bicycle,video,/SL/bicycle/06161.mp4
bicycle,video,/SL/bicycle/06162.mp4
bicycle,video,/SL/bicycle/06163.mp4
bicycle,video,/SL/bicycle/06165.mp4
bicycle,video,/SL/bicycle/65181.mp4
big,video,/SL/big/06192.mp4
big,video,/SL/big/06193.mp4
big,video,/SL/big/06194.mp4
big,video,/SL/big/06195.mp4
big,video,/SL/big/06196.mp4
big,video,/SL/big/06199.mp4
big,video,/SL/big/06200.mp4
big,video,/SL/big/06202.mp4
big,video,/SL/big/65182.mp4
big,video,/SL/big/65183.mp4
big,video,/SL/big/69231.mp4
bike,video,/SL/bike/06214.mp4
bike,video,/SL/bike/06215.mp4
bike,video,/SL/bike/06216.mp4
bike,video,/SL/bike/06218.mp4
binoculars,video,/SL/binoculars/06299.mp4
binoculars,video,/SL/binoculars/06300.mp4
binoculars,video,/SL/binoculars/06302.mp4
binoculars,video,/SL/binoculars/65185.mp4
biology,video,/SL/biology/06313.mp4
biology,video,/SL/biology/06314.mp4
biology,video,/SL/biology/06315.mp4
biology,video,/SL/biology/06317.mp4
biology,video,/SL/biology/06319.mp4
biology,video,/SL/biology/65186.mp4
bird,video,/SL/bird/06330.mp4
bird,video,/SL/bird/06331.mp4
bird,video,/SL/bird/06332.mp4
bird,video,/SL/bird/06333.mp4
bird,video,/SL/bird/06334.mp4
bird,video,/SL/bird/06335.mp4
bird,video,/SL/bird/06337.mp4
bird,video,/SL/bird/06343.mp4
bird,video,/SL/bird/65187.mp4
bird,video,/SL/bird/69233.mp4
birth,video,/SL/birth/06372.mp4
birth,video,/SL/birth/06373.mp4
birth,video,/SL/birth/06375.mp4
birth,video,/SL/birth/06379.mp4
birth,video,/SL/birth/65189.mp4
birth,video,/SL/birth/65190.mp4
birthday,video,/SL/birthday/06359.mp4
birthday,video,/SL/birthday/06360.mp4
birthday,video,/SL/birthday/06363.mp4
birthday,video,/SL/birthday/06365.mp4
birthday,video,/SL/birthday/06371.mp4
birthday,video,/SL/birthday/65192.mp4
bite,video,/SL/bite/06409.mp4
bite,video,/SL/bite/06410.mp4
bite,video,/SL/bite/06411.mp4
bite,video,/SL/bite/06412.mp4
bite,video,/SL/bite/06413.mp4
bite,video,/SL/bite/06414.mp4
bite,video,/SL/bite/06419.mp4
bite,video,/SL/bite/65199.mp4
bitter,video,/SL/bitter/06428.mp4
bitter,video,/SL/bitter/06429.mp4
bitter,video,/SL/bitter/06430.mp4
bitter,video,/SL/bitter/06431.mp4
bitter,video,/SL/bitter/06432.mp4
bitter,video,/SL/bitter/06433.mp4
bitter,video,/SL/bitter/06435.mp4
bitter,video,/SL/bitter/06436.mp4
bitter,video,/SL/bitter/06439.mp4
black,video,/SL/black/06471.mp4
black,video,/SL/black/06472.mp4
black,video,/SL/black/06473.mp4
black,video,/SL/black/06474.mp4
black,video,/SL/black/06476.mp4
black,video,/SL/black/06477.mp4
black,video,/SL/black/06478.mp4
black,video,/SL/black/06486.mp4
black,video,/SL/black/65200.mp4
black,video,/SL/black/69236.mp4
blame,video,/SL/blame/06528.mp4
blame,video,/SL/blame/06529.mp4
blame,video,/SL/blame/06532.mp4
blame,video,/SL/blame/06533.mp4
blame,video,/SL/blame/06536.mp4
blame,video,/SL/blame/65202.mp4
blanket,video,/SL/blanket/06551.mp4
blanket,video,/SL/blanket/06552.mp4
blanket,video,/SL/blanket/06553.mp4
blanket,video,/SL/blanket/06554.mp4
blanket,video,/SL/blanket/06555.mp4
blanket,video,/SL/blanket/06558.mp4
blanket,video,/SL/blanket/06559.mp4
blanket,video,/SL/blanket/06563.mp4
blanket,video,/SL/blanket/65204.mp4
blanket,video,/SL/blanket/65205.mp4
blend,video,/SL/blend/06613.mp4
blend,video,/SL/blend/06614.mp4
blend,video,/SL/blend/06615.mp4
blend,video,/SL/blend/06618.mp4
blend,video,/SL/blend/06620.mp4
bless,video,/SL/bless/06625.mp4
bless,video,/SL/bless/06626.mp4
bless,video,/SL/bless/06628.mp4
bless,video,/SL/bless/06629.mp4
bless,video,/SL/bless/06631.mp4
bless,video,/SL/bless/65206.mp4
blind,video,/SL/blind/06649.mp4
blind,video,/SL/blind/06650.mp4
blind,video,/SL/blind/06651.mp4
blind,video,/SL/blind/06652.mp4
blind,video,/SL/blind/06654.mp4
blind,video,/SL/blind/06655.mp4
blind,video,/SL/blind/06658.mp4
blind,video,/SL/blind/65209.mp4
blood,video,/SL/blood/06733.mp4
blood,video,/SL/blood/06734.mp4
blood,video,/SL/blood/06736.mp4
blood,video,/SL/blood/06738.mp4
blood,video,/SL/blood/65212.mp4
blow,video,/SL/blow/06787.mp4
blow,video,/SL/blow/06788.mp4
blow,video,/SL/blow/06789.mp4
blow,video,/SL/blow/06792.mp4
blow,video,/SL/blow/06794.mp4
blue,video,/SL/blue/06832.mp4
blue,video,/SL/blue/06833.mp4
blue,video,/SL/blue/06834.mp4
blue,video,/SL/blue/06835.mp4
blue,video,/SL/blue/06839.mp4
blue,video,/SL/blue/06845.mp4
blue,video,/SL/blue/65216.mp4
blue,video,/SL/blue/69238.mp4
boast,video,/SL/boast/06922.mp4
boast,video,/SL/boast/06923.mp4
boast,video,/SL/boast/06925.mp4
boast,video,/SL/boast/06928.mp4
boat,video,/SL/boat/06930.mp4
boat,video,/SL/boat/06931.mp4
boat,video,/SL/boat/06932.mp4
boat,video,/SL/boat/06933.mp4
boat,video,/SL/boat/06935.mp4
boat,video,/SL/boat/06937.mp4
boat,video,/SL/boat/65221.mp4
boat,video,/SL/boat/69239.mp4
body,video,/SL/body/06948.mp4
body,video,/SL/body/06949.mp4
body,video,/SL/body/06951.mp4
body,video,/SL/body/06954.mp4
body,video,/SL/body/65222.mp4
body,video,/SL/body/69240.mp4
boil,video,/SL/boil/06968.mp4
boil,video,/SL/boil/06969.mp4
boil,video,/SL/boil/06972.mp4
boil,video,/SL/boil/06976.mp4
bone,video,/SL/bone/07033.mp4
bone,video,/SL/bone/07035.mp4
bone,video,/SL/bone/07036.mp4
bone,video,/SL/bone/07038.mp4
bone,video,/SL/bone/65224.mp4
book,video,/SL/book/07068.mp4
book,video,/SL/book/07069.mp4
book,video,/SL/book/07070.mp4
book,video,/SL/book/07074.mp4
book,video,/SL/book/07099.mp4
book,video,/SL/book/69241.mp4
bookshelf,video,/SL/bookshelf/07113.mp4
bookshelf,video,/SL/bookshelf/07118.mp4
bookshelf,video,/SL/bookshelf/07121.mp4
bookstore,video,/SL/bookstore/07127.mp4
bookstore,video,/SL/bookstore/07128.mp4
bookstore,video,/SL/bookstore/07130.mp4
bookstore,video,/SL/bookstore/07131.mp4
boots,video,/SL/boots/07163.mp4
boots,video,/SL/boots/07173.mp4
boots,video,/SL/boots/65226.mp4
bored,video,/SL/bored/07191.mp4
bored,video,/SL/bored/07192.mp4
bored,video,/SL/bored/07196.mp4
bored,video,/SL/bored/07197.mp4
bored,video,/SL/bored/07198.mp4
bored,video,/SL/bored/07203.mp4
bored,video,/SL/bored/65229.mp4
borrow,video,/SL/borrow/07227.mp4
borrow,video,/SL/borrow/07228.mp4
borrow,video,/SL/borrow/07230.mp4
borrow,video,/SL/borrow/07231.mp4
borrow,video,/SL/borrow/07234.mp4
borrow,video,/SL/borrow/65230.mp4
boss,video,/SL/boss/07237.mp4
boss,video,/SL/boss/07238.mp4
boss,video,/SL/boss/07239.mp4
boss,video,/SL/boss/07243.mp4
boss,video,/SL/boss/07245.mp4
boss,video,/SL/boss/07247.mp4
boss,video,/SL/boss/65231.mp4
both,video,/SL/both/07271.mp4
both,video,/SL/both/07272.mp4
both,video,/SL/both/07273.mp4
both,video,/SL/both/07274.mp4
both,video,/SL/both/07277.mp4
both,video,/SL/both/65233.mp4
both,video,/SL/both/69242.mp4
bother,video,/SL/bother/07260.mp4
bother,video,/SL/bother/07261.mp4
bother,video,/SL/bother/07262.mp4
bother,video,/SL/bother/07263.mp4
bother,video,/SL/bother/07264.mp4
bother,video,/SL/bother/07265.mp4
bother,video,/SL/bother/07266.mp4
bother,video,/SL/bother/07269.mp4
bother,video,/SL/bother/65234.mp4
bottle,video,/SL/bottle/07286.mp4
bottle,video,/SL/bottle/07287.mp4
bottle,video,/SL/bottle/07288.mp4
bottle,video,/SL/bottle/07289.mp4
bottle,video,/SL/bottle/07290.mp4
bottle,video,/SL/bottle/07292.mp4
bottle,video,/SL/bottle/65235.mp4
bottle,video,/SL/bottle/69243.mp4
bottom,video,/SL/bottom/07297.mp4
bottom,video,/SL/bottom/07298.mp4
bottom,video,/SL/bottom/07299.mp4
bottom,video,/SL/bottom/07300.mp4
bottom,video,/SL/bottom/07301.mp4
bottom,video,/SL/bottom/07302.mp4
bottom,video,/SL/bottom/07303.mp4
bottom,video,/SL/bottom/07304.mp4
bottom,video,/SL/bottom/07309.mp4
bowl,video,/SL/bowl/07371.mp4
bowl,video,/SL/bowl/07372.mp4
bowl,video,/SL/bowl/07373.mp4
bowl,video,/SL/bowl/07375.mp4
bowl,video,/SL/bowl/07382.mp4
bowl,video,/SL/bowl/65240.mp4
bowling,video,/SL/bowling/07388.mp4
bowling,video,/SL/bowling/07389.mp4
bowling,video,/SL/bowling/07390.mp4
bowling,video,/SL/bowling/07391.mp4
bowling,video,/SL/bowling/07392.mp4
bowling,video,/SL/bowling/07393.mp4
bowling,video,/SL/bowling/07394.mp4
bowling,video,/SL/bowling/07397.mp4
bowling,video,/SL/bowling/07398.mp4
bowling,video,/SL/bowling/07399.mp4
bowling,video,/SL/bowling/07400.mp4
bowling,video,/SL/bowling/65241.mp4
bowling,video,/SL/bowling/65242.mp4
box,video,/SL/box/07417.mp4
box,video,/SL/box/07418.mp4
box,video,/SL/box/07419.mp4
box,video,/SL/box/07420.mp4
box,video,/SL/box/07421.mp4
box,video,/SL/box/07424.mp4
box,video,/SL/box/65244.mp4
box,video,/SL/box/69244.mp4
boxing,video,/SL/boxing/07430.mp4
boxing,video,/SL/boxing/07431.mp4
boxing,video,/SL/boxing/07432.mp4
boxing,video,/SL/boxing/07433.mp4
boxing,video,/SL/boxing/07435.mp4
boy,video,/SL/boy/07452.mp4
boy,video,/SL/boy/07453.mp4
boy,video,/SL/boy/07454.mp4
boy,video,/SL/boy/07455.mp4
boy,video,/SL/boy/07458.mp4
boy,video,/SL/boy/07462.mp4
boy,video,/SL/boy/65245.mp4
boy,video,/SL/boy/69245.mp4
boyfriend,video,/SL/boyfriend/07440.mp4
boyfriend,video,/SL/boyfriend/07441.mp4
boyfriend,video,/SL/boyfriend/07443.mp4
boyfriend,video,/SL/boyfriend/07445.mp4
boyfriend,video,/SL/boyfriend/07451.mp4
bra,video,/SL/bra/07499.mp4
bra,video,/SL/bra/07500.mp4
bra,video,/SL/bra/07502.mp4
bra,video,/SL/bra/65246.mp4
bracelet,video,/SL/bracelet/07470.mp4
bracelet,video,/SL/bracelet/07471.mp4
bracelet,video,/SL/bracelet/07472.mp4
bracelet,video,/SL/bracelet/07473.mp4
bracelet,video,/SL/bracelet/07475.mp4
bracelet,video,/SL/bracelet/07479.mp4
bracelet,video,/SL/bracelet/65247.mp4
brag,video,/SL/brag/07492.mp4
brag,video,/SL/brag/07493.mp4
brag,video,/SL/brag/07495.mp4
brag,video,/SL/brag/07498.mp4
brag,video,/SL/brag/65248.mp4
brag,video,/SL/brag/65249.mp4
braid,video,/SL/braid/07506.mp4
braid,video,/SL/braid/07509.mp4
braid,video,/SL/braid/07510.mp4
braid,video,/SL/braid/07515.mp4
brain,video,/SL/brain/07527.mp4
brain,video,/SL/brain/07528.mp4
brain,video,/SL/brain/07530.mp4
brain,video,/SL/brain/07532.mp4
brave,video,/SL/brave/07575.mp4
brave,video,/SL/brave/07576.mp4
brave,video,/SL/brave/07578.mp4
brave,video,/SL/brave/07580.mp4
brave,video,/SL/brave/65251.mp4
bread,video,/SL/bread/07595.mp4
bread,video,/SL/bread/07596.mp4
bread,video,/SL/bread/07597.mp4
bread,video,/SL/bread/07598.mp4
bread,video,/SL/bread/07600.mp4
bread,video,/SL/bread/07601.mp4
bread,video,/SL/bread/07604.mp4
break,video,/SL/break/07632.mp4
break,video,/SL/break/07634.mp4
break,video,/SL/break/07637.mp4
break,video,/SL/break/07642.mp4
break,video,/SL/break/65252.mp4
breakdown,video,/SL/breakdown/07612.mp4
breakdown,video,/SL/breakdown/07613.mp4
breakdown,video,/SL/breakdown/07618.mp4
breakdown,video,/SL/breakdown/65253.mp4
breakfast,video,/SL/breakfast/07624.mp4
breakfast,video,/SL/breakfast/07625.mp4
breakfast,video,/SL/breakfast/07626.mp4
breakfast,video,/SL/breakfast/07628.mp4
breakfast,video,/SL/breakfast/07630.mp4
breathe,video,/SL/breathe/07676.mp4
breathe,video,/SL/breathe/07677.mp4
breathe,video,/SL/breathe/07678.mp4
breathe,video,/SL/breathe/07680.mp4
breathe,video,/SL/breathe/07682.mp4
breathe,video,/SL/breathe/65256.mp4
breeze,video,/SL/breeze/07699.mp4
breeze,video,/SL/breeze/07702.mp4
breeze,video,/SL/breeze/07703.mp4
breeze,video,/SL/breeze/07706.mp4
bribe,video,/SL/bribe/07716.mp4
bribe,video,/SL/bribe/07717.mp4
bribe,video,/SL/bribe/07718.mp4
bribe,video,/SL/bribe/07721.mp4
bridge,video,/SL/bridge/07751.mp4
bridge,video,/SL/bridge/07753.mp4
bridge,video,/SL/bridge/07757.mp4
bridge,video,/SL/bridge/65259.mp4
brief,video,/SL/brief/07765.mp4
brief,video,/SL/brief/07766.mp4
brief,video,/SL/brief/07767.mp4
brief,video,/SL/brief/07769.mp4
brief,video,/SL/brief/07772.mp4
bright,video,/SL/bright/07779.mp4
bright,video,/SL/bright/07780.mp4
bright,video,/SL/bright/07781.mp4
bright,video,/SL/bright/07782.mp4
bright,video,/SL/bright/07787.mp4
bright,video,/SL/bright/07791.mp4
bring,video,/SL/bring/07806.mp4
bring,video,/SL/bring/07807.mp4
bring,video,/SL/bring/07808.mp4
bring,video,/SL/bring/07810.mp4
bring,video,/SL/bring/07811.mp4
bring,video,/SL/bring/07815.mp4
bring,video,/SL/bring/65260.mp4
bring,video,/SL/bring/69250.mp4
brochure,video,/SL/brochure/07861.mp4
brochure,video,/SL/brochure/07862.mp4
brochure,video,/SL/brochure/07864.mp4
brochure,video,/SL/brochure/07866.mp4
broke,video,/SL/broke/07872.mp4
broke,video,/SL/broke/07873.mp4
broke,video,/SL/broke/07875.mp4
broke,video,/SL/broke/07879.mp4
broke,video,/SL/broke/07886.mp4
brother,video,/SL/brother/07932.mp4
brother,video,/SL/brother/07933.mp4
brother,video,/SL/brother/07934.mp4
brother,video,/SL/brother/07935.mp4
brother,video,/SL/brother/07936.mp4
brother,video,/SL/brother/07937.mp4
brother,video,/SL/brother/07938.mp4
brother,video,/SL/brother/07940.mp4
brother,video,/SL/brother/07943.mp4
brother,video,/SL/brother/65262.mp4
brother,video,/SL/brother/69251.mp4
brown,video,/SL/brown/07960.mp4
brown,video,/SL/brown/07961.mp4
brown,video,/SL/brown/07962.mp4
brown,video,/SL/brown/07963.mp4
brown,video,/SL/brown/07966.mp4
brown,video,/SL/brown/07973.mp4
brown,video,/SL/brown/65263.mp4
brown,video,/SL/brown/69252.mp4
brush,video,/SL/brush/08000.mp4
brush,video,/SL/brush/08001.mp4
brush,video,/SL/brush/08002.mp4
brush,video,/SL/brush/08005.mp4
brush,video,/SL/brush/08006.mp4
brush,video,/SL/brush/08012.mp4
brush,video,/SL/brush/65264.mp4
brush,video,/SL/brush/65265.mp4
buffalo,video,/SL/buffalo/08087.mp4
buffalo,video,/SL/buffalo/08088.mp4
buffalo,video,/SL/buffalo/08089.mp4
buffalo,video,/SL/buffalo/08093.mp4
buffalo,video,/SL/buffalo/08095.mp4
bug,video,/SL/bug/08107.mp4
bug,video,/SL/bug/08109.mp4
bug,video,/SL/bug/08111.mp4
bug,video,/SL/bug/08114.mp4
bug,video,/SL/bug/65267.mp4
build,video,/SL/build/08119.mp4
build,video,/SL/build/08120.mp4
build,video,/SL/build/08121.mp4
build,video,/SL/build/08123.mp4
build,video,/SL/build/08127.mp4
build,video,/SL/build/65268.mp4
building,video,/SL/building/08130.mp4
building,video,/SL/building/08131.mp4
building,video,/SL/building/08132.mp4
building,video,/SL/building/08134.mp4
building,video,/SL/building/08135.mp4
building,video,/SL/building/65269.mp4
bull,video,/SL/bull/08166.mp4
bull,video,/SL/bull/08167.mp4
bull,video,/SL/bull/08168.mp4
bull,video,/SL/bull/08170.mp4
bull,video,/SL/bull/08174.mp4
bully,video,/SL/bully/08179.mp4
bully,video,/SL/bully/08180.mp4
bully,video,/SL/bully/08182.mp4
bully,video,/SL/bully/08183.mp4
bully,video,/SL/bully/08185.mp4
bully,video,/SL/bully/08187.mp4
burp,video,/SL/burp/08302.mp4
burp,video,/SL/burp/08303.mp4
burp,video,/SL/burp/08305.mp4
burp,video,/SL/burp/08308.mp4
bus,video,/SL/bus/08346.mp4
bus,video,/SL/bus/08347.mp4
bus,video,/SL/bus/08349.mp4
bus,video,/SL/bus/08352.mp4
bus,video,/SL/bus/08355.mp4
bush,video,/SL/bush/08338.mp4
bush,video,/SL/bush/08339.mp4
bush,video,/SL/bush/08340.mp4
bush,video,/SL/bush/08341.mp4
bush,video,/SL/bush/08343.mp4
bush,video,/SL/bush/08345.mp4
business,video,/SL/business/08368.mp4
business,video,/SL/business/08369.mp4
business,video,/SL/business/08370.mp4
business,video,/SL/business/08372.mp4
business,video,/SL/business/08373.mp4
business,video,/SL/business/08379.mp4
business,video,/SL/business/65275.mp4
busy,video,/SL/busy/08411.mp4
busy,video,/SL/busy/08412.mp4
busy,video,/SL/busy/08417.mp4
busy,video,/SL/busy/08420.mp4
busy,video,/SL/busy/65277.mp4
but,video,/SL/but/08424.mp4
but,video,/SL/but/08425.mp4
but,video,/SL/but/08426.mp4
but,video,/SL/but/08429.mp4
but,video,/SL/but/08431.mp4
but,video,/SL/but/08437.mp4
but,video,/SL/but/65278.mp4
butter,video,/SL/butter/08448.mp4
butter,video,/SL/butter/08449.mp4
butter,video,/SL/butter/08450.mp4
butter,video,/SL/butter/08452.mp4
butter,video,/SL/butter/08455.mp4
butter,video,/SL/butter/65279.mp4
butterfly,video,/SL/butterfly/08442.mp4
butterfly,video,/SL/butterfly/08443.mp4
butterfly,video,/SL/butterfly/08445.mp4
butterfly,video,/SL/butterfly/08447.mp4
butterfly,video,/SL/butterfly/65280.mp4
button,video,/SL/button/08468.mp4
button,video,/SL/button/08470.mp4
button,video,/SL/button/08472.mp4
button,video,/SL/button/08474.mp4
button,video,/SL/button/65281.mp4
buy,video,/SL/buy/08482.mp4
buy,video,/SL/buy/08483.mp4
buy,video,/SL/buy/08484.mp4
buy,video,/SL/buy/08485.mp4
buy,video,/SL/buy/08486.mp4
buy,video,/SL/buy/08488.mp4
buy,video,/SL/buy/08492.mp4
buy,video,/SL/buy/65282.mp4
buy,video,/SL/buy/69255.mp4
bye,video,/SL/bye/08510.mp4
bye,video,/SL/bye/08512.mp4
bye,video,/SL/bye/08514.mp4
bye,video,/SL/bye/08515.mp4
bye,video,/SL/bye/08517.mp4
cabbage,video,/SL/cabbage/08533.mp4
cabbage,video,/SL/cabbage/08534.mp4
cabbage,video,/SL/cabbage/08535.mp4
cabbage,video,/SL/cabbage/08536.mp4
cabbage,video,/SL/cabbage/08538.mp4
cabinet,video,/SL/cabinet/08543.mp4
cabinet,video,/SL/cabinet/08544.mp4
cabinet,video,/SL/cabinet/08545.mp4
cabinet,video,/SL/cabinet/08546.mp4
cabinet,video,/SL/cabinet/08547.mp4
cafeteria,video,/SL/cafeteria/08587.mp4
cafeteria,video,/SL/cafeteria/08588.mp4
cafeteria,video,/SL/cafeteria/08589.mp4
cafeteria,video,/SL/cafeteria/08590.mp4
cafeteria,video,/SL/cafeteria/08592.mp4
cafeteria,video,/SL/cafeteria/08593.mp4
cafeteria,video,/SL/cafeteria/08595.mp4
cafeteria,video,/SL/cafeteria/65284.mp4
cake,video,/SL/cake/08612.mp4
cake,video,/SL/cake/08613.mp4
cake,video,/SL/cake/08614.mp4
cake,video,/SL/cake/08618.mp4
cake,video,/SL/cake/08621.mp4
cake,video,/SL/cake/65285.mp4
cake,video,/SL/cake/65286.mp4
cake,video,/SL/cake/69256.mp4
calculate,video,/SL/calculate/08624.mp4
calculate,video,/SL/calculate/08625.mp4
calculate,video,/SL/calculate/08626.mp4
calculate,video,/SL/calculate/08627.mp4
calculate,video,/SL/calculate/08628.mp4
calculate,video,/SL/calculate/08631.mp4
calculate,video,/SL/calculate/08633.mp4
calculator,video,/SL/calculator/08635.mp4
calculator,video,/SL/calculator/08636.mp4
calculator,video,/SL/calculator/08637.mp4
calculator,video,/SL/calculator/08639.mp4
calculator,video,/SL/calculator/08641.mp4
calculus,video,/SL/calculus/08643.mp4
calculus,video,/SL/calculus/08644.mp4
calculus,video,/SL/calculus/08645.mp4
calculus,video,/SL/calculus/08647.mp4
calculus,video,/SL/calculus/08649.mp4
california,video,/SL/california/08670.mp4
california,video,/SL/california/08671.mp4
california,video,/SL/california/08672.mp4
california,video,/SL/california/08673.mp4
california,video,/SL/california/08674.mp4
california,video,/SL/california/08676.mp4
california,video,/SL/california/08677.mp4
california,video,/SL/california/08680.mp4
california,video,/SL/california/65289.mp4
call,video,/SL/call/08689.mp4
call,video,/SL/call/08690.mp4
call,video,/SL/call/08691.mp4
call,video,/SL/call/08692.mp4
call,video,/SL/call/08694.mp4
call,video,/SL/call/08701.mp4
call,video,/SL/call/08702.mp4
call,video,/SL/call/08706.mp4
call,video,/SL/call/08707.mp4
call,video,/SL/call/08713.mp4
call,video,/SL/call/65290.mp4
call,video,/SL/call/65556.mp4
calm,video,/SL/calm/08745.mp4
calm,video,/SL/calm/08746.mp4
calm,video,/SL/calm/08747.mp4
calm,video,/SL/calm/08748.mp4
calm,video,/SL/calm/08749.mp4
calm,video,/SL/calm/08752.mp4
calm,video,/SL/calm/08755.mp4
camel,video,/SL/camel/08772.mp4
camel,video,/SL/camel/08773.mp4
camel,video,/SL/camel/08774.mp4
camel,video,/SL/camel/08780.mp4
camera,video,/SL/camera/08783.mp4
camera,video,/SL/camera/08784.mp4
camera,video,/SL/camera/08786.mp4
camera,video,/SL/camera/08791.mp4
camera,video,/SL/camera/65292.mp4
camp,video,/SL/camp/08817.mp4
camp,video,/SL/camp/08818.mp4
camp,video,/SL/camp/08819.mp4
camp,video,/SL/camp/08820.mp4
camp,video,/SL/camp/08823.mp4
camping,video,/SL/camping/08824.mp4
camping,video,/SL/camping/08825.mp4
camping,video,/SL/camping/08827.mp4
camping,video,/SL/camping/08830.mp4
camping,video,/SL/camping/65293.mp4
can,video,/SL/can/08935.mp4
can,video,/SL/can/08936.mp4
can,video,/SL/can/08937.mp4
can,video,/SL/can/08938.mp4
can,video,/SL/can/08942.mp4
can,video,/SL/can/08944.mp4
can,video,/SL/can/08955.mp4
can,video,/SL/can/65294.mp4
can,video,/SL/can/69257.mp4
canada,video,/SL/canada/08841.mp4
canada,video,/SL/canada/08842.mp4
canada,video,/SL/canada/08843.mp4
canada,video,/SL/canada/08844.mp4
canada,video,/SL/canada/08846.mp4
canada,video,/SL/canada/08849.mp4
canada,video,/SL/canada/65295.mp4
cancel,video,/SL/cancel/08859.mp4
cancel,video,/SL/cancel/08860.mp4
cancel,video,/SL/cancel/08861.mp4
cancel,video,/SL/cancel/08862.mp4
cancel,video,/SL/cancel/08863.mp4
cancel,video,/SL/cancel/08865.mp4
cancel,video,/SL/cancel/08866.mp4
cancel,video,/SL/cancel/08868.mp4
candidate,video,/SL/candidate/08889.mp4
candidate,video,/SL/candidate/08890.mp4
candidate,video,/SL/candidate/08891.mp4
candidate,video,/SL/candidate/08893.mp4
candidate,video,/SL/candidate/08894.mp4
candle,video,/SL/candle/08898.mp4
candle,video,/SL/candle/08899.mp4
candle,video,/SL/candle/08900.mp4
candle,video,/SL/candle/08902.mp4
candle,video,/SL/candle/08905.mp4
candle,video,/SL/candle/65297.mp4
candy,video,/SL/candy/08915.mp4
candy,video,/SL/candy/08916.mp4
candy,video,/SL/candy/08917.mp4
candy,video,/SL/candy/08918.mp4
candy,video,/SL/candy/08919.mp4
candy,video,/SL/candy/08920.mp4
candy,video,/SL/candy/08921.mp4
candy,video,/SL/candy/08924.mp4
candy,video,/SL/candy/08925.mp4
candy,video,/SL/candy/08929.mp4
candy,video,/SL/candy/65298.mp4
candy,video,/SL/candy/65299.mp4
candy,video,/SL/candy/65300.mp4
cannot,video,/SL/cannot/08967.mp4
cannot,video,/SL/cannot/08968.mp4
cannot,video,/SL/cannot/08970.mp4
cannot,video,/SL/cannot/08972.mp4
cannot,video,/SL/cannot/08974.mp4
cannot,video,/SL/cannot/65301.mp4
canoe,video,/SL/canoe/08979.mp4
canoe,video,/SL/canoe/08980.mp4
canoe,video,/SL/canoe/08983.mp4
canoe,video,/SL/canoe/08985.mp4
captain,video,/SL/captain/09078.mp4
captain,video,/SL/captain/09081.mp4
captain,video,/SL/captain/09085.mp4
caption,video,/SL/caption/09087.mp4
caption,video,/SL/caption/09088.mp4
caption,video,/SL/caption/09091.mp4
caption,video,/SL/caption/09092.mp4
caption,video,/SL/caption/09093.mp4
caption,video,/SL/caption/09095.mp4
caption,video,/SL/caption/65303.mp4
car,video,/SL/car/09234.mp4
car,video,/SL/car/09235.mp4
car,video,/SL/car/09237.mp4
car,video,/SL/car/09238.mp4
car,video,/SL/car/09244.mp4
car,video,/SL/car/09249.mp4
car,video,/SL/car/69258.mp4
card,video,/SL/card/09126.mp4
card,video,/SL/card/09127.mp4
card,video,/SL/card/09128.mp4
card,video,/SL/card/09130.mp4
card,video,/SL/card/09131.mp4
card,video,/SL/card/09137.mp4
card,video,/SL/card/09138.mp4
card,video,/SL/card/65304.mp4
cards,video,/SL/cards/09151.mp4
cards,video,/SL/cards/09153.mp4
cards,video,/SL/cards/09155.mp4
cards,video,/SL/cards/65305.mp4
care,video,/SL/care/09197.mp4
care,video,/SL/care/09198.mp4
care,video,/SL/care/09199.mp4
care,video,/SL/care/09200.mp4
care,video,/SL/care/09209.mp4
care,video,/SL/care/09210.mp4
care,video,/SL/care/09214.mp4
careful,video,/SL/careful/09179.mp4
careful,video,/SL/careful/09180.mp4
careful,video,/SL/careful/09181.mp4
careful,video,/SL/careful/09182.mp4
careful,video,/SL/careful/09185.mp4
careful,video,/SL/careful/09186.mp4
careful,video,/SL/careful/09188.mp4
careful,video,/SL/careful/65306.mp4
careful,video,/SL/careful/65307.mp4
careless,video,/SL/careless/09216.mp4
careless,video,/SL/careless/09220.mp4
carnival,video,/SL/carnival/09259.mp4
carnival,video,/SL/carnival/09260.mp4
carnival,video,/SL/carnival/09261.mp4
carnival,video,/SL/carnival/09262.mp4
carnival,video,/SL/carnival/09264.mp4
carrot,video,/SL/carrot/09305.mp4
carrot,video,/SL/carrot/09306.mp4
carrot,video,/SL/carrot/09307.mp4
carrot,video,/SL/carrot/09308.mp4
carrot,video,/SL/carrot/09309.mp4
carrot,video,/SL/carrot/09310.mp4
carrot,video,/SL/carrot/09311.mp4
carrot,video,/SL/carrot/65308.mp4
carrot,video,/SL/carrot/69259.mp4
carry,video,/SL/carry/09319.mp4
carry,video,/SL/carry/09320.mp4
carry,video,/SL/carry/09321.mp4
carry,video,/SL/carry/09326.mp4
carry,video,/SL/carry/09328.mp4
carry,video,/SL/carry/65309.mp4
carry,video,/SL/carry/69260.mp4
cat,video,/SL/cat/09525.mp4
cat,video,/SL/cat/09526.mp4
cat,video,/SL/cat/09528.mp4
cat,video,/SL/cat/09532.mp4
cat,video,/SL/cat/09533.mp4
cat,video,/SL/cat/09538.mp4
cat,video,/SL/cat/65312.mp4
cat,video,/SL/cat/65313.mp4
cat,video,/SL/cat/69261.mp4
catch,video,/SL/catch/09457.mp4
catch,video,/SL/catch/09458.mp4
catch,video,/SL/catch/09459.mp4
catch,video,/SL/catch/09461.mp4
catch,video,/SL/catch/09462.mp4
catch,video,/SL/catch/09463.mp4
catch,video,/SL/catch/09464.mp4
catch,video,/SL/catch/09467.mp4
catch,video,/SL/catch/09468.mp4
catch,video,/SL/catch/09473.mp4
catch,video,/SL/catch/65314.mp4
catch,video,/SL/catch/69262.mp4
category,video,/SL/category/09488.mp4
category,video,/SL/category/09489.mp4
category,video,/SL/category/09490.mp4
category,video,/SL/category/09491.mp4
category,video,/SL/category/09492.mp4
category,video,/SL/category/09493.mp4
category,video,/SL/category/09495.mp4
caterpillar,video,/SL/caterpillar/09501.mp4
caterpillar,video,/SL/caterpillar/09502.mp4
caterpillar,video,/SL/caterpillar/09503.mp4
caterpillar,video,/SL/caterpillar/09504.mp4
caterpillar,video,/SL/caterpillar/09507.mp4
catholic,video,/SL/catholic/09518.mp4
catholic,video,/SL/catholic/09519.mp4
catholic,video,/SL/catholic/09520.mp4
catholic,video,/SL/catholic/09521.mp4
catholic,video,/SL/catholic/09523.mp4
catholic,video,/SL/catholic/65316.mp4
cause,video,/SL/cause/09572.mp4
cause,video,/SL/cause/09573.mp4
cause,video,/SL/cause/09574.mp4
cause,video,/SL/cause/09575.mp4
cause,video,/SL/cause/09576.mp4
cause,video,/SL/cause/09580.mp4
cause,video,/SL/cause/65319.mp4
ceiling,video,/SL/ceiling/09625.mp4
ceiling,video,/SL/ceiling/09626.mp4
ceiling,video,/SL/ceiling/09627.mp4
ceiling,video,/SL/ceiling/09628.mp4
ceiling,video,/SL/ceiling/09631.mp4
ceiling,video,/SL/ceiling/65320.mp4
celebrate,video,/SL/celebrate/09633.mp4
celebrate,video,/SL/celebrate/09634.mp4
celebrate,video,/SL/celebrate/09635.mp4
celebrate,video,/SL/celebrate/09636.mp4
celebrate,video,/SL/celebrate/09637.mp4
celebrate,video,/SL/celebrate/09640.mp4
celebrate,video,/SL/celebrate/65321.mp4
cemetery,video,/SL/cemetery/09712.mp4
cemetery,video,/SL/cemetery/09713.mp4
cemetery,video,/SL/cemetery/09714.mp4
cemetery,video,/SL/cemetery/09715.mp4
cemetery,video,/SL/cemetery/09716.mp4
cemetery,video,/SL/cemetery/09717.mp4
cemetery,video,/SL/cemetery/65322.mp4
cent,video,/SL/cent/09735.mp4
cent,video,/SL/cent/09736.mp4
cent,video,/SL/cent/09737.mp4
cent,video,/SL/cent/09738.mp4
cent,video,/SL/cent/09739.mp4
cent,video,/SL/cent/09740.mp4
cent,video,/SL/cent/09742.mp4
cent,video,/SL/cent/65323.mp4
center,video,/SL/center/09721.mp4
center,video,/SL/center/09722.mp4
center,video,/SL/center/09723.mp4
center,video,/SL/center/09724.mp4
center,video,/SL/center/09725.mp4
center,video,/SL/center/09726.mp4
center,video,/SL/center/09732.mp4
center,video,/SL/center/65324.mp4
cereal,video,/SL/cereal/09774.mp4
cereal,video,/SL/cereal/09775.mp4
cereal,video,/SL/cereal/09776.mp4
cereal,video,/SL/cereal/09777.mp4
cereal,video,/SL/cereal/09781.mp4
cereal,video,/SL/cereal/09786.mp4
cereal,video,/SL/cereal/65325.mp4
cereal,video,/SL/cereal/69264.mp4
certificate,video,/SL/certificate/09806.mp4
certificate,video,/SL/certificate/09807.mp4
certificate,video,/SL/certificate/09808.mp4
certificate,video,/SL/certificate/09809.mp4
certificate,video,/SL/certificate/09810.mp4
certificate,video,/SL/certificate/09812.mp4
certificate,video,/SL/certificate/65326.mp4
chain,video,/SL/chain/09835.mp4
chain,video,/SL/chain/09836.mp4
chain,video,/SL/chain/09837.mp4
chain,video,/SL/chain/09838.mp4
chain,video,/SL/chain/09840.mp4
chain,video,/SL/chain/09842.mp4
chain,video,/SL/chain/65327.mp4
chair,video,/SL/chair/09848.mp4
chair,video,/SL/chair/09849.mp4
chair,video,/SL/chair/09850.mp4
chair,video,/SL/chair/09851.mp4
chair,video,/SL/chair/09854.mp4
chair,video,/SL/chair/09869.mp4
chair,video,/SL/chair/65328.mp4
challenge,video,/SL/challenge/09892.mp4
challenge,video,/SL/challenge/09893.mp4
challenge,video,/SL/challenge/09894.mp4
challenge,video,/SL/challenge/09896.mp4
challenge,video,/SL/challenge/09900.mp4
challenge,video,/SL/challenge/65329.mp4
champion,video,/SL/champion/09915.mp4
champion,video,/SL/champion/09916.mp4
champion,video,/SL/champion/09917.mp4
champion,video,/SL/champion/09918.mp4
champion,video,/SL/champion/09919.mp4
champion,video,/SL/champion/09920.mp4
champion,video,/SL/champion/09921.mp4
champion,video,/SL/champion/09922.mp4
champion,video,/SL/champion/09924.mp4
champion,video,/SL/champion/09926.mp4
champion,video,/SL/champion/65330.mp4
chance,video,/SL/chance/09934.mp4
chance,video,/SL/chance/09935.mp4
chance,video,/SL/chance/09936.mp4
chance,video,/SL/chance/09943.mp4
chance,video,/SL/chance/65331.mp4
change,video,/SL/change/09949.mp4
change,video,/SL/change/09950.mp4
change,video,/SL/change/09953.mp4
change,video,/SL/change/09954.mp4
change,video,/SL/change/09955.mp4
change,video,/SL/change/09956.mp4
change,video,/SL/change/09957.mp4
change,video,/SL/change/09960.mp4
change,video,/SL/change/09963.mp4
change,video,/SL/change/09966.mp4
change,video,/SL/change/09967.mp4
change,video,/SL/change/09970.mp4
chapter,video,/SL/chapter/10005.mp4
chapter,video,/SL/chapter/10007.mp4
chapter,video,/SL/chapter/10008.mp4
chapter,video,/SL/chapter/10013.mp4
chapter,video,/SL/chapter/69266.mp4
character,video,/SL/character/10015.mp4
character,video,/SL/character/10016.mp4
character,video,/SL/character/10017.mp4
character,video,/SL/character/10019.mp4
character,video,/SL/character/10021.mp4
character,video,/SL/character/10023.mp4
character,video,/SL/character/65334.mp4
chase,video,/SL/chase/10089.mp4
chase,video,/SL/chase/10090.mp4
chase,video,/SL/chase/10091.mp4
chase,video,/SL/chase/10093.mp4
chase,video,/SL/chase/10096.mp4
chase,video,/SL/chase/65337.mp4
chat,video,/SL/chat/10102.mp4
chat,video,/SL/chat/10104.mp4
chat,video,/SL/chat/10105.mp4
chat,video,/SL/chat/10106.mp4
chat,video,/SL/chat/10107.mp4
chat,video,/SL/chat/10109.mp4
chat,video,/SL/chat/10111.mp4
chat,video,/SL/chat/10112.mp4
chat,video,/SL/chat/65338.mp4
cheap,video,/SL/cheap/10135.mp4
cheap,video,/SL/cheap/10136.mp4
cheap,video,/SL/cheap/10137.mp4
cheap,video,/SL/cheap/10138.mp4
cheap,video,/SL/cheap/10141.mp4
cheap,video,/SL/cheap/10144.mp4
cheap,video,/SL/cheap/65340.mp4
cheat,video,/SL/cheat/10147.mp4
cheat,video,/SL/cheat/10148.mp4
cheat,video,/SL/cheat/10149.mp4
cheat,video,/SL/cheat/10151.mp4
cheat,video,/SL/cheat/10157.mp4
cheat,video,/SL/cheat/10158.mp4
cheat,video,/SL/cheat/10159.mp4
cheat,video,/SL/cheat/10166.mp4
cheat,video,/SL/cheat/65341.mp4
cheat,video,/SL/cheat/65342.mp4
check,video,/SL/check/10183.mp4
check,video,/SL/check/10184.mp4
check,video,/SL/check/10185.mp4
check,video,/SL/check/10186.mp4
check,video,/SL/check/10187.mp4
check,video,/SL/check/10188.mp4
check,video,/SL/check/10190.mp4
check,video,/SL/check/10192.mp4
check,video,/SL/check/10197.mp4
check,video,/SL/check/10199.mp4
check,video,/SL/check/65343.mp4
cheerleader,video,/SL/cheerleader/10250.mp4
cheerleader,video,/SL/cheerleader/10251.mp4
cheerleader,video,/SL/cheerleader/10252.mp4
cheerleader,video,/SL/cheerleader/65344.mp4
cheese,video,/SL/cheese/10266.mp4
cheese,video,/SL/cheese/10267.mp4
cheese,video,/SL/cheese/10268.mp4
cheese,video,/SL/cheese/10269.mp4
cheese,video,/SL/cheese/10271.mp4
cheese,video,/SL/cheese/10275.mp4
cheese,video,/SL/cheese/65345.mp4
chemical,video,/SL/chemical/10296.mp4
chemical,video,/SL/chemical/10297.mp4
chemical,video,/SL/chemical/10298.mp4
chemical,video,/SL/chemical/10300.mp4
chemical,video,/SL/chemical/10301.mp4
chemistry,video,/SL/chemistry/10308.mp4
chemistry,video,/SL/chemistry/10309.mp4
chemistry,video,/SL/chemistry/10310.mp4
chemistry,video,/SL/chemistry/10311.mp4
chemistry,video,/SL/chemistry/10313.mp4
chemistry,video,/SL/chemistry/10315.mp4
cherry,video,/SL/cherry/10337.mp4
cherry,video,/SL/cherry/10339.mp4
cherry,video,/SL/cherry/10340.mp4
cherry,video,/SL/cherry/10343.mp4
cherry,video,/SL/cherry/65347.mp4
chicago,video,/SL/chicago/10389.mp4
chicago,video,/SL/chicago/10391.mp4
chicago,video,/SL/chicago/10393.mp4
chicken,video,/SL/chicken/10397.mp4
chicken,video,/SL/chicken/10400.mp4
chicken,video,/SL/chicken/10405.mp4
chicken,video,/SL/chicken/10412.mp4
chicken,video,/SL/chicken/65349.mp4
child,video,/SL/child/10443.mp4
child,video,/SL/child/10444.mp4
child,video,/SL/child/10445.mp4
child,video,/SL/child/10446.mp4
child,video,/SL/child/10447.mp4
child,video,/SL/child/10449.mp4
child,video,/SL/child/10450.mp4
child,video,/SL/child/10453.mp4
child,video,/SL/child/65351.mp4
children,video,/SL/children/10461.mp4
children,video,/SL/children/10462.mp4
children,video,/SL/children/10464.mp4
children,video,/SL/children/10466.mp4
children,video,/SL/children/10467.mp4
children,video,/SL/children/10474.mp4
children,video,/SL/children/65352.mp4
china,video,/SL/china/10516.mp4
china,video,/SL/china/10517.mp4
china,video,/SL/china/10520.mp4
china,video,/SL/china/10526.mp4
chocolate,video,/SL/chocolate/10579.mp4
chocolate,video,/SL/chocolate/10580.mp4
chocolate,video,/SL/chocolate/10581.mp4
chocolate,video,/SL/chocolate/10583.mp4
chocolate,video,/SL/chocolate/10587.mp4
chocolate,video,/SL/chocolate/65354.mp4
choice,video,/SL/choice/10589.mp4
choice,video,/SL/choice/10590.mp4
choice,video,/SL/choice/10591.mp4
choice,video,/SL/choice/10592.mp4
choice,video,/SL/choice/10594.mp4
choice,video,/SL/choice/10595.mp4
choice,video,/SL/choice/10596.mp4
choice,video,/SL/choice/10598.mp4
choir,video,/SL/choir/10599.mp4
choir,video,/SL/choir/10600.mp4
choir,video,/SL/choir/10601.mp4
choir,video,/SL/choir/10602.mp4
choir,video,/SL/choir/10605.mp4
choir,video,/SL/choir/10607.mp4
choke,video,/SL/choke/10609.mp4
choke,video,/SL/choke/10611.mp4
choke,video,/SL/choke/10612.mp4
choke,video,/SL/choke/10614.mp4
choose,video,/SL/choose/10625.mp4
choose,video,/SL/choose/10631.mp4
choose,video,/SL/choose/10632.mp4
choose,video,/SL/choose/10634.mp4
choose,video,/SL/choose/10635.mp4
choose,video,/SL/choose/10636.mp4
choose,video,/SL/choose/10637.mp4
choose,video,/SL/choose/10641.mp4
chop,video,/SL/chop/10645.mp4
chop,video,/SL/chop/10646.mp4
chop,video,/SL/chop/10647.mp4
chop,video,/SL/chop/10648.mp4
chop,video,/SL/chop/10652.mp4
chop,video,/SL/chop/10656.mp4
chop,video,/SL/chop/65355.mp4
christ,video,/SL/christ/10679.mp4
christ,video,/SL/christ/10680.mp4
christ,video,/SL/christ/10682.mp4
christ,video,/SL/christ/10684.mp4
christian,video,/SL/christian/10686.mp4
christian,video,/SL/christian/10687.mp4
christian,video,/SL/christian/10688.mp4
christian,video,/SL/christian/10689.mp4
christian,video,/SL/christian/10692.mp4
christian,video,/SL/christian/10693.mp4
christian,video,/SL/christian/65356.mp4
christmas,video,/SL/christmas/10703.mp4
christmas,video,/SL/christmas/10704.mp4
christmas,video,/SL/christmas/10705.mp4
christmas,video,/SL/christmas/10708.mp4
christmas,video,/SL/christmas/10709.mp4
christmas,video,/SL/christmas/10711.mp4
christmas,video,/SL/christmas/10715.mp4
christmas,video,/SL/christmas/65357.mp4
church,video,/SL/church/10769.mp4
church,video,/SL/church/10770.mp4
church,video,/SL/church/10771.mp4
church,video,/SL/church/10772.mp4
church,video,/SL/church/10774.mp4
church,video,/SL/church/10777.mp4
cigarette,video,/SL/cigarette/10786.mp4
cigarette,video,/SL/cigarette/10787.mp4
cigarette,video,/SL/cigarette/10788.mp4
cigarette,video,/SL/cigarette/10789.mp4
cigarette,video,/SL/cigarette/10792.mp4
cigarette,video,/SL/cigarette/65359.mp4
circle,video,/SL/circle/10813.mp4
circle,video,/SL/circle/10814.mp4
circle,video,/SL/circle/10815.mp4
circle,video,/SL/circle/10816.mp4
circle,video,/SL/circle/10817.mp4
circle,video,/SL/circle/10820.mp4
circle,video,/SL/circle/65360.mp4
city,video,/SL/city/10892.mp4
city,video,/SL/city/10893.mp4
city,video,/SL/city/10894.mp4
city,video,/SL/city/10895.mp4
city,video,/SL/city/10898.mp4
city,video,/SL/city/10904.mp4
city,video,/SL/city/65362.mp4
city,video,/SL/city/65363.mp4
city,video,/SL/city/69269.mp4
class,video,/SL/class/10967.mp4
class,video,/SL/class/10968.mp4
class,video,/SL/class/10969.mp4
class,video,/SL/class/10970.mp4
class,video,/SL/class/10972.mp4
class,video,/SL/class/10973.mp4
class,video,/SL/class/10976.mp4
class,video,/SL/class/65364.mp4
class,video,/SL/class/69270.mp4
classroom,video,/SL/classroom/11007.mp4
classroom,video,/SL/classroom/11008.mp4
classroom,video,/SL/classroom/11009.mp4
classroom,video,/SL/classroom/11011.mp4
classroom,video,/SL/classroom/11015.mp4
clean,video,/SL/clean/11034.mp4
clean,video,/SL/clean/11035.mp4
clean,video,/SL/clean/11036.mp4
clean,video,/SL/clean/11037.mp4
clean,video,/SL/clean/11038.mp4
clean,video,/SL/clean/11039.mp4
clean,video,/SL/clean/11040.mp4
clean,video,/SL/clean/11042.mp4
clean,video,/SL/clean/65365.mp4
clear,video,/SL/clear/11061.mp4
clear,video,/SL/clear/11062.mp4
clear,video,/SL/clear/11063.mp4
clear,video,/SL/clear/11064.mp4
clear,video,/SL/clear/11067.mp4
clear,video,/SL/clear/65366.mp4
clever,video,/SL/clever/11088.mp4
clever,video,/SL/clever/11089.mp4
clever,video,/SL/clever/11090.mp4
clever,video,/SL/clever/11091.mp4
clever,video,/SL/clever/11093.mp4
clever,video,/SL/clever/11094.mp4
clever,video,/SL/clever/11096.mp4
click,video,/SL/click/11103.mp4
click,video,/SL/click/11104.mp4
click,video,/SL/click/11105.mp4
click,video,/SL/click/11113.mp4
climb,video,/SL/climb/11143.mp4
climb,video,/SL/climb/11144.mp4
climb,video,/SL/climb/11145.mp4
climb,video,/SL/climb/11148.mp4
climb,video,/SL/climb/11155.mp4
clock,video,/SL/clock/11198.mp4
clock,video,/SL/clock/11199.mp4
clock,video,/SL/clock/11200.mp4
clock,video,/SL/clock/11203.mp4
clock,video,/SL/clock/11214.mp4
close,video,/SL/close/11252.mp4
close,video,/SL/close/11253.mp4
close,video,/SL/close/11254.mp4
close,video,/SL/close/11260.mp4
close,video,/SL/close/11261.mp4
close,video,/SL/close/11262.mp4
close,video,/SL/close/11267.mp4
close,video,/SL/close/11268.mp4
closet,video,/SL/closet/11284.mp4
closet,video,/SL/closet/11285.mp4
closet,video,/SL/closet/11286.mp4
closet,video,/SL/closet/11287.mp4
closet,video,/SL/closet/11293.mp4
clothes,video,/SL/clothes/11309.mp4
clothes,video,/SL/clothes/11310.mp4
clothes,video,/SL/clothes/11311.mp4
clothes,video,/SL/clothes/11313.mp4
clothes,video,/SL/clothes/11330.mp4
cloud,video,/SL/cloud/11357.mp4
cloud,video,/SL/cloud/11358.mp4
cloud,video,/SL/cloud/11359.mp4
cloud,video,/SL/cloud/11360.mp4
cloud,video,/SL/cloud/11361.mp4
cloud,video,/SL/cloud/11362.mp4
cloud,video,/SL/cloud/11364.mp4
cloud,video,/SL/cloud/11365.mp4
clown,video,/SL/clown/11379.mp4
clown,video,/SL/clown/11380.mp4
clown,video,/SL/clown/11382.mp4
clown,video,/SL/clown/11384.mp4
clown,video,/SL/clown/65372.mp4
clueless,video,/SL/clueless/11408.mp4
clueless,video,/SL/clueless/11409.mp4
clueless,video,/SL/clueless/11413.mp4
clueless,video,/SL/clueless/11414.mp4
clueless,video,/SL/clueless/11416.mp4
clumsy,video,/SL/clumsy/11418.mp4
clumsy,video,/SL/clumsy/11419.mp4
clumsy,video,/SL/clumsy/11420.mp4
clumsy,video,/SL/clumsy/11422.mp4
clumsy,video,/SL/clumsy/11424.mp4
coach,video,/SL/coach/11436.mp4
coach,video,/SL/coach/11437.mp4
coach,video,/SL/coach/11438.mp4
coach,video,/SL/coach/11439.mp4
coach,video,/SL/coach/11440.mp4
coach,video,/SL/coach/11441.mp4
coach,video,/SL/coach/11444.mp4
coat,video,/SL/coat/11470.mp4
coat,video,/SL/coat/11471.mp4
coat,video,/SL/coat/11472.mp4
coat,video,/SL/coat/11473.mp4
coat,video,/SL/coat/11476.mp4
coat,video,/SL/coat/69271.mp4
cochlear implant,video,/SL/cochlear implant/11498.mp4
cochlear implant,video,/SL/cochlear implant/11499.mp4
cochlear implant,video,/SL/cochlear implant/11500.mp4
cochlear implant,video,/SL/cochlear implant/11501.mp4
cochlear implant,video,/SL/cochlear implant/11502.mp4
cochlear implant,video,/SL/cochlear implant/11503.mp4
cochlear implant,video,/SL/cochlear implant/11504.mp4
cochlear implant,video,/SL/cochlear implant/65373.mp4
coconut,video,/SL/coconut/11527.mp4
coconut,video,/SL/coconut/11528.mp4
coconut,video,/SL/coconut/11529.mp4
coconut,video,/SL/coconut/11530.mp4
coconut,video,/SL/coconut/11534.mp4
coconut,video,/SL/coconut/65374.mp4
coffee,video,/SL/coffee/11558.mp4
coffee,video,/SL/coffee/11559.mp4
coffee,video,/SL/coffee/11560.mp4
coffee,video,/SL/coffee/11561.mp4
coffee,video,/SL/coffee/11563.mp4
coffee,video,/SL/coffee/11566.mp4
coffee,video,/SL/coffee/65375.mp4
cold,video,/SL/cold/11621.mp4
cold,video,/SL/cold/11622.mp4
cold,video,/SL/cold/11623.mp4
cold,video,/SL/cold/11624.mp4
cold,video,/SL/cold/11625.mp4
cold,video,/SL/cold/11627.mp4
cold,video,/SL/cold/11628.mp4
cold,video,/SL/cold/11633.mp4
cold,video,/SL/cold/11634.mp4
cold,video,/SL/cold/11635.mp4
cold,video,/SL/cold/11638.mp4
cold,video,/SL/cold/65377.mp4
collect,video,/SL/collect/11686.mp4
collect,video,/SL/collect/11687.mp4
collect,video,/SL/collect/11689.mp4
collect,video,/SL/collect/11693.mp4
college,video,/SL/college/11708.mp4
college,video,/SL/college/11709.mp4
college,video,/SL/college/11710.mp4
college,video,/SL/college/11711.mp4
college,video,/SL/college/11713.mp4
college,video,/SL/college/11718.mp4
college,video,/SL/college/65379.mp4
color,video,/SL/color/11767.mp4
color,video,/SL/color/11768.mp4
color,video,/SL/color/11769.mp4
color,video,/SL/color/11770.mp4
color,video,/SL/color/11772.mp4
color,video,/SL/color/11773.mp4
color,video,/SL/color/11780.mp4
color,video,/SL/color/69274.mp4
comb,video,/SL/comb/11819.mp4
comb,video,/SL/comb/11820.mp4
comb,video,/SL/comb/11821.mp4
comb,video,/SL/comb/11823.mp4
comb,video,/SL/comb/11824.mp4
comb,video,/SL/comb/11828.mp4
come,video,/SL/come/11876.mp4
come,video,/SL/come/11877.mp4
come,video,/SL/come/11878.mp4
come,video,/SL/come/11882.mp4
come,video,/SL/come/11884.mp4
come,video,/SL/come/69275.mp4
come here,video,/SL/come here/11862.mp4
come here,video,/SL/come here/11863.mp4
come here,video,/SL/come here/11864.mp4
come here,video,/SL/come here/11865.mp4
come here,video,/SL/come here/11866.mp4
come here,video,/SL/come here/11867.mp4
come here,video,/SL/come here/11872.mp4
come here,video,/SL/come here/65558.mp4
comfortable,video,/SL/comfortable/11903.mp4
comfortable,video,/SL/comfortable/11904.mp4
comfortable,video,/SL/comfortable/11905.mp4
comfortable,video,/SL/comfortable/11906.mp4
comfortable,video,/SL/comfortable/11908.mp4
comfortable,video,/SL/comfortable/11911.mp4
comfortable,video,/SL/comfortable/65381.mp4
comma,video,/SL/comma/11930.mp4
comma,video,/SL/comma/11931.mp4
comma,video,/SL/comma/11933.mp4
comma,video,/SL/comma/11935.mp4
command,video,/SL/command/11942.mp4
command,video,/SL/command/11943.mp4
command,video,/SL/command/11944.mp4
command,video,/SL/command/11948.mp4
command,video,/SL/command/11952.mp4
comment,video,/SL/comment/11971.mp4
comment,video,/SL/comment/11972.mp4
comment,video,/SL/comment/11973.mp4
comment,video,/SL/comment/11978.mp4
comment,video,/SL/comment/65382.mp4
commit,video,/SL/commit/11994.mp4
commit,video,/SL/commit/11995.mp4
commit,video,/SL/commit/11997.mp4
commit,video,/SL/commit/12000.mp4
committee,video,/SL/committee/12005.mp4
committee,video,/SL/committee/12006.mp4
committee,video,/SL/committee/12008.mp4
committee,video,/SL/committee/12010.mp4
committee,video,/SL/committee/65383.mp4
common,video,/SL/common/12013.mp4
common,video,/SL/common/12014.mp4
common,video,/SL/common/12016.mp4
common,video,/SL/common/12020.mp4
common,video,/SL/common/69276.mp4
common sense,video,/SL/common sense/12023.mp4
common sense,video,/SL/common sense/12024.mp4
common sense,video,/SL/common sense/12025.mp4
common sense,video,/SL/common sense/12027.mp4
common sense,video,/SL/common sense/12028.mp4
community,video,/SL/community/12060.mp4
community,video,/SL/community/12062.mp4
community,video,/SL/community/12063.mp4
community,video,/SL/community/12064.mp4
community,video,/SL/community/12066.mp4
community,video,/SL/community/12069.mp4
commute,video,/SL/commute/12072.mp4
commute,video,/SL/commute/12073.mp4
commute,video,/SL/commute/12074.mp4
commute,video,/SL/commute/12076.mp4
commute,video,/SL/commute/12079.mp4
company,video,/SL/company/12100.mp4
company,video,/SL/company/12101.mp4
company,video,/SL/company/12104.mp4
company,video,/SL/company/12109.mp4
compare,video,/SL/compare/12113.mp4
compare,video,/SL/compare/12114.mp4
compare,video,/SL/compare/12115.mp4
compare,video,/SL/compare/12116.mp4
compare,video,/SL/compare/12118.mp4
compare,video,/SL/compare/12122.mp4
compare,video,/SL/compare/65386.mp4
compete,video,/SL/compete/12158.mp4
compete,video,/SL/compete/12159.mp4
compete,video,/SL/compete/12161.mp4
compete,video,/SL/compete/12164.mp4
complain,video,/SL/complain/12190.mp4
complain,video,/SL/complain/12191.mp4
complain,video,/SL/complain/12192.mp4
complain,video,/SL/complain/12193.mp4
complain,video,/SL/complain/12195.mp4
complain,video,/SL/complain/12198.mp4
complete,video,/SL/complete/12210.mp4
complete,video,/SL/complete/12211.mp4
complete,video,/SL/complete/12212.mp4
complete,video,/SL/complete/12217.mp4
complete,video,/SL/complete/12221.mp4
complex,video,/SL/complex/12223.mp4
complex,video,/SL/complex/12225.mp4
complex,video,/SL/complex/12226.mp4
complex,video,/SL/complex/12228.mp4
complex,video,/SL/complex/12231.mp4
complex,video,/SL/complex/65388.mp4
complex,video,/SL/complex/65389.mp4
compromise,video,/SL/compromise/12291.mp4
compromise,video,/SL/compromise/12292.mp4
compromise,video,/SL/compromise/12293.mp4
compromise,video,/SL/compromise/12294.mp4
compromise,video,/SL/compromise/12296.mp4
compromise,video,/SL/compromise/12300.mp4
computer,video,/SL/computer/12311.mp4
computer,video,/SL/computer/12312.mp4
computer,video,/SL/computer/12313.mp4
computer,video,/SL/computer/12314.mp4
computer,video,/SL/computer/12315.mp4
computer,video,/SL/computer/12316.mp4
computer,video,/SL/computer/12317.mp4
computer,video,/SL/computer/12318.mp4
computer,video,/SL/computer/12319.mp4
computer,video,/SL/computer/12320.mp4
computer,video,/SL/computer/12326.mp4
computer,video,/SL/computer/12327.mp4
computer,video,/SL/computer/12328.mp4
computer,video,/SL/computer/12338.mp4
concentrate,video,/SL/concentrate/12391.mp4
concentrate,video,/SL/concentrate/12392.mp4
concentrate,video,/SL/concentrate/12393.mp4
concentrate,video,/SL/concentrate/12394.mp4
concept,video,/SL/concept/12402.mp4
concept,video,/SL/concept/12403.mp4
concept,video,/SL/concept/12405.mp4
concept,video,/SL/concept/12408.mp4
concept,video,/SL/concept/65392.mp4
concern,video,/SL/concern/12415.mp4
concern,video,/SL/concern/12416.mp4
concern,video,/SL/concern/12418.mp4
concern,video,/SL/concern/12421.mp4
concern,video,/SL/concern/65393.mp4
conflict,video,/SL/conflict/12584.mp4
conflict,video,/SL/conflict/12586.mp4
conflict,video,/SL/conflict/12587.mp4
conflict,video,/SL/conflict/12588.mp4
conflict,video,/SL/conflict/12589.mp4
conflict,video,/SL/conflict/12590.mp4
conflict,video,/SL/conflict/12593.mp4
conflict,video,/SL/conflict/65394.mp4
confront,video,/SL/confront/12602.mp4
confront,video,/SL/confront/12603.mp4
confront,video,/SL/confront/12604.mp4
confront,video,/SL/confront/12605.mp4
confront,video,/SL/confront/12606.mp4
confront,video,/SL/confront/12607.mp4
confront,video,/SL/confront/12609.mp4
confused,video,/SL/confused/12612.mp4
confused,video,/SL/confused/12613.mp4
confused,video,/SL/confused/12614.mp4
confused,video,/SL/confused/12615.mp4
confused,video,/SL/confused/12619.mp4
confused,video,/SL/confused/65395.mp4
confused,video,/SL/confused/65396.mp4
congratulations,video,/SL/congratulations/12636.mp4
congratulations,video,/SL/congratulations/12637.mp4
congratulations,video,/SL/congratulations/12638.mp4
congratulations,video,/SL/congratulations/12641.mp4
congress,video,/SL/congress/12649.mp4
congress,video,/SL/congress/12650.mp4
congress,video,/SL/congress/12651.mp4
congress,video,/SL/congress/12652.mp4
congress,video,/SL/congress/12654.mp4
congress,video,/SL/congress/12656.mp4
connect,video,/SL/connect/12675.mp4
connect,video,/SL/connect/12676.mp4
connect,video,/SL/connect/12677.mp4
connect,video,/SL/connect/12678.mp4
connect,video,/SL/connect/12680.mp4
connect,video,/SL/connect/65397.mp4
conquer,video,/SL/conquer/12696.mp4
conquer,video,/SL/conquer/12697.mp4
conquer,video,/SL/conquer/12699.mp4
conquer,video,/SL/conquer/12700.mp4
conquer,video,/SL/conquer/12702.mp4
conquer,video,/SL/conquer/12704.mp4
consider,video,/SL/consider/12755.mp4
consider,video,/SL/consider/12757.mp4
consider,video,/SL/consider/12758.mp4
consider,video,/SL/consider/12759.mp4
consider,video,/SL/consider/12761.mp4
constitution,video,/SL/constitution/12809.mp4
constitution,video,/SL/constitution/12810.mp4
constitution,video,/SL/constitution/12811.mp4
constitution,video,/SL/constitution/12812.mp4
constitution,video,/SL/constitution/12813.mp4
constitution,video,/SL/constitution/12814.mp4
constitution,video,/SL/constitution/12815.mp4
construct,video,/SL/construct/12819.mp4
construct,video,/SL/construct/12820.mp4
construct,video,/SL/construct/12822.mp4
construct,video,/SL/construct/12823.mp4
construct,video,/SL/construct/12824.mp4
construct,video,/SL/construct/12826.mp4
consume,video,/SL/consume/12855.mp4
consume,video,/SL/consume/12857.mp4
consume,video,/SL/consume/12858.mp4
consume,video,/SL/consume/12860.mp4
consume,video,/SL/consume/12863.mp4
consume,video,/SL/consume/65398.mp4
contact,video,/SL/contact/12871.mp4
contact,video,/SL/contact/12872.mp4
contact,video,/SL/contact/12873.mp4
contact,video,/SL/contact/12874.mp4
contact,video,/SL/contact/12875.mp4
contact,video,/SL/contact/12876.mp4
contact,video,/SL/contact/12877.mp4
contact,video,/SL/contact/12879.mp4
contest,video,/SL/contest/12942.mp4
contest,video,/SL/contest/12943.mp4
contest,video,/SL/contest/12944.mp4
contest,video,/SL/contest/12945.mp4
contest,video,/SL/contest/12947.mp4
continue,video,/SL/continue/12968.mp4
continue,video,/SL/continue/12969.mp4
continue,video,/SL/continue/12970.mp4
continue,video,/SL/continue/12971.mp4
continue,video,/SL/continue/12972.mp4
continue,video,/SL/continue/12973.mp4
continue,video,/SL/continue/12977.mp4
contract,video,/SL/contract/12987.mp4
contract,video,/SL/contract/12988.mp4
contract,video,/SL/contract/12990.mp4
contract,video,/SL/contract/12994.mp4
contribute,video,/SL/contribute/13017.mp4
contribute,video,/SL/contribute/13018.mp4
contribute,video,/SL/contribute/13019.mp4
contribute,video,/SL/contribute/13020.mp4
contribute,video,/SL/contribute/13021.mp4
contribute,video,/SL/contribute/13023.mp4
contribute,video,/SL/contribute/13024.mp4
contribute,video,/SL/contribute/13026.mp4
control,video,/SL/control/13042.mp4
control,video,/SL/control/13043.mp4
control,video,/SL/control/13044.mp4
control,video,/SL/control/13045.mp4
control,video,/SL/control/13046.mp4
control,video,/SL/control/13049.mp4
conversation,video,/SL/conversation/13087.mp4
conversation,video,/SL/conversation/13089.mp4
conversation,video,/SL/conversation/13090.mp4
conversation,video,/SL/conversation/13091.mp4
conversation,video,/SL/conversation/13093.mp4
conversation,video,/SL/conversation/13094.mp4
conversation,video,/SL/conversation/13095.mp4
convert,video,/SL/convert/13106.mp4
convert,video,/SL/convert/13109.mp4
convert,video,/SL/convert/13110.mp4
convert,video,/SL/convert/13111.mp4
convert,video,/SL/convert/13114.mp4
convince,video,/SL/convince/13134.mp4
convince,video,/SL/convince/13135.mp4
convince,video,/SL/convince/13136.mp4
convince,video,/SL/convince/13137.mp4
convince,video,/SL/convince/13138.mp4
convince,video,/SL/convince/13139.mp4
convince,video,/SL/convince/13141.mp4
convince,video,/SL/convince/13143.mp4
convince,video,/SL/convince/13144.mp4
convince,video,/SL/convince/13148.mp4
convince,video,/SL/convince/65400.mp4
convince,video,/SL/convince/65401.mp4
cook,video,/SL/cook/13155.mp4
cook,video,/SL/cook/13156.mp4
cook,video,/SL/cook/13157.mp4
cook,video,/SL/cook/13158.mp4
cook,video,/SL/cook/13160.mp4
cook,video,/SL/cook/13161.mp4
cook,video,/SL/cook/13167.mp4
cook,video,/SL/cook/13168.mp4
cookie,video,/SL/cookie/13172.mp4
cookie,video,/SL/cookie/13173.mp4
cookie,video,/SL/cookie/13174.mp4
cookie,video,/SL/cookie/13175.mp4
cookie,video,/SL/cookie/13177.mp4
cookie,video,/SL/cookie/13179.mp4
cookie,video,/SL/cookie/13182.mp4
cookie,video,/SL/cookie/69280.mp4
cool,video,/SL/cool/13196.mp4
cool,video,/SL/cool/13197.mp4
cool,video,/SL/cool/13198.mp4
cool,video,/SL/cool/13199.mp4
cool,video,/SL/cool/13200.mp4
cool,video,/SL/cool/13201.mp4
cool,video,/SL/cool/13202.mp4
cool,video,/SL/cool/13203.mp4
cool,video,/SL/cool/13208.mp4
cool,video,/SL/cool/13209.mp4
cool,video,/SL/cool/13213.mp4
cool,video,/SL/cool/13216.mp4
cool,video,/SL/cool/13217.mp4
cool,video,/SL/cool/65402.mp4
cool,video,/SL/cool/65403.mp4
cool,video,/SL/cool/69281.mp4
cooperate,video,/SL/cooperate/13223.mp4
cooperate,video,/SL/cooperate/13224.mp4
cooperate,video,/SL/cooperate/13228.mp4
cop,video,/SL/cop/13244.mp4
cop,video,/SL/cop/13245.mp4
cop,video,/SL/cop/13246.mp4
cop,video,/SL/cop/13247.mp4
cop,video,/SL/cop/13249.mp4
cop,video,/SL/cop/13250.mp4
cop,video,/SL/cop/13251.mp4
cop,video,/SL/cop/13253.mp4
copy,video,/SL/copy/13267.mp4
copy,video,/SL/copy/13268.mp4
copy,video,/SL/copy/13269.mp4
copy,video,/SL/copy/13273.mp4
copy,video,/SL/copy/13275.mp4
copy,video,/SL/copy/13278.mp4
copy,video,/SL/copy/13279.mp4
copy,video,/SL/copy/65405.mp4
corn,video,/SL/corn/13323.mp4
corn,video,/SL/corn/13325.mp4
corn,video,/SL/corn/13326.mp4
corn,video,/SL/corn/13327.mp4
corn,video,/SL/corn/13328.mp4
corn,video,/SL/corn/13329.mp4
corn,video,/SL/corn/13333.mp4
corn,video,/SL/corn/13334.mp4
corn,video,/SL/corn/13337.mp4
corn,video,/SL/corn/65408.mp4
corn,video,/SL/corn/65409.mp4
corn,video,/SL/corn/69282.mp4
corner,video,/SL/corner/13312.mp4
corner,video,/SL/corner/13313.mp4
corner,video,/SL/corner/13316.mp4
corner,video,/SL/corner/13320.mp4
corner,video,/SL/corner/65407.mp4
correct,video,/SL/correct/13350.mp4
correct,video,/SL/correct/13351.mp4
correct,video,/SL/correct/13352.mp4
correct,video,/SL/correct/13354.mp4
correct,video,/SL/correct/13355.mp4
correct,video,/SL/correct/13356.mp4
correct,video,/SL/correct/13358.mp4
correct,video,/SL/correct/13359.mp4
correct,video,/SL/correct/65410.mp4
cost,video,/SL/cost/13414.mp4
cost,video,/SL/cost/13415.mp4
cost,video,/SL/cost/13416.mp4
cost,video,/SL/cost/13417.mp4
cost,video,/SL/cost/13418.mp4
cost,video,/SL/cost/13420.mp4
cost,video,/SL/cost/13424.mp4
couch,video,/SL/couch/13456.mp4
couch,video,/SL/couch/13457.mp4
couch,video,/SL/couch/13458.mp4
couch,video,/SL/couch/13459.mp4
couch,video,/SL/couch/13460.mp4
couch,video,/SL/couch/13464.mp4
cough,video,/SL/cough/13468.mp4
cough,video,/SL/cough/13469.mp4
cough,video,/SL/cough/13470.mp4
cough,video,/SL/cough/13471.mp4
cough,video,/SL/cough/13472.mp4
cough,video,/SL/cough/13473.mp4
cough,video,/SL/cough/13478.mp4
cough,video,/SL/cough/65411.mp4
counsel,video,/SL/counsel/13499.mp4
counsel,video,/SL/counsel/13500.mp4
counsel,video,/SL/counsel/13501.mp4
counsel,video,/SL/counsel/13503.mp4
counsel,video,/SL/counsel/65412.mp4
counselor,video,/SL/counselor/13508.mp4
counselor,video,/SL/counselor/13509.mp4
counselor,video,/SL/counselor/13510.mp4
counselor,video,/SL/counselor/13512.mp4
count,video,/SL/count/13530.mp4
count,video,/SL/count/13531.mp4
count,video,/SL/count/13532.mp4
count,video,/SL/count/13533.mp4
count,video,/SL/count/13534.mp4
count,video,/SL/count/13536.mp4
count,video,/SL/count/65413.mp4
country,video,/SL/country/13543.mp4
country,video,/SL/country/13544.mp4
country,video,/SL/country/13545.mp4
country,video,/SL/country/13546.mp4
country,video,/SL/country/13547.mp4
country,video,/SL/country/13548.mp4
country,video,/SL/country/13549.mp4
country,video,/SL/country/13550.mp4
country,video,/SL/country/13554.mp4
country,video,/SL/country/13555.mp4
country,video,/SL/country/65414.mp4
court,video,/SL/court/13618.mp4
court,video,/SL/court/13619.mp4
court,video,/SL/court/13621.mp4
court,video,/SL/court/13622.mp4
court,video,/SL/court/13623.mp4
cousin,video,/SL/cousin/13630.mp4
cousin,video,/SL/cousin/13631.mp4
cousin,video,/SL/cousin/13632.mp4
cousin,video,/SL/cousin/13633.mp4
cousin,video,/SL/cousin/13634.mp4
cousin,video,/SL/cousin/13635.mp4
cousin,video,/SL/cousin/13636.mp4
cousin,video,/SL/cousin/13637.mp4
cousin,video,/SL/cousin/13638.mp4
cousin,video,/SL/cousin/13639.mp4
cousin,video,/SL/cousin/13640.mp4
cousin,video,/SL/cousin/13641.mp4
cousin,video,/SL/cousin/13642.mp4
cousin,video,/SL/cousin/13646.mp4
cousin,video,/SL/cousin/13647.mp4
cousin,video,/SL/cousin/13648.mp4
cousin,video,/SL/cousin/65415.mp4
cover,video,/SL/cover/13656.mp4
cover,video,/SL/cover/13657.mp4
cover,video,/SL/cover/13659.mp4
cover,video,/SL/cover/13664.mp4
cover,video,/SL/cover/65416.mp4
cow,video,/SL/cow/13695.mp4
cow,video,/SL/cow/13696.mp4
cow,video,/SL/cow/13697.mp4
cow,video,/SL/cow/13698.mp4
cow,video,/SL/cow/13699.mp4
cow,video,/SL/cow/13702.mp4
cow,video,/SL/cow/13703.mp4
cow,video,/SL/cow/13710.mp4
cow,video,/SL/cow/69283.mp4
crab,video,/SL/crab/13732.mp4
crab,video,/SL/crab/13733.mp4
crab,video,/SL/crab/13734.mp4
crab,video,/SL/crab/13735.mp4
crab,video,/SL/crab/13737.mp4
crab,video,/SL/crab/13740.mp4
cracker,video,/SL/cracker/13744.mp4
cracker,video,/SL/cracker/13745.mp4
cracker,video,/SL/cracker/13746.mp4
cracker,video,/SL/cracker/13748.mp4
cracker,video,/SL/cracker/13749.mp4
cracker,video,/SL/cracker/13751.mp4
crash,video,/SL/crash/13799.mp4
crash,video,/SL/crash/13800.mp4
crash,video,/SL/crash/13803.mp4
crash,video,/SL/crash/13804.mp4
crash,video,/SL/crash/13805.mp4
crash,video,/SL/crash/13806.mp4
crash,video,/SL/crash/13812.mp4
crash,video,/SL/crash/13813.mp4
crash,video,/SL/crash/69284.mp4
crave,video,/SL/crave/13819.mp4
crave,video,/SL/crave/13820.mp4
crave,video,/SL/crave/13822.mp4
crave,video,/SL/crave/13824.mp4
crave,video,/SL/crave/65420.mp4
crazy,video,/SL/crazy/13854.mp4
crazy,video,/SL/crazy/13855.mp4
crazy,video,/SL/crazy/13858.mp4
crazy,video,/SL/crazy/13859.mp4
crazy,video,/SL/crazy/13863.mp4
crazy,video,/SL/crazy/65421.mp4
crazy,video,/SL/crazy/65422.mp4
create,video,/SL/create/13877.mp4
create,video,/SL/create/13878.mp4
create,video,/SL/create/13880.mp4
create,video,/SL/create/13881.mp4
crocodile,video,/SL/crocodile/14011.mp4
crocodile,video,/SL/crocodile/14013.mp4
crocodile,video,/SL/crocodile/14015.mp4
crocodile,video,/SL/crocodile/65425.mp4
cross,video,/SL/cross/14047.mp4
cross,video,/SL/cross/14048.mp4
cross,video,/SL/cross/14049.mp4
cross,video,/SL/cross/14051.mp4
cross,video,/SL/cross/14057.mp4
crown,video,/SL/crown/14102.mp4
crown,video,/SL/crown/14103.mp4
crown,video,/SL/crown/14105.mp4
crown,video,/SL/crown/14107.mp4
cruel,video,/SL/cruel/14126.mp4
cruel,video,/SL/cruel/14128.mp4
cruel,video,/SL/cruel/14129.mp4
cruel,video,/SL/cruel/14131.mp4
crush,video,/SL/crush/14157.mp4
crush,video,/SL/crush/14158.mp4
crush,video,/SL/crush/14162.mp4
crush,video,/SL/crush/69286.mp4
cry,video,/SL/cry/14174.mp4
cry,video,/SL/cry/14175.mp4
cry,video,/SL/cry/14176.mp4
cry,video,/SL/cry/14177.mp4
cry,video,/SL/cry/14180.mp4
cry,video,/SL/cry/14182.mp4
cry,video,/SL/cry/14183.mp4
cry,video,/SL/cry/14188.mp4
cry,video,/SL/cry/14190.mp4
cry,video,/SL/cry/65427.mp4
cuba,video,/SL/cuba/14202.mp4
cuba,video,/SL/cuba/14203.mp4
cuba,video,/SL/cuba/14204.mp4
cuba,video,/SL/cuba/14205.mp4
culture,video,/SL/culture/14254.mp4
culture,video,/SL/culture/14261.mp4
culture,video,/SL/culture/14267.mp4
culture,video,/SL/culture/65428.mp4
cup,video,/SL/cup/14287.mp4
cup,video,/SL/cup/14288.mp4
cup,video,/SL/cup/14289.mp4
cup,video,/SL/cup/14291.mp4
cup,video,/SL/cup/14292.mp4
cup,video,/SL/cup/14298.mp4
curious,video,/SL/curious/14312.mp4
curious,video,/SL/curious/14313.mp4
curious,video,/SL/curious/14314.mp4
curious,video,/SL/curious/14316.mp4
curious,video,/SL/curious/14319.mp4
curious,video,/SL/curious/65429.mp4
curriculum,video,/SL/curriculum/14366.mp4
curriculum,video,/SL/curriculum/14367.mp4
curriculum,video,/SL/curriculum/14368.mp4
curriculum,video,/SL/curriculum/14370.mp4
curriculum,video,/SL/curriculum/14373.mp4
curriculum,video,/SL/curriculum/65431.mp4
curse,video,/SL/curse/14375.mp4
curse,video,/SL/curse/14376.mp4
curse,video,/SL/curse/14378.mp4
curse,video,/SL/curse/14379.mp4
curse,video,/SL/curse/14380.mp4
curse,video,/SL/curse/14385.mp4
curtain,video,/SL/curtain/14393.mp4
curtain,video,/SL/curtain/14396.mp4
customer,video,/SL/customer/14432.mp4
customer,video,/SL/customer/14433.mp4
customer,video,/SL/customer/14437.mp4
customer,video,/SL/customer/14438.mp4
cut,video,/SL/cut/14466.mp4
cut,video,/SL/cut/14467.mp4
cut,video,/SL/cut/14477.mp4
cut,video,/SL/cut/14478.mp4
cut,video,/SL/cut/14479.mp4
cut,video,/SL/cut/14481.mp4
cut,video,/SL/cut/14482.mp4
cut,video,/SL/cut/14485.mp4
cute,video,/SL/cute/14451.mp4
cute,video,/SL/cute/14452.mp4
cute,video,/SL/cute/14453.mp4
cute,video,/SL/cute/14454.mp4
cute,video,/SL/cute/14457.mp4
cute,video,/SL/cute/14458.mp4
cute,video,/SL/cute/14461.mp4
d,video,/SL/d/15996.mp4
d,video,/SL/d/15997.mp4
d,video,/SL/d/15998.mp4
d,video,/SL/d/16000.mp4
d,video,/SL/d/66042.mp4
dad,video,/SL/dad/14565.mp4
dad,video,/SL/dad/14566.mp4
dad,video,/SL/dad/14567.mp4
dad,video,/SL/dad/14568.mp4
dad,video,/SL/dad/14569.mp4
dad,video,/SL/dad/14572.mp4
dad,video,/SL/dad/69289.mp4
daily,video,/SL/daily/14577.mp4
daily,video,/SL/daily/14578.mp4
daily,video,/SL/daily/14580.mp4
daily,video,/SL/daily/14584.mp4
daily,video,/SL/daily/65433.mp4
damage,video,/SL/damage/14602.mp4
damage,video,/SL/damage/14604.mp4
damage,video,/SL/damage/14606.mp4
damage,video,/SL/damage/14608.mp4
dance,video,/SL/dance/14622.mp4
dance,video,/SL/dance/14623.mp4
dance,video,/SL/dance/14624.mp4
dance,video,/SL/dance/14625.mp4
dance,video,/SL/dance/14627.mp4
dance,video,/SL/dance/14633.mp4
dance,video,/SL/dance/65434.mp4
dancer,video,/SL/dancer/14635.mp4
dancer,video,/SL/dancer/14636.mp4
dancer,video,/SL/dancer/14638.mp4
dancer,video,/SL/dancer/65436.mp4
danger,video,/SL/danger/14645.mp4
danger,video,/SL/danger/14646.mp4
danger,video,/SL/danger/14647.mp4
danger,video,/SL/danger/14648.mp4
danger,video,/SL/danger/14650.mp4
dangerous,video,/SL/dangerous/14652.mp4
dangerous,video,/SL/dangerous/14653.mp4
dangerous,video,/SL/dangerous/14656.mp4
dangerous,video,/SL/dangerous/14657.mp4
dangerous,video,/SL/dangerous/65437.mp4
dangerous,video,/SL/dangerous/65438.mp4
dark,video,/SL/dark/14671.mp4
dark,video,/SL/dark/14672.mp4
dark,video,/SL/dark/14673.mp4
dark,video,/SL/dark/14674.mp4
dark,video,/SL/dark/14675.mp4
dark,video,/SL/dark/14676.mp4
dark,video,/SL/dark/14680.mp4
dark,video,/SL/dark/14681.mp4
dark,video,/SL/dark/14685.mp4
dark,video,/SL/dark/65439.mp4
dark,video,/SL/dark/65440.mp4
dark,video,/SL/dark/69290.mp4
date,video,/SL/date/14728.mp4
date,video,/SL/date/14729.mp4
date,video,/SL/date/14734.mp4
date,video,/SL/date/14741.mp4
date,video,/SL/date/65442.mp4
daughter,video,/SL/daughter/14749.mp4
daughter,video,/SL/daughter/14750.mp4
daughter,video,/SL/daughter/14751.mp4
daughter,video,/SL/daughter/14752.mp4
daughter,video,/SL/daughter/14753.mp4
daughter,video,/SL/daughter/14754.mp4
daughter,video,/SL/daughter/14755.mp4
daughter,video,/SL/daughter/14756.mp4
daughter,video,/SL/daughter/14757.mp4
daughter,video,/SL/daughter/14760.mp4
daughter,video,/SL/daughter/65443.mp4
dawn,video,/SL/dawn/14773.mp4
dawn,video,/SL/dawn/14774.mp4
dawn,video,/SL/dawn/14775.mp4
dawn,video,/SL/dawn/14777.mp4
dawn,video,/SL/dawn/14778.mp4
day,video,/SL/day/14792.mp4
day,video,/SL/day/14793.mp4
day,video,/SL/day/14794.mp4
day,video,/SL/day/14795.mp4
day,video,/SL/day/14796.mp4
day,video,/SL/day/14799.mp4
day,video,/SL/day/14803.mp4
day,video,/SL/day/65444.mp4
day,video,/SL/day/69291.mp4
dead,video,/SL/dead/14835.mp4
dead,video,/SL/dead/14836.mp4
dead,video,/SL/dead/14837.mp4
dead,video,/SL/dead/14839.mp4
dead,video,/SL/dead/14845.mp4
deaf,video,/SL/deaf/14882.mp4
deaf,video,/SL/deaf/14883.mp4
deaf,video,/SL/deaf/14884.mp4
deaf,video,/SL/deaf/14885.mp4
deaf,video,/SL/deaf/14886.mp4
deaf,video,/SL/deaf/14887.mp4
deaf,video,/SL/deaf/14888.mp4
deaf,video,/SL/deaf/14893.mp4
deaf,video,/SL/deaf/14894.mp4
deaf,video,/SL/deaf/14903.mp4
deaf,video,/SL/deaf/65445.mp4
death,video,/SL/death/14952.mp4
death,video,/SL/death/14953.mp4
death,video,/SL/death/14954.mp4
death,video,/SL/death/14955.mp4
death,video,/SL/death/14957.mp4
debate,video,/SL/debate/14961.mp4
debate,video,/SL/debate/14964.mp4
debate,video,/SL/debate/14966.mp4
debate,video,/SL/debate/14968.mp4
debt,video,/SL/debt/14978.mp4
debt,video,/SL/debt/14979.mp4
debt,video,/SL/debt/14981.mp4
debt,video,/SL/debt/14984.mp4
december,video,/SL/december/15018.mp4
december,video,/SL/december/15019.mp4
december,video,/SL/december/15020.mp4
december,video,/SL/december/15022.mp4
december,video,/SL/december/15025.mp4
decide,video,/SL/decide/15032.mp4
decide,video,/SL/decide/15033.mp4
decide,video,/SL/decide/15034.mp4
decide,video,/SL/decide/15035.mp4
decide,video,/SL/decide/15037.mp4
decide,video,/SL/decide/15038.mp4
decide,video,/SL/decide/15043.mp4
decide,video,/SL/decide/65449.mp4
decide,video,/SL/decide/65450.mp4
decorate,video,/SL/decorate/15093.mp4
decorate,video,/SL/decorate/15094.mp4
decorate,video,/SL/decorate/15095.mp4
decorate,video,/SL/decorate/15096.mp4
decorate,video,/SL/decorate/15099.mp4
decorate,video,/SL/decorate/15100.mp4
decorate,video,/SL/decorate/15101.mp4
decorate,video,/SL/decorate/15103.mp4
decorate,video,/SL/decorate/65451.mp4
decrease,video,/SL/decrease/15110.mp4
decrease,video,/SL/decrease/15111.mp4
decrease,video,/SL/decrease/15112.mp4
decrease,video,/SL/decrease/15116.mp4
decrease,video,/SL/decrease/15120.mp4
deduct,video,/SL/deduct/15139.mp4
deduct,video,/SL/deduct/15140.mp4
deduct,video,/SL/deduct/15141.mp4
deduct,video,/SL/deduct/15142.mp4
deduct,video,/SL/deduct/15143.mp4
deduct,video,/SL/deduct/15144.mp4
deduct,video,/SL/deduct/15145.mp4
deduct,video,/SL/deduct/15146.mp4
deep,video,/SL/deep/15157.mp4
deep,video,/SL/deep/15158.mp4
deep,video,/SL/deep/15159.mp4
deep,video,/SL/deep/15160.mp4
deep,video,/SL/deep/15161.mp4
deep,video,/SL/deep/15162.mp4
deep,video,/SL/deep/15163.mp4
deep,video,/SL/deep/15166.mp4
deep,video,/SL/deep/65453.mp4
deer,video,/SL/deer/15171.mp4
deer,video,/SL/deer/15172.mp4
deer,video,/SL/deer/15173.mp4
deer,video,/SL/deer/15174.mp4
deer,video,/SL/deer/15175.mp4
deer,video,/SL/deer/15176.mp4
deer,video,/SL/deer/15177.mp4
deer,video,/SL/deer/15180.mp4
deer,video,/SL/deer/69292.mp4
defeat,video,/SL/defeat/15185.mp4
defeat,video,/SL/defeat/15187.mp4
defeat,video,/SL/defeat/15196.mp4
defeat,video,/SL/defeat/15199.mp4
defend,video,/SL/defend/15213.mp4
defend,video,/SL/defend/15214.mp4
defend,video,/SL/defend/15215.mp4
defend,video,/SL/defend/15217.mp4
defend,video,/SL/defend/15219.mp4
degree,video,/SL/degree/15293.mp4
degree,video,/SL/degree/15294.mp4
degree,video,/SL/degree/15296.mp4
degree,video,/SL/degree/15297.mp4
degree,video,/SL/degree/15302.mp4
degree,video,/SL/degree/65454.mp4
delay,video,/SL/delay/15319.mp4
delay,video,/SL/delay/15320.mp4
delay,video,/SL/delay/15321.mp4
delay,video,/SL/delay/15322.mp4
delay,video,/SL/delay/15323.mp4
delay,video,/SL/delay/15325.mp4
delay,video,/SL/delay/15326.mp4
delay,video,/SL/delay/15327.mp4
delay,video,/SL/delay/15328.mp4
delay,video,/SL/delay/15330.mp4
delay,video,/SL/delay/15332.mp4
delicious,video,/SL/delicious/15361.mp4
delicious,video,/SL/delicious/15362.mp4
delicious,video,/SL/delicious/15363.mp4
delicious,video,/SL/delicious/15364.mp4
delicious,video,/SL/delicious/15365.mp4
delicious,video,/SL/delicious/15366.mp4
delicious,video,/SL/delicious/15369.mp4
delicious,video,/SL/delicious/15370.mp4
delicious,video,/SL/delicious/15374.mp4
delicious,video,/SL/delicious/65457.mp4
deliver,video,/SL/deliver/15401.mp4
deliver,video,/SL/deliver/15402.mp4
deliver,video,/SL/deliver/15405.mp4
deliver,video,/SL/deliver/15406.mp4
demand,video,/SL/demand/15422.mp4
demand,video,/SL/demand/15423.mp4
demand,video,/SL/demand/15424.mp4
demand,video,/SL/demand/15425.mp4
demand,video,/SL/demand/15426.mp4
demand,video,/SL/demand/15428.mp4
demand,video,/SL/demand/15430.mp4
demand,video,/SL/demand/65458.mp4
democrat,video,/SL/democrat/15448.mp4
democrat,video,/SL/democrat/15449.mp4
democrat,video,/SL/democrat/15450.mp4
democrat,video,/SL/democrat/15453.mp4
demonstrate,video,/SL/demonstrate/15474.mp4
demonstrate,video,/SL/demonstrate/15475.mp4
demonstrate,video,/SL/demonstrate/15476.mp4
demonstrate,video,/SL/demonstrate/15477.mp4
demonstrate,video,/SL/demonstrate/15479.mp4
demonstrate,video,/SL/demonstrate/15481.mp4
dentist,video,/SL/dentist/15528.mp4
dentist,video,/SL/dentist/15529.mp4
dentist,video,/SL/dentist/15530.mp4
dentist,video,/SL/dentist/15531.mp4
dentist,video,/SL/dentist/15533.mp4
dentist,video,/SL/dentist/15534.mp4
dentist,video,/SL/dentist/15537.mp4
dentist,video,/SL/dentist/65460.mp4
deny,video,/SL/deny/15547.mp4
deny,video,/SL/deny/15548.mp4
deny,video,/SL/deny/15549.mp4
deny,video,/SL/deny/15551.mp4
deny,video,/SL/deny/65461.mp4
deodorant,video,/SL/deodorant/15557.mp4
deodorant,video,/SL/deodorant/15558.mp4
deodorant,video,/SL/deodorant/15559.mp4
deodorant,video,/SL/deodorant/15560.mp4
deodorant,video,/SL/deodorant/15561.mp4
deodorant,video,/SL/deodorant/15564.mp4
deodorant,video,/SL/deodorant/65462.mp4
department,video,/SL/department/15577.mp4
department,video,/SL/department/15578.mp4
department,video,/SL/department/15584.mp4
department,video,/SL/department/65464.mp4
depend,video,/SL/depend/15601.mp4
depend,video,/SL/depend/15602.mp4
depend,video,/SL/depend/15603.mp4
depend,video,/SL/depend/15606.mp4
depend,video,/SL/depend/15607.mp4
depend,video,/SL/depend/15610.mp4
depend,video,/SL/depend/65465.mp4
deposit,video,/SL/deposit/15631.mp4
deposit,video,/SL/deposit/15632.mp4
deposit,video,/SL/deposit/15633.mp4
deposit,video,/SL/deposit/15635.mp4
deposit,video,/SL/deposit/15638.mp4
depressed,video,/SL/depressed/15648.mp4
depressed,video,/SL/depressed/15649.mp4
depressed,video,/SL/depressed/15650.mp4
depressed,video,/SL/depressed/15652.mp4
depressed,video,/SL/depressed/65466.mp4
descend,video,/SL/descend/15695.mp4
descend,video,/SL/descend/15701.mp4
descend,video,/SL/descend/15702.mp4
descend,video,/SL/descend/15704.mp4
describe,video,/SL/describe/15706.mp4
describe,video,/SL/describe/15707.mp4
describe,video,/SL/describe/15708.mp4
describe,video,/SL/describe/15709.mp4
describe,video,/SL/describe/15711.mp4
describe,video,/SL/describe/15713.mp4
describe,video,/SL/describe/69294.mp4
desert,video,/SL/desert/15721.mp4
desert,video,/SL/desert/15723.mp4
desert,video,/SL/desert/15724.mp4
desert,video,/SL/desert/15725.mp4
desert,video,/SL/desert/15728.mp4
desert,video,/SL/desert/15732.mp4
desert,video,/SL/desert/65467.mp4
design,video,/SL/design/15750.mp4
design,video,/SL/design/15751.mp4
design,video,/SL/design/15753.mp4
design,video,/SL/design/15755.mp4
design,video,/SL/design/65468.mp4
desk,video,/SL/desk/15772.mp4
desk,video,/SL/desk/15773.mp4
desk,video,/SL/desk/15774.mp4
desk,video,/SL/desk/15775.mp4
desk,video,/SL/desk/15776.mp4
desk,video,/SL/desk/15781.mp4
dessert,video,/SL/dessert/15808.mp4
dessert,video,/SL/dessert/15809.mp4
dessert,video,/SL/dessert/15810.mp4
dessert,video,/SL/dessert/15811.mp4
dessert,video,/SL/dessert/15813.mp4
dessert,video,/SL/dessert/15815.mp4
dessert,video,/SL/dessert/15817.mp4
dessert,video,/SL/dessert/65470.mp4
destroy,video,/SL/destroy/15826.mp4
destroy,video,/SL/destroy/15827.mp4
destroy,video,/SL/destroy/15828.mp4
destroy,video,/SL/destroy/15829.mp4
destroy,video,/SL/destroy/15831.mp4
destroy,video,/SL/destroy/15835.mp4
destroy,video,/SL/destroy/65471.mp4
detach,video,/SL/detach/15844.mp4
detach,video,/SL/detach/15845.mp4
detach,video,/SL/detach/15849.mp4
detach,video,/SL/detach/15850.mp4
detective,video,/SL/detective/15876.mp4
detective,video,/SL/detective/15878.mp4
detective,video,/SL/detective/15880.mp4
determine,video,/SL/determine/15899.mp4
determine,video,/SL/determine/15900.mp4
determine,video,/SL/determine/15904.mp4
determine,video,/SL/determine/15907.mp4
develop,video,/SL/develop/15933.mp4
develop,video,/SL/develop/15934.mp4
develop,video,/SL/develop/15935.mp4
develop,video,/SL/develop/15936.mp4
develop,video,/SL/develop/15937.mp4
develop,video,/SL/develop/15938.mp4
develop,video,/SL/develop/15941.mp4
develop,video,/SL/develop/65472.mp4
develop,video,/SL/develop/65473.mp4
devil,video,/SL/devil/15957.mp4
devil,video,/SL/devil/15958.mp4
devil,video,/SL/devil/65474.mp4
diabetes,video,/SL/diabetes/16002.mp4
diabetes,video,/SL/diabetes/16004.mp4
diabetes,video,/SL/diabetes/16005.mp4
diabetes,video,/SL/diabetes/16006.mp4
diabetes,video,/SL/diabetes/16007.mp4
diabetes,video,/SL/diabetes/16009.mp4
diamond,video,/SL/diamond/16061.mp4
diamond,video,/SL/diamond/16063.mp4
diamond,video,/SL/diamond/16065.mp4
diamond,video,/SL/diamond/16066.mp4
diamond,video,/SL/diamond/16069.mp4
diamond,video,/SL/diamond/16073.mp4
diamond,video,/SL/diamond/65476.mp4
diaper,video,/SL/diaper/16081.mp4
diaper,video,/SL/diaper/16082.mp4
diaper,video,/SL/diaper/16083.mp4
diaper,video,/SL/diaper/16084.mp4
diaper,video,/SL/diaper/16085.mp4
diaper,video,/SL/diaper/16087.mp4
diaper,video,/SL/diaper/65477.mp4
diarrhea,video,/SL/diarrhea/16097.mp4
diarrhea,video,/SL/diarrhea/16098.mp4
diarrhea,video,/SL/diarrhea/16099.mp4
diarrhea,video,/SL/diarrhea/16100.mp4
diarrhea,video,/SL/diarrhea/16101.mp4
diarrhea,video,/SL/diarrhea/16102.mp4
diarrhea,video,/SL/diarrhea/16104.mp4
dice,video,/SL/dice/16110.mp4
dice,video,/SL/dice/16114.mp4
dice,video,/SL/dice/16117.mp4
dice,video,/SL/dice/65478.mp4
dictionary,video,/SL/dictionary/16124.mp4
dictionary,video,/SL/dictionary/16125.mp4
dictionary,video,/SL/dictionary/16126.mp4
dictionary,video,/SL/dictionary/16127.mp4
dictionary,video,/SL/dictionary/16131.mp4
dictionary,video,/SL/dictionary/16134.mp4
die,video,/SL/die/16161.mp4
die,video,/SL/die/16164.mp4
die,video,/SL/die/16168.mp4
die,video,/SL/die/65479.mp4
different,video,/SL/different/16191.mp4
different,video,/SL/different/16192.mp4
different,video,/SL/different/16193.mp4
different,video,/SL/different/16194.mp4
different,video,/SL/different/16195.mp4
different,video,/SL/different/16196.mp4
different,video,/SL/different/16197.mp4
different,video,/SL/different/16198.mp4
different,video,/SL/different/16203.mp4
different,video,/SL/different/65480.mp4
difficult,video,/SL/difficult/16212.mp4
difficult,video,/SL/difficult/16213.mp4
difficult,video,/SL/difficult/16214.mp4
difficult,video,/SL/difficult/16216.mp4
difficult,video,/SL/difficult/16220.mp4
dig,video,/SL/dig/16231.mp4
dig,video,/SL/dig/16233.mp4
dig,video,/SL/dig/16235.mp4
dig,video,/SL/dig/16238.mp4
dig,video,/SL/dig/16241.mp4
dime,video,/SL/dime/16268.mp4
dime,video,/SL/dime/16269.mp4
dime,video,/SL/dime/16270.mp4
dime,video,/SL/dime/16271.mp4
dime,video,/SL/dime/16272.mp4
dime,video,/SL/dime/16274.mp4
dining room,video,/SL/dining room/16314.mp4
dining room,video,/SL/dining room/16315.mp4
dining room,video,/SL/dining room/16316.mp4
dining room,video,/SL/dining room/16317.mp4
dining room,video,/SL/dining room/16319.mp4
dinner,video,/SL/dinner/16322.mp4
dinner,video,/SL/dinner/16323.mp4
dinner,video,/SL/dinner/16324.mp4
dinner,video,/SL/dinner/16325.mp4
dinner,video,/SL/dinner/16326.mp4
dinner,video,/SL/dinner/16327.mp4
dinner,video,/SL/dinner/16328.mp4
dinner,video,/SL/dinner/16330.mp4
dinosaur,video,/SL/dinosaur/16333.mp4
dinosaur,video,/SL/dinosaur/16334.mp4
dinosaur,video,/SL/dinosaur/16335.mp4
dinosaur,video,/SL/dinosaur/16336.mp4
dinosaur,video,/SL/dinosaur/16337.mp4
dinosaur,video,/SL/dinosaur/16342.mp4
dinosaur,video,/SL/dinosaur/65483.mp4
diploma,video,/SL/diploma/16351.mp4
diploma,video,/SL/diploma/16352.mp4
diploma,video,/SL/diploma/16353.mp4
diploma,video,/SL/diploma/16354.mp4
diploma,video,/SL/diploma/16355.mp4
diploma,video,/SL/diploma/16358.mp4
director,video,/SL/director/16383.mp4
director,video,/SL/director/16384.mp4
director,video,/SL/director/16386.mp4
director,video,/SL/director/65484.mp4
dirt,video,/SL/dirt/16394.mp4
dirt,video,/SL/dirt/16396.mp4
dirt,video,/SL/dirt/16397.mp4
dirt,video,/SL/dirt/16398.mp4
dirt,video,/SL/dirt/16400.mp4
dirty,video,/SL/dirty/16404.mp4
dirty,video,/SL/dirty/16405.mp4
dirty,video,/SL/dirty/16406.mp4
dirty,video,/SL/dirty/16407.mp4
dirty,video,/SL/dirty/16409.mp4
dirty,video,/SL/dirty/16411.mp4
dirty,video,/SL/dirty/16412.mp4
dirty,video,/SL/dirty/65485.mp4
dirty,video,/SL/dirty/69296.mp4
disagree,video,/SL/disagree/16428.mp4
disagree,video,/SL/disagree/16429.mp4
disagree,video,/SL/disagree/16430.mp4
disagree,video,/SL/disagree/16431.mp4
disagree,video,/SL/disagree/16432.mp4
disagree,video,/SL/disagree/16436.mp4
disappear,video,/SL/disappear/16438.mp4
disappear,video,/SL/disappear/16439.mp4
disappear,video,/SL/disappear/16440.mp4
disappear,video,/SL/disappear/16441.mp4
disappear,video,/SL/disappear/16442.mp4
disappear,video,/SL/disappear/16443.mp4
disappear,video,/SL/disappear/16444.mp4
disappear,video,/SL/disappear/16450.mp4
discipline,video,/SL/discipline/16502.mp4
discipline,video,/SL/discipline/16503.mp4
discipline,video,/SL/discipline/16504.mp4
discipline,video,/SL/discipline/16505.mp4
discipline,video,/SL/discipline/16506.mp4
discipline,video,/SL/discipline/16511.mp4
disconnect,video,/SL/disconnect/16525.mp4
disconnect,video,/SL/disconnect/16526.mp4
disconnect,video,/SL/disconnect/16527.mp4
disconnect,video,/SL/disconnect/16528.mp4
disconnect,video,/SL/disconnect/16529.mp4
disconnect,video,/SL/disconnect/16530.mp4
disconnect,video,/SL/disconnect/16531.mp4
disconnect,video,/SL/disconnect/65488.mp4
disconnect,video,/SL/disconnect/65489.mp4
discount,video,/SL/discount/16541.mp4
discount,video,/SL/discount/16542.mp4
discount,video,/SL/discount/16543.mp4
discount,video,/SL/discount/16544.mp4
discount,video,/SL/discount/16546.mp4
discover,video,/SL/discover/16560.mp4
discover,video,/SL/discover/16561.mp4
discover,video,/SL/discover/16562.mp4
discover,video,/SL/discover/16563.mp4
discover,video,/SL/discover/16564.mp4
discover,video,/SL/discover/16565.mp4
discover,video,/SL/discover/16567.mp4
discover,video,/SL/discover/16569.mp4
discuss,video,/SL/discuss/16585.mp4
discuss,video,/SL/discuss/16586.mp4
discuss,video,/SL/discuss/16587.mp4
discuss,video,/SL/discuss/16588.mp4
discuss,video,/SL/discuss/16590.mp4
discuss,video,/SL/discuss/16591.mp4
discuss,video,/SL/discuss/16592.mp4
discuss,video,/SL/discuss/16593.mp4
discuss,video,/SL/discuss/16598.mp4
discuss,video,/SL/discuss/65491.mp4
disgust,video,/SL/disgust/16640.mp4
disgust,video,/SL/disgust/16641.mp4
disgust,video,/SL/disgust/16642.mp4
disgust,video,/SL/disgust/16643.mp4
disgust,video,/SL/disgust/16644.mp4
disgust,video,/SL/disgust/16646.mp4
disgusted,video,/SL/disgusted/16635.mp4
disgusted,video,/SL/disgusted/16636.mp4
disgusted,video,/SL/disgusted/16637.mp4
disgusted,video,/SL/disgusted/16639.mp4
disgusted,video,/SL/disgusted/65492.mp4
dismiss,video,/SL/dismiss/16703.mp4
dismiss,video,/SL/dismiss/16704.mp4
dismiss,video,/SL/dismiss/16705.mp4
dismiss,video,/SL/dismiss/16706.mp4
dismiss,video,/SL/dismiss/16707.mp4
dismiss,video,/SL/dismiss/16709.mp4
dissolve,video,/SL/dissolve/16804.mp4
dissolve,video,/SL/dissolve/16805.mp4
dissolve,video,/SL/dissolve/16806.mp4
dissolve,video,/SL/dissolve/16807.mp4
dissolve,video,/SL/dissolve/16808.mp4
dissolve,video,/SL/dissolve/16809.mp4
dissolve,video,/SL/dissolve/16811.mp4
dissolve,video,/SL/dissolve/65494.mp4
disturb,video,/SL/disturb/16872.mp4
disturb,video,/SL/disturb/16873.mp4
disturb,video,/SL/disturb/16874.mp4
disturb,video,/SL/disturb/16877.mp4
disturb,video,/SL/disturb/16878.mp4
disturb,video,/SL/disturb/16880.mp4
dive,video,/SL/dive/16890.mp4
dive,video,/SL/dive/16891.mp4
dive,video,/SL/dive/16892.mp4
dive,video,/SL/dive/16893.mp4
dive,video,/SL/dive/16894.mp4
dive,video,/SL/dive/16895.mp4
dive,video,/SL/dive/16896.mp4
dive,video,/SL/dive/16897.mp4
dive,video,/SL/dive/16899.mp4
dive,video,/SL/dive/65495.mp4
divide,video,/SL/divide/16925.mp4
divide,video,/SL/divide/16926.mp4
divide,video,/SL/divide/16927.mp4
divide,video,/SL/divide/16928.mp4
divide,video,/SL/divide/16930.mp4
divide,video,/SL/divide/16936.mp4
divide,video,/SL/divide/65499.mp4
division,video,/SL/division/16950.mp4
division,video,/SL/division/16951.mp4
division,video,/SL/division/16955.mp4
division,video,/SL/division/16958.mp4
divorce,video,/SL/divorce/16963.mp4
divorce,video,/SL/divorce/16965.mp4
divorce,video,/SL/divorce/16966.mp4
divorce,video,/SL/divorce/16968.mp4
divorce,video,/SL/divorce/16971.mp4
divorce,video,/SL/divorce/16972.mp4
divorce,video,/SL/divorce/16976.mp4
dizzy,video,/SL/dizzy/16982.mp4
dizzy,video,/SL/dizzy/16984.mp4
dizzy,video,/SL/dizzy/16985.mp4
dizzy,video,/SL/dizzy/16986.mp4
dizzy,video,/SL/dizzy/65501.mp4
doctor,video,/SL/doctor/17013.mp4
doctor,video,/SL/doctor/17014.mp4
doctor,video,/SL/doctor/17015.mp4
doctor,video,/SL/doctor/17016.mp4
doctor,video,/SL/doctor/17017.mp4
doctor,video,/SL/doctor/17018.mp4
doctor,video,/SL/doctor/17019.mp4
doctor,video,/SL/doctor/17020.mp4
doctor,video,/SL/doctor/17026.mp4
doctor,video,/SL/doctor/65503.mp4
doctor,video,/SL/doctor/65504.mp4
document,video,/SL/document/17036.mp4
document,video,/SL/document/17037.mp4
document,video,/SL/document/17038.mp4
document,video,/SL/document/17039.mp4
document,video,/SL/document/17041.mp4
document,video,/SL/document/17042.mp4
document,video,/SL/document/65505.mp4
dog,video,/SL/dog/17083.mp4
dog,video,/SL/dog/17084.mp4
dog,video,/SL/dog/17085.mp4
dog,video,/SL/dog/17086.mp4
dog,video,/SL/dog/17087.mp4
dog,video,/SL/dog/17090.mp4
dog,video,/SL/dog/17091.mp4
dog,video,/SL/dog/17097.mp4
dog,video,/SL/dog/65506.mp4
dog,video,/SL/dog/65507.mp4
dog,video,/SL/dog/69298.mp4
doll,video,/SL/doll/17144.mp4
doll,video,/SL/doll/17145.mp4
doll,video,/SL/doll/17146.mp4
doll,video,/SL/doll/17149.mp4
doll,video,/SL/doll/17153.mp4
doll,video,/SL/doll/65510.mp4
doll,video,/SL/doll/69299.mp4
dollar,video,/SL/dollar/17124.mp4
dollar,video,/SL/dollar/17125.mp4
dollar,video,/SL/dollar/17126.mp4
dollar,video,/SL/dollar/17127.mp4
dollar,video,/SL/dollar/17128.mp4
dollar,video,/SL/dollar/17132.mp4
dollar,video,/SL/dollar/17133.mp4
dollar,video,/SL/dollar/17135.mp4
dolphin,video,/SL/dolphin/17157.mp4
dolphin,video,/SL/dolphin/17158.mp4
dolphin,video,/SL/dolphin/17159.mp4
dolphin,video,/SL/dolphin/17160.mp4
dolphin,video,/SL/dolphin/17166.mp4
don't want,video,/SL/don't want/17298.mp4
don't want,video,/SL/don't want/17300.mp4
don't want,video,/SL/don't want/17301.mp4
don't want,video,/SL/don't want/17302.mp4
don't want,video,/SL/don't want/17306.mp4
don't want,video,/SL/don't want/65518.mp4
done,video,/SL/done/17206.mp4
done,video,/SL/done/17209.mp4
done,video,/SL/done/17212.mp4
done,video,/SL/done/17214.mp4
done,video,/SL/done/69300.mp4
door,video,/SL/door/17324.mp4
door,video,/SL/door/17325.mp4
door,video,/SL/door/17326.mp4
door,video,/SL/door/17327.mp4
door,video,/SL/door/17330.mp4
door,video,/SL/door/17336.mp4
door,video,/SL/door/65520.mp4
dorm,video,/SL/dorm/17352.mp4
dorm,video,/SL/dorm/17353.mp4
dorm,video,/SL/dorm/17354.mp4
dorm,video,/SL/dorm/17355.mp4
dorm,video,/SL/dorm/17356.mp4
dorm,video,/SL/dorm/17359.mp4
dormitory,video,/SL/dormitory/17361.mp4
dormitory,video,/SL/dormitory/17362.mp4
dormitory,video,/SL/dormitory/17363.mp4
dormitory,video,/SL/dormitory/17364.mp4
dormitory,video,/SL/dormitory/17365.mp4
dormitory,video,/SL/dormitory/65522.mp4
double,video,/SL/double/17377.mp4
double,video,/SL/double/17378.mp4
double,video,/SL/double/17379.mp4
double,video,/SL/double/17381.mp4
double,video,/SL/double/17384.mp4
double,video,/SL/double/65523.mp4
doubt,video,/SL/doubt/17390.mp4
doubt,video,/SL/doubt/17391.mp4
doubt,video,/SL/doubt/17394.mp4
doubt,video,/SL/doubt/17395.mp4
doubt,video,/SL/doubt/17400.mp4
doubt,video,/SL/doubt/65524.mp4
down,video,/SL/down/17428.mp4
down,video,/SL/down/17429.mp4
down,video,/SL/down/17430.mp4
down,video,/SL/down/17431.mp4
down,video,/SL/down/17433.mp4
down,video,/SL/down/17436.mp4
down,video,/SL/down/65526.mp4
down,video,/SL/down/69301.mp4
downstairs,video,/SL/downstairs/17456.mp4
downstairs,video,/SL/downstairs/17457.mp4
downstairs,video,/SL/downstairs/17458.mp4
downstairs,video,/SL/downstairs/17460.mp4
drag,video,/SL/drag/17512.mp4
drag,video,/SL/drag/17514.mp4
drag,video,/SL/drag/17521.mp4
dragon,video,/SL/dragon/17529.mp4
dragon,video,/SL/dragon/17530.mp4
dragon,video,/SL/dragon/17532.mp4
drama,video,/SL/drama/17557.mp4
drama,video,/SL/drama/17559.mp4
drama,video,/SL/drama/17560.mp4
drama,video,/SL/drama/17562.mp4
drama,video,/SL/drama/17564.mp4
draw,video,/SL/draw/17594.mp4
draw,video,/SL/draw/17595.mp4
draw,video,/SL/draw/17596.mp4
draw,video,/SL/draw/17600.mp4
draw,video,/SL/draw/17607.mp4
draw,video,/SL/draw/65531.mp4
drawer,video,/SL/drawer/17581.mp4
drawer,video,/SL/drawer/17582.mp4
drawer,video,/SL/drawer/17583.mp4
drawer,video,/SL/drawer/17585.mp4
drawer,video,/SL/drawer/17586.mp4
drawer,video,/SL/drawer/17589.mp4
drawer,video,/SL/drawer/65532.mp4
dream,video,/SL/dream/17627.mp4
dream,video,/SL/dream/17628.mp4
dream,video,/SL/dream/17633.mp4
dream,video,/SL/dream/17636.mp4
dream,video,/SL/dream/65533.mp4
dream,video,/SL/dream/65534.mp4
dress,video,/SL/dress/17654.mp4
dress,video,/SL/dress/17655.mp4
dress,video,/SL/dress/17656.mp4
dress,video,/SL/dress/17657.mp4
dress,video,/SL/dress/17659.mp4
dress,video,/SL/dress/17660.mp4
dress,video,/SL/dress/17665.mp4
dress,video,/SL/dress/65535.mp4
drink,video,/SL/drink/17709.mp4
drink,video,/SL/drink/17710.mp4
drink,video,/SL/drink/17711.mp4
drink,video,/SL/drink/17712.mp4
drink,video,/SL/drink/17713.mp4
drink,video,/SL/drink/17720.mp4
drink,video,/SL/drink/17721.mp4
drink,video,/SL/drink/17722.mp4
drink,video,/SL/drink/17723.mp4
drink,video,/SL/drink/17724.mp4
drink,video,/SL/drink/17733.mp4
drink,video,/SL/drink/17734.mp4
drink,video,/SL/drink/65539.mp4
drink,video,/SL/drink/65540.mp4
drink,video,/SL/drink/69302.mp4
drive,video,/SL/drive/17758.mp4
drive,video,/SL/drive/17761.mp4
drive,video,/SL/drive/17762.mp4
drive,video,/SL/drive/17766.mp4
drive,video,/SL/drive/17768.mp4
drive,video,/SL/drive/17773.mp4
drive,video,/SL/drive/65542.mp4
drop,video,/SL/drop/17820.mp4
drop,video,/SL/drop/17821.mp4
drop,video,/SL/drop/17822.mp4
drop,video,/SL/drop/17823.mp4
drop,video,/SL/drop/17824.mp4
drop,video,/SL/drop/17827.mp4
drop,video,/SL/drop/17828.mp4
drop,video,/SL/drop/17832.mp4
drop,video,/SL/drop/65544.mp4
drug,video,/SL/drug/17877.mp4
drug,video,/SL/drug/17878.mp4
drug,video,/SL/drug/17883.mp4
drug,video,/SL/drug/17889.mp4
drum,video,/SL/drum/17896.mp4
drum,video,/SL/drum/17897.mp4
drum,video,/SL/drum/17900.mp4
drum,video,/SL/drum/65547.mp4
drum,video,/SL/drum/69303.mp4
drunk,video,/SL/drunk/17910.mp4
drunk,video,/SL/drunk/17911.mp4
drunk,video,/SL/drunk/17912.mp4
drunk,video,/SL/drunk/17914.mp4
drunk,video,/SL/drunk/17915.mp4
drunk,video,/SL/drunk/17918.mp4
drunk,video,/SL/drunk/65548.mp4
dry,video,/SL/dry/17930.mp4
dry,video,/SL/dry/17931.mp4
dry,video,/SL/dry/17932.mp4
dry,video,/SL/dry/17933.mp4
dry,video,/SL/dry/17934.mp4
dry,video,/SL/dry/17935.mp4
dry,video,/SL/dry/17936.mp4
dry,video,/SL/dry/17939.mp4
dry,video,/SL/dry/65549.mp4
dry,video,/SL/dry/69304.mp4
duck,video,/SL/duck/17948.mp4
duck,video,/SL/duck/17949.mp4
duck,video,/SL/duck/17950.mp4
duck,video,/SL/duck/17951.mp4
duck,video,/SL/duck/17955.mp4
duck,video,/SL/duck/65551.mp4
duck,video,/SL/duck/69305.mp4
due,video,/SL/due/17959.mp4
due,video,/SL/due/17960.mp4
due,video,/SL/due/17961.mp4
due,video,/SL/due/17964.mp4
due,video,/SL/due/17965.mp4
due,video,/SL/due/65552.mp4
dull,video,/SL/dull/17968.mp4
dull,video,/SL/dull/17969.mp4
dull,video,/SL/dull/17974.mp4
dull,video,/SL/dull/17975.mp4
dull,video,/SL/dull/17976.mp4
dull,video,/SL/dull/17979.mp4
dumb,video,/SL/dumb/17988.mp4
dumb,video,/SL/dumb/17992.mp4
dumb,video,/SL/dumb/17995.mp4
dumb,video,/SL/dumb/65553.mp4
during,video,/SL/during/18028.mp4
during,video,/SL/during/18029.mp4
during,video,/SL/during/18030.mp4
during,video,/SL/during/18031.mp4
during,video,/SL/during/18032.mp4
during,video,/SL/during/18036.mp4
dusk,video,/SL/dusk/18037.mp4
dusk,video,/SL/dusk/18038.mp4
dusk,video,/SL/dusk/18039.mp4
dusk,video,/SL/dusk/18040.mp4
dusk,video,/SL/dusk/18042.mp4
dusk,video,/SL/dusk/18043.mp4
duty,video,/SL/duty/18058.mp4
duty,video,/SL/duty/18059.mp4
duty,video,/SL/duty/18060.mp4
duty,video,/SL/duty/18061.mp4
duty,video,/SL/duty/18068.mp4
duty,video,/SL/duty/65554.mp4
dvd,video,/SL/dvd/18069.mp4
dvd,video,/SL/dvd/18070.mp4
dvd,video,/SL/dvd/18071.mp4
dvd,video,/SL/dvd/18072.mp4
dvd,video,/SL/dvd/18073.mp4
dye,video,/SL/dye/18091.mp4
dye,video,/SL/dye/18092.mp4
dye,video,/SL/dye/18093.mp4
dye,video,/SL/dye/18094.mp4
dye,video,/SL/dye/18095.mp4
dye,video,/SL/dye/18096.mp4
e,video,/SL/e/18533.mp4
e,video,/SL/e/18534.mp4
e,video,/SL/e/18535.mp4
e,video,/SL/e/18537.mp4
e,video,/SL/e/66043.mp4
each,video,/SL/each/18109.mp4
each,video,/SL/each/18110.mp4
each,video,/SL/each/18113.mp4
each,video,/SL/each/18118.mp4
eagle,video,/SL/eagle/18138.mp4
eagle,video,/SL/eagle/18139.mp4
eagle,video,/SL/eagle/18140.mp4
eagle,video,/SL/eagle/18142.mp4
eagle,video,/SL/eagle/18144.mp4
eagle,video,/SL/eagle/65588.mp4
eagle,video,/SL/eagle/65589.mp4
ear,video,/SL/ear/18154.mp4
ear,video,/SL/ear/18155.mp4
ear,video,/SL/ear/18156.mp4
ear,video,/SL/ear/18158.mp4
ear,video,/SL/ear/18161.mp4
ear,video,/SL/ear/65590.mp4
ear,video,/SL/ear/65591.mp4
ear,video,/SL/ear/69306.mp4
early,video,/SL/early/18166.mp4
early,video,/SL/early/18167.mp4
early,video,/SL/early/18168.mp4
early,video,/SL/early/18169.mp4
early,video,/SL/early/18178.mp4
early,video,/SL/early/18184.mp4
earn,video,/SL/earn/18195.mp4
earn,video,/SL/earn/18196.mp4
earn,video,/SL/earn/18197.mp4
earn,video,/SL/earn/18199.mp4
earn,video,/SL/earn/18204.mp4
earn,video,/SL/earn/65594.mp4
earring,video,/SL/earring/18219.mp4
earring,video,/SL/earring/18220.mp4
earring,video,/SL/earring/18221.mp4
earring,video,/SL/earring/18225.mp4
earring,video,/SL/earring/18228.mp4
earring,video,/SL/earring/65595.mp4
earth,video,/SL/earth/18241.mp4
earth,video,/SL/earth/18242.mp4
earth,video,/SL/earth/18243.mp4
earth,video,/SL/earth/18245.mp4
earth,video,/SL/earth/18246.mp4
earth,video,/SL/earth/18248.mp4
earthquake,video,/SL/earthquake/18254.mp4
earthquake,video,/SL/earthquake/18255.mp4
earthquake,video,/SL/earthquake/18256.mp4
earthquake,video,/SL/earthquake/18258.mp4
earthquake,video,/SL/earthquake/65596.mp4
east,video,/SL/east/18288.mp4
east,video,/SL/east/18289.mp4
east,video,/SL/east/18290.mp4
east,video,/SL/east/18291.mp4
east,video,/SL/east/18292.mp4
east,video,/SL/east/18294.mp4
east,video,/SL/east/18298.mp4
east,video,/SL/east/65597.mp4
easter,video,/SL/easter/18272.mp4
easter,video,/SL/easter/18273.mp4
easter,video,/SL/easter/18275.mp4
easter,video,/SL/easter/18276.mp4
easter,video,/SL/easter/18279.mp4
easter,video,/SL/easter/18280.mp4
easter,video,/SL/easter/65599.mp4
easy,video,/SL/easy/18306.mp4
easy,video,/SL/easy/18307.mp4
easy,video,/SL/easy/18308.mp4
easy,video,/SL/easy/18311.mp4
easy,video,/SL/easy/18315.mp4
easy,video,/SL/easy/65600.mp4
eat,video,/SL/eat/18323.mp4
eat,video,/SL/eat/18324.mp4
eat,video,/SL/eat/18325.mp4
eat,video,/SL/eat/18329.mp4
eat,video,/SL/eat/18335.mp4
eat,video,/SL/eat/65601.mp4
eat,video,/SL/eat/69307.mp4
economy,video,/SL/economy/18370.mp4
economy,video,/SL/economy/18371.mp4
economy,video,/SL/economy/18372.mp4
economy,video,/SL/economy/18374.mp4
economy,video,/SL/economy/18377.mp4
educate,video,/SL/educate/18413.mp4
educate,video,/SL/educate/18415.mp4
educate,video,/SL/educate/18416.mp4
educate,video,/SL/educate/18417.mp4
educate,video,/SL/educate/18419.mp4
educate,video,/SL/educate/18420.mp4
educate,video,/SL/educate/18422.mp4
education,video,/SL/education/18426.mp4
education,video,/SL/education/18427.mp4
education,video,/SL/education/18429.mp4
education,video,/SL/education/18432.mp4
education,video,/SL/education/65606.mp4
effort,video,/SL/effort/18474.mp4
effort,video,/SL/effort/18476.mp4
effort,video,/SL/effort/18479.mp4
effort,video,/SL/effort/18482.mp4
egg,video,/SL/egg/18486.mp4
egg,video,/SL/egg/18487.mp4
egg,video,/SL/egg/18488.mp4
egg,video,/SL/egg/18494.mp4
egg,video,/SL/egg/18495.mp4
egg,video,/SL/egg/18498.mp4
egg,video,/SL/egg/65607.mp4
egypt,video,/SL/egypt/18522.mp4
egypt,video,/SL/egypt/18523.mp4
egypt,video,/SL/egypt/18524.mp4
egypt,video,/SL/egypt/18526.mp4
egypt,video,/SL/egypt/18528.mp4
egypt,video,/SL/egypt/18532.mp4
egypt,video,/SL/egypt/65609.mp4
eight,video,/SL/eight/18569.mp4
eight,video,/SL/eight/18570.mp4
eight,video,/SL/eight/18571.mp4
eight,video,/SL/eight/18575.mp4
eight,video,/SL/eight/18578.mp4
eight,video,/SL/eight/69309.mp4
eighteen,video,/SL/eighteen/18550.mp4
eighteen,video,/SL/eighteen/18552.mp4
eighteen,video,/SL/eighteen/18554.mp4
eighteen,video,/SL/eighteen/18555.mp4
eighteen,video,/SL/eighteen/18557.mp4
eighteen,video,/SL/eighteen/65614.mp4
either,video,/SL/either/18643.mp4
either,video,/SL/either/18644.mp4
either,video,/SL/either/18649.mp4
either,video,/SL/either/65617.mp4
electrician,video,/SL/electrician/18720.mp4
electrician,video,/SL/electrician/18723.mp4
electrician,video,/SL/electrician/18724.mp4
electrician,video,/SL/electrician/18726.mp4
electrician,video,/SL/electrician/65618.mp4
electricity,video,/SL/electricity/18727.mp4
electricity,video,/SL/electricity/18728.mp4
electricity,video,/SL/electricity/18729.mp4
electricity,video,/SL/electricity/18732.mp4
electricity,video,/SL/electricity/18734.mp4
elementary,video,/SL/elementary/18756.mp4
elementary,video,/SL/elementary/18757.mp4
elementary,video,/SL/elementary/18759.mp4
elementary,video,/SL/elementary/18761.mp4
elephant,video,/SL/elephant/18770.mp4
elephant,video,/SL/elephant/18771.mp4
elephant,video,/SL/elephant/18772.mp4
elephant,video,/SL/elephant/18773.mp4
elephant,video,/SL/elephant/18775.mp4
elephant,video,/SL/elephant/18779.mp4
elephant,video,/SL/elephant/65620.mp4
elevator,video,/SL/elevator/18788.mp4
elevator,video,/SL/elevator/18790.mp4
elevator,video,/SL/elevator/18791.mp4
elevator,video,/SL/elevator/18796.mp4
elevator,video,/SL/elevator/18801.mp4
elevator,video,/SL/elevator/65621.mp4
else,video,/SL/else/18856.mp4
else,video,/SL/else/18857.mp4
else,video,/SL/else/18858.mp4
else,video,/SL/else/18861.mp4
email,video,/SL/email/18871.mp4
email,video,/SL/email/18873.mp4
email,video,/SL/email/18875.mp4
email,video,/SL/email/18879.mp4
email,video,/SL/email/18880.mp4
email,video,/SL/email/65625.mp4
embarrass,video,/SL/embarrass/18897.mp4
embarrass,video,/SL/embarrass/18898.mp4
embarrass,video,/SL/embarrass/18899.mp4
embarrass,video,/SL/embarrass/18900.mp4
embarrass,video,/SL/embarrass/18903.mp4
embarrass,video,/SL/embarrass/65626.mp4
emergency,video,/SL/emergency/18942.mp4
emergency,video,/SL/emergency/18944.mp4
emergency,video,/SL/emergency/18946.mp4
emergency,video,/SL/emergency/18949.mp4
emotion,video,/SL/emotion/18978.mp4
emotion,video,/SL/emotion/18979.mp4
emotion,video,/SL/emotion/18980.mp4
emotion,video,/SL/emotion/18981.mp4
emotion,video,/SL/emotion/18983.mp4
emotion,video,/SL/emotion/18986.mp4
empty,video,/SL/empty/19049.mp4
empty,video,/SL/empty/19051.mp4
empty,video,/SL/empty/19054.mp4
empty,video,/SL/empty/19057.mp4
empty,video,/SL/empty/65627.mp4
encourage,video,/SL/encourage/19087.mp4
encourage,video,/SL/encourage/19088.mp4
encourage,video,/SL/encourage/19089.mp4
encourage,video,/SL/encourage/19090.mp4
encourage,video,/SL/encourage/19091.mp4
encourage,video,/SL/encourage/19092.mp4
encourage,video,/SL/encourage/19094.mp4
encourage,video,/SL/encourage/65628.mp4
end,video,/SL/end/19109.mp4
end,video,/SL/end/19110.mp4
end,video,/SL/end/19111.mp4
end,video,/SL/end/19112.mp4
end,video,/SL/end/19113.mp4
end,video,/SL/end/19114.mp4
end,video,/SL/end/19115.mp4
end,video,/SL/end/19119.mp4
energy,video,/SL/energy/19165.mp4
energy,video,/SL/energy/19166.mp4
energy,video,/SL/energy/19167.mp4
energy,video,/SL/energy/19169.mp4
energy,video,/SL/energy/19172.mp4
energy,video,/SL/energy/65630.mp4
engage,video,/SL/engage/19183.mp4
engage,video,/SL/engage/19184.mp4
engage,video,/SL/engage/19185.mp4
engage,video,/SL/engage/19186.mp4
engage,video,/SL/engage/65633.mp4
engagement,video,/SL/engagement/19192.mp4
engagement,video,/SL/engagement/19193.mp4
engagement,video,/SL/engagement/19194.mp4
engagement,video,/SL/engagement/19197.mp4
engine,video,/SL/engine/19212.mp4
engine,video,/SL/engine/19213.mp4
engine,video,/SL/engine/19214.mp4
engine,video,/SL/engine/19215.mp4
engine,video,/SL/engine/19217.mp4
engineer,video,/SL/engineer/19200.mp4
engineer,video,/SL/engineer/19202.mp4
engineer,video,/SL/engineer/19203.mp4
engineer,video,/SL/engineer/19204.mp4
engineer,video,/SL/engineer/19207.mp4
england,video,/SL/england/19219.mp4
england,video,/SL/england/19223.mp4
england,video,/SL/england/19224.mp4
england,video,/SL/england/19226.mp4
england,video,/SL/england/19229.mp4
english,video,/SL/english/19232.mp4
english,video,/SL/english/19233.mp4
english,video,/SL/english/19236.mp4
english,video,/SL/english/19239.mp4
english,video,/SL/english/65634.mp4
enjoy,video,/SL/enjoy/19257.mp4
enjoy,video,/SL/enjoy/19258.mp4
enjoy,video,/SL/enjoy/19259.mp4
enjoy,video,/SL/enjoy/19260.mp4
enjoy,video,/SL/enjoy/19261.mp4
enjoy,video,/SL/enjoy/19264.mp4
enjoy,video,/SL/enjoy/19269.mp4
enjoy,video,/SL/enjoy/65635.mp4
enormous,video,/SL/enormous/19297.mp4
enormous,video,/SL/enormous/19298.mp4
enormous,video,/SL/enormous/19299.mp4
enormous,video,/SL/enormous/19300.mp4
enormous,video,/SL/enormous/19303.mp4
enough,video,/SL/enough/19305.mp4
enough,video,/SL/enough/19306.mp4
enough,video,/SL/enough/19309.mp4
enough,video,/SL/enough/19312.mp4
enough,video,/SL/enough/65637.mp4
enter,video,/SL/enter/19326.mp4
enter,video,/SL/enter/19327.mp4
enter,video,/SL/enter/19328.mp4
enter,video,/SL/enter/19329.mp4
enter,video,/SL/enter/19330.mp4
enter,video,/SL/enter/19335.mp4
envelope,video,/SL/envelope/19393.mp4
envelope,video,/SL/envelope/19394.mp4
envelope,video,/SL/envelope/19395.mp4
envelope,video,/SL/envelope/19396.mp4
envelope,video,/SL/envelope/19397.mp4
environment,video,/SL/environment/19406.mp4
environment,video,/SL/environment/19407.mp4
environment,video,/SL/environment/19408.mp4
environment,video,/SL/environment/19409.mp4
environment,video,/SL/environment/19410.mp4
environment,video,/SL/environment/19411.mp4
environment,video,/SL/environment/19412.mp4
environment,video,/SL/environment/19413.mp4
environment,video,/SL/environment/19414.mp4
environment,video,/SL/environment/19418.mp4
environment,video,/SL/environment/65638.mp4
environment,video,/SL/environment/65639.mp4
equal,video,/SL/equal/19457.mp4
equal,video,/SL/equal/19458.mp4
equal,video,/SL/equal/19459.mp4
equal,video,/SL/equal/19460.mp4
equal,video,/SL/equal/19461.mp4
equal,video,/SL/equal/19462.mp4
equal,video,/SL/equal/19464.mp4
equal,video,/SL/equal/65640.mp4
erase,video,/SL/erase/19504.mp4
erase,video,/SL/erase/19505.mp4
erase,video,/SL/erase/19506.mp4
erase,video,/SL/erase/19508.mp4
erase,video,/SL/erase/19509.mp4
erase,video,/SL/erase/65641.mp4
eraser,video,/SL/eraser/19512.mp4
eraser,video,/SL/eraser/19513.mp4
eraser,video,/SL/eraser/19514.mp4
eraser,video,/SL/eraser/19515.mp4
eraser,video,/SL/eraser/19516.mp4
eraser,video,/SL/eraser/19517.mp4
escape,video,/SL/escape/19557.mp4
escape,video,/SL/escape/19558.mp4
escape,video,/SL/escape/19559.mp4
escape,video,/SL/escape/19560.mp4
escape,video,/SL/escape/19561.mp4
escape,video,/SL/escape/19562.mp4
escape,video,/SL/escape/19563.mp4
escape,video,/SL/escape/19567.mp4
escape,video,/SL/escape/65644.mp4
establish,video,/SL/establish/19614.mp4
establish,video,/SL/establish/19615.mp4
establish,video,/SL/establish/19616.mp4
establish,video,/SL/establish/19618.mp4
establish,video,/SL/establish/19619.mp4
establish,video,/SL/establish/19622.mp4
eternity,video,/SL/eternity/19654.mp4
eternity,video,/SL/eternity/19655.mp4
eternity,video,/SL/eternity/19656.mp4
eternity,video,/SL/eternity/19657.mp4
eternity,video,/SL/eternity/19660.mp4
europe,video,/SL/europe/19685.mp4
europe,video,/SL/europe/19686.mp4
europe,video,/SL/europe/19687.mp4
europe,video,/SL/europe/19688.mp4
europe,video,/SL/europe/19689.mp4
europe,video,/SL/europe/19690.mp4
europe,video,/SL/europe/19692.mp4
europe,video,/SL/europe/19695.mp4
evaluate,video,/SL/evaluate/19704.mp4
evaluate,video,/SL/evaluate/19705.mp4
evaluate,video,/SL/evaluate/19706.mp4
evaluate,video,/SL/evaluate/19707.mp4
evaluate,video,/SL/evaluate/19708.mp4
evaluate,video,/SL/evaluate/19713.mp4
evening,video,/SL/evening/19742.mp4
evening,video,/SL/evening/19743.mp4
evening,video,/SL/evening/19746.mp4
evening,video,/SL/evening/19748.mp4
event,video,/SL/event/19760.mp4
event,video,/SL/event/19761.mp4
event,video,/SL/event/19762.mp4
event,video,/SL/event/19765.mp4
event,video,/SL/event/19766.mp4
event,video,/SL/event/19770.mp4
event,video,/SL/event/65647.mp4
every,video,/SL/every/19842.mp4
every,video,/SL/every/19843.mp4
every,video,/SL/every/19845.mp4
every,video,/SL/every/19849.mp4
every,video,/SL/every/69311.mp4
every monday,video,/SL/every monday/19852.mp4
every monday,video,/SL/every monday/19853.mp4
every monday,video,/SL/every monday/19855.mp4
every monday,video,/SL/every monday/19856.mp4
every monday,video,/SL/every monday/19857.mp4
every tuesday,video,/SL/every tuesday/19930.mp4
every tuesday,video,/SL/every tuesday/19931.mp4
every tuesday,video,/SL/every tuesday/19933.mp4
every tuesday,video,/SL/every tuesday/19934.mp4
every tuesday,video,/SL/every tuesday/19935.mp4
everyday,video,/SL/everyday/19813.mp4
everyday,video,/SL/everyday/19816.mp4
everyday,video,/SL/everyday/19818.mp4
everyday,video,/SL/everyday/19820.mp4
everything,video,/SL/everything/19911.mp4
everything,video,/SL/everything/19912.mp4
everything,video,/SL/everything/19915.mp4
everything,video,/SL/everything/65649.mp4
evidence,video,/SL/evidence/19967.mp4
evidence,video,/SL/evidence/19968.mp4
evidence,video,/SL/evidence/19969.mp4
evidence,video,/SL/evidence/19970.mp4
evidence,video,/SL/evidence/19971.mp4
evidence,video,/SL/evidence/19972.mp4
evidence,video,/SL/evidence/19973.mp4
evidence,video,/SL/evidence/19974.mp4
evidence,video,/SL/evidence/19975.mp4
exact,video,/SL/exact/20008.mp4
exact,video,/SL/exact/20009.mp4
exact,video,/SL/exact/20010.mp4
exact,video,/SL/exact/20012.mp4
exact,video,/SL/exact/20014.mp4
exact,video,/SL/exact/65650.mp4
exaggerate,video,/SL/exaggerate/20022.mp4
exaggerate,video,/SL/exaggerate/20023.mp4
exaggerate,video,/SL/exaggerate/20024.mp4
exaggerate,video,/SL/exaggerate/20027.mp4
exaggerate,video,/SL/exaggerate/20030.mp4
example,video,/SL/example/20066.mp4
example,video,/SL/example/20067.mp4
example,video,/SL/example/20068.mp4
example,video,/SL/example/20070.mp4
example,video,/SL/example/20071.mp4
example,video,/SL/example/20072.mp4
example,video,/SL/example/20074.mp4
example,video,/SL/example/20077.mp4
example,video,/SL/example/65652.mp4
example,video,/SL/example/65653.mp4
example,video,/SL/example/65654.mp4
except,video,/SL/except/20109.mp4
except,video,/SL/except/20110.mp4
except,video,/SL/except/20111.mp4
except,video,/SL/except/20113.mp4
except,video,/SL/except/20115.mp4
exchange,video,/SL/exchange/20139.mp4
exchange,video,/SL/exchange/20141.mp4
exchange,video,/SL/exchange/20142.mp4
exchange,video,/SL/exchange/20143.mp4
exchange,video,/SL/exchange/20144.mp4
exchange,video,/SL/exchange/20145.mp4
exchange,video,/SL/exchange/20146.mp4
exchange,video,/SL/exchange/20147.mp4
exchange,video,/SL/exchange/20149.mp4
excited,video,/SL/excited/20153.mp4
excited,video,/SL/excited/20154.mp4
excited,video,/SL/excited/20157.mp4
excited,video,/SL/excited/20158.mp4
excited,video,/SL/excited/20159.mp4
excited,video,/SL/excited/20162.mp4
excited,video,/SL/excited/65655.mp4
excuse,video,/SL/excuse/20198.mp4
excuse,video,/SL/excuse/20199.mp4
excuse,video,/SL/excuse/20200.mp4
excuse,video,/SL/excuse/20201.mp4
excuse,video,/SL/excuse/65656.mp4
exercise,video,/SL/exercise/20226.mp4
exercise,video,/SL/exercise/20227.mp4
exercise,video,/SL/exercise/20229.mp4
exercise,video,/SL/exercise/20235.mp4
exercise,video,/SL/exercise/65657.mp4
exhibit,video,/SL/exhibit/20256.mp4
exhibit,video,/SL/exhibit/20257.mp4
exhibit,video,/SL/exhibit/20260.mp4
exhibit,video,/SL/exhibit/20262.mp4
expand,video,/SL/expand/20313.mp4
expand,video,/SL/expand/20315.mp4
expand,video,/SL/expand/20318.mp4
expand,video,/SL/expand/20322.mp4
expect,video,/SL/expect/20334.mp4
expect,video,/SL/expect/20335.mp4
expect,video,/SL/expect/20336.mp4
expect,video,/SL/expect/20337.mp4
expect,video,/SL/expect/20339.mp4
expect,video,/SL/expect/20342.mp4
expensive,video,/SL/expensive/20363.mp4
expensive,video,/SL/expensive/20364.mp4
expensive,video,/SL/expensive/20365.mp4
expensive,video,/SL/expensive/20366.mp4
expensive,video,/SL/expensive/20367.mp4
expensive,video,/SL/expensive/20369.mp4
expensive,video,/SL/expensive/20370.mp4
expensive,video,/SL/expensive/20373.mp4
experience,video,/SL/experience/20378.mp4
experience,video,/SL/experience/20379.mp4
experience,video,/SL/experience/20380.mp4
experience,video,/SL/experience/20381.mp4
experience,video,/SL/experience/20383.mp4
experience,video,/SL/experience/20386.mp4
experience,video,/SL/experience/65659.mp4
experiment,video,/SL/experiment/20390.mp4
experiment,video,/SL/experiment/20392.mp4
experiment,video,/SL/experiment/20393.mp4
experiment,video,/SL/experiment/20396.mp4
experiment,video,/SL/experiment/20401.mp4
experiment,video,/SL/experiment/65660.mp4
expert,video,/SL/expert/20403.mp4
expert,video,/SL/expert/20404.mp4
expert,video,/SL/expert/20406.mp4
expert,video,/SL/expert/20407.mp4
expert,video,/SL/expert/20408.mp4
expert,video,/SL/expert/20411.mp4
expert,video,/SL/expert/20414.mp4
explain,video,/SL/explain/20435.mp4
explain,video,/SL/explain/20436.mp4
explain,video,/SL/explain/20437.mp4
explain,video,/SL/explain/20438.mp4
explain,video,/SL/explain/20440.mp4
explain,video,/SL/explain/20441.mp4
explain,video,/SL/explain/20445.mp4
explode,video,/SL/explode/20456.mp4
explode,video,/SL/explode/20457.mp4
explode,video,/SL/explode/20459.mp4
explode,video,/SL/explode/65662.mp4
express,video,/SL/express/20510.mp4
express,video,/SL/express/20511.mp4
express,video,/SL/express/20513.mp4
express,video,/SL/express/65664.mp4
eye,video,/SL/eye/20632.mp4
eye,video,/SL/eye/20633.mp4
eye,video,/SL/eye/20634.mp4
eye,video,/SL/eye/20636.mp4
eye,video,/SL/eye/65665.mp4
eye,video,/SL/eye/69314.mp4
eyeglasses,video,/SL/eyeglasses/20622.mp4
eyeglasses,video,/SL/eyeglasses/20623.mp4
eyeglasses,video,/SL/eyeglasses/20629.mp4
eyeglasses,video,/SL/eyeglasses/20631.mp4
eyes,video,/SL/eyes/20661.mp4
eyes,video,/SL/eyes/20662.mp4
eyes,video,/SL/eyes/20665.mp4
eyes,video,/SL/eyes/20667.mp4
eyes,video,/SL/eyes/65667.mp4
f,video,/SL/f/21568.mp4
f,video,/SL/f/21569.mp4
f,video,/SL/f/21570.mp4
f,video,/SL/f/21572.mp4
f,video,/SL/f/66044.mp4
face,video,/SL/face/20699.mp4
face,video,/SL/face/20700.mp4
face,video,/SL/face/20701.mp4
face,video,/SL/face/20702.mp4
face,video,/SL/face/20706.mp4
face,video,/SL/face/20711.mp4
face,video,/SL/face/65668.mp4
face,video,/SL/face/65669.mp4
fact,video,/SL/fact/20737.mp4
fact,video,/SL/fact/20739.mp4
fact,video,/SL/fact/20740.mp4
fact,video,/SL/fact/20741.mp4
fact,video,/SL/fact/20746.mp4
fact,video,/SL/fact/69315.mp4
faculty,video,/SL/faculty/20766.mp4
faculty,video,/SL/faculty/20767.mp4
faculty,video,/SL/faculty/20768.mp4
faculty,video,/SL/faculty/20770.mp4
faculty,video,/SL/faculty/65671.mp4
fail,video,/SL/fail/20793.mp4
fail,video,/SL/fail/20794.mp4
fail,video,/SL/fail/20795.mp4
fail,video,/SL/fail/20796.mp4
fail,video,/SL/fail/20797.mp4
fail,video,/SL/fail/20801.mp4
fail,video,/SL/fail/65672.mp4
fairy,video,/SL/fairy/20836.mp4
fairy,video,/SL/fairy/20837.mp4
fairy,video,/SL/fairy/20838.mp4
fairy,video,/SL/fairy/20839.mp4
fake,video,/SL/fake/20861.mp4
fake,video,/SL/fake/20862.mp4
fake,video,/SL/fake/20868.mp4
fake,video,/SL/fake/20869.mp4
fake,video,/SL/fake/20872.mp4
fake,video,/SL/fake/65674.mp4
fall in love,video,/SL/fall in love/20922.mp4
fall in love,video,/SL/fall in love/20923.mp4
fall in love,video,/SL/fall in love/20924.mp4
fall in love,video,/SL/fall in love/20925.mp4
fall in love,video,/SL/fall in love/20928.mp4
familiar,video,/SL/familiar/20967.mp4
familiar,video,/SL/familiar/20969.mp4
familiar,video,/SL/familiar/20973.mp4
family,video,/SL/family/20978.mp4
family,video,/SL/family/20979.mp4
family,video,/SL/family/20980.mp4
family,video,/SL/family/20981.mp4
family,video,/SL/family/20982.mp4
family,video,/SL/family/20983.mp4
family,video,/SL/family/20986.mp4
family,video,/SL/family/20987.mp4
family,video,/SL/family/20992.mp4
family,video,/SL/family/65677.mp4
family,video,/SL/family/69316.mp4
famous,video,/SL/famous/21009.mp4
famous,video,/SL/famous/21010.mp4
famous,video,/SL/famous/21011.mp4
famous,video,/SL/famous/21013.mp4
famous,video,/SL/famous/21015.mp4
famous,video,/SL/famous/65678.mp4
fancy,video,/SL/fancy/21023.mp4
fancy,video,/SL/fancy/21024.mp4
fancy,video,/SL/fancy/21026.mp4
fancy,video,/SL/fancy/21027.mp4
fancy,video,/SL/fancy/21030.mp4
fancy,video,/SL/fancy/21033.mp4
fancy,video,/SL/fancy/65680.mp4
far,video,/SL/far/21069.mp4
far,video,/SL/far/21070.mp4
far,video,/SL/far/21071.mp4
far,video,/SL/far/21072.mp4
far,video,/SL/far/21073.mp4
far,video,/SL/far/21074.mp4
far,video,/SL/far/21075.mp4
far,video,/SL/far/21077.mp4
far,video,/SL/far/21078.mp4
far,video,/SL/far/21081.mp4
far,video,/SL/far/65682.mp4
farm,video,/SL/farm/21096.mp4
farm,video,/SL/farm/21099.mp4
farm,video,/SL/farm/21100.mp4
farm,video,/SL/farm/21101.mp4
farm,video,/SL/farm/21103.mp4
farm,video,/SL/farm/21106.mp4
farm,video,/SL/farm/65685.mp4
farm,video,/SL/farm/69317.mp4
farmer,video,/SL/farmer/21086.mp4
farmer,video,/SL/farmer/21087.mp4
farmer,video,/SL/farmer/21089.mp4
farmer,video,/SL/farmer/21092.mp4
fast,video,/SL/fast/21168.mp4
fast,video,/SL/fast/21169.mp4
fast,video,/SL/fast/21172.mp4
fast,video,/SL/fast/21175.mp4
fast,video,/SL/fast/21182.mp4
fast,video,/SL/fast/21187.mp4
fast,video,/SL/fast/65689.mp4
fast,video,/SL/fast/65690.mp4
fast,video,/SL/fast/65691.mp4
fat,video,/SL/fat/21231.mp4
fat,video,/SL/fat/21233.mp4
fat,video,/SL/fat/21234.mp4
fat,video,/SL/fat/21236.mp4
fat,video,/SL/fat/21237.mp4
fat,video,/SL/fat/21241.mp4
fat,video,/SL/fat/21242.mp4
fat,video,/SL/fat/21243.mp4
fat,video,/SL/fat/21252.mp4
fat,video,/SL/fat/65692.mp4
father,video,/SL/father/21204.mp4
father,video,/SL/father/21205.mp4
father,video,/SL/father/21207.mp4
father,video,/SL/father/21209.mp4
father,video,/SL/father/21212.mp4
father,video,/SL/father/21221.mp4
father,video,/SL/father/69318.mp4
fault,video,/SL/fault/21273.mp4
fault,video,/SL/fault/21274.mp4
fault,video,/SL/fault/21275.mp4
fault,video,/SL/fault/21276.mp4
fault,video,/SL/fault/21277.mp4
fault,video,/SL/fault/21280.mp4
fault,video,/SL/fault/21281.mp4
fault,video,/SL/fault/21282.mp4
fault,video,/SL/fault/21283.mp4
fault,video,/SL/fault/21286.mp4
favorite,video,/SL/favorite/21303.mp4
favorite,video,/SL/favorite/21304.mp4
favorite,video,/SL/favorite/21309.mp4
favorite,video,/SL/favorite/21312.mp4
favorite,video,/SL/favorite/65694.mp4
fear,video,/SL/fear/21324.mp4
fear,video,/SL/fear/21325.mp4
fear,video,/SL/fear/21326.mp4
fear,video,/SL/fear/21327.mp4
fear,video,/SL/fear/21328.mp4
fear,video,/SL/fear/21334.mp4
february,video,/SL/february/21356.mp4
february,video,/SL/february/21358.mp4
february,video,/SL/february/21359.mp4
february,video,/SL/february/21360.mp4
february,video,/SL/february/21363.mp4
federal,video,/SL/federal/21370.mp4
federal,video,/SL/federal/21371.mp4
federal,video,/SL/federal/21372.mp4
federal,video,/SL/federal/21373.mp4
federal,video,/SL/federal/21376.mp4
feed,video,/SL/feed/21408.mp4
feed,video,/SL/feed/21409.mp4
feed,video,/SL/feed/21410.mp4
feed,video,/SL/feed/21411.mp4
feed,video,/SL/feed/21412.mp4
feed,video,/SL/feed/21413.mp4
feed,video,/SL/feed/21417.mp4
feedback,video,/SL/feedback/21395.mp4
feedback,video,/SL/feedback/21397.mp4
feedback,video,/SL/feedback/21398.mp4
feedback,video,/SL/feedback/21399.mp4
feedback,video,/SL/feedback/21400.mp4
feedback,video,/SL/feedback/21401.mp4
feedback,video,/SL/feedback/21405.mp4
feedback,video,/SL/feedback/65695.mp4
feel,video,/SL/feel/21432.mp4
feel,video,/SL/feel/21433.mp4
feel,video,/SL/feel/21434.mp4
feel,video,/SL/feel/21435.mp4
feel,video,/SL/feel/21436.mp4
feel,video,/SL/feel/21442.mp4
feel,video,/SL/feel/65696.mp4
feel,video,/SL/feel/69319.mp4
fence,video,/SL/fence/21487.mp4
fence,video,/SL/fence/21488.mp4
fence,video,/SL/fence/21489.mp4
fence,video,/SL/fence/21490.mp4
fence,video,/SL/fence/21491.mp4
fence,video,/SL/fence/21496.mp4
fence,video,/SL/fence/65699.mp4
festival,video,/SL/festival/21524.mp4
festival,video,/SL/festival/21525.mp4
festival,video,/SL/festival/21526.mp4
festival,video,/SL/festival/21527.mp4
festival,video,/SL/festival/21529.mp4
few,video,/SL/few/21551.mp4
few,video,/SL/few/21552.mp4
few,video,/SL/few/21554.mp4
few,video,/SL/few/21555.mp4
few,video,/SL/few/21557.mp4
few,video,/SL/few/21563.mp4
fight,video,/SL/fight/21694.mp4
fight,video,/SL/fight/21695.mp4
fight,video,/SL/fight/21697.mp4
fight,video,/SL/fight/21699.mp4
fight,video,/SL/fight/21704.mp4
fight,video,/SL/fight/21706.mp4
fight,video,/SL/fight/21710.mp4
fight,video,/SL/fight/65711.mp4
final,video,/SL/final/21820.mp4
final,video,/SL/final/21821.mp4
final,video,/SL/final/21822.mp4
final,video,/SL/final/21824.mp4
final,video,/SL/final/21826.mp4
finally,video,/SL/finally/21829.mp4
finally,video,/SL/finally/21830.mp4
finally,video,/SL/finally/21831.mp4
finally,video,/SL/finally/21832.mp4
finally,video,/SL/finally/21833.mp4
finally,video,/SL/finally/21835.mp4
finally,video,/SL/finally/21836.mp4
finance,video,/SL/finance/21838.mp4
finance,video,/SL/finance/21839.mp4
finance,video,/SL/finance/21841.mp4
finance,video,/SL/finance/21843.mp4
find,video,/SL/find/21852.mp4
find,video,/SL/find/21853.mp4
find,video,/SL/find/21854.mp4
find,video,/SL/find/21855.mp4
find,video,/SL/find/21858.mp4
find,video,/SL/find/21859.mp4
find,video,/SL/find/21863.mp4
find,video,/SL/find/69323.mp4
fine,video,/SL/fine/21869.mp4
fine,video,/SL/fine/21870.mp4
fine,video,/SL/fine/21871.mp4
fine,video,/SL/fine/21872.mp4
fine,video,/SL/fine/21874.mp4
fine,video,/SL/fine/21878.mp4
fine,video,/SL/fine/21883.mp4
fine,video,/SL/fine/21890.mp4
fine,video,/SL/fine/21891.mp4
fingerspell,video,/SL/fingerspell/21923.mp4
fingerspell,video,/SL/fingerspell/21925.mp4
fingerspell,video,/SL/fingerspell/21928.mp4
finish,video,/SL/finish/21941.mp4
finish,video,/SL/finish/21942.mp4
finish,video,/SL/finish/21943.mp4
finish,video,/SL/finish/21944.mp4
finish,video,/SL/finish/21945.mp4
finish,video,/SL/finish/21949.mp4
finish,video,/SL/finish/21950.mp4
finish,video,/SL/finish/21951.mp4
finish,video,/SL/finish/65721.mp4
fire,video,/SL/fire/22010.mp4
fire,video,/SL/fire/22015.mp4
fire,video,/SL/fire/22019.mp4
firefighter,video,/SL/firefighter/21993.mp4
firefighter,video,/SL/firefighter/21994.mp4
firefighter,video,/SL/firefighter/21999.mp4
firefighter,video,/SL/firefighter/22003.mp4
firefighter,video,/SL/firefighter/65726.mp4
first,video,/SL/first/22085.mp4
first,video,/SL/first/22086.mp4
first,video,/SL/first/22087.mp4
first,video,/SL/first/22094.mp4
first,video,/SL/first/22095.mp4
first,video,/SL/first/22098.mp4
first,video,/SL/first/65728.mp4
first,video,/SL/first/65729.mp4
first,video,/SL/first/65730.mp4
fish,video,/SL/fish/22113.mp4
fish,video,/SL/fish/22114.mp4
fish,video,/SL/fish/22115.mp4
fish,video,/SL/fish/22116.mp4
fish,video,/SL/fish/22117.mp4
fish,video,/SL/fish/22120.mp4
fish,video,/SL/fish/22121.mp4
fish,video,/SL/fish/22130.mp4
fish,video,/SL/fish/65731.mp4
fish,video,/SL/fish/69325.mp4
fishing,video,/SL/fishing/22132.mp4
fishing,video,/SL/fishing/22133.mp4
fishing,video,/SL/fishing/22134.mp4
fishing,video,/SL/fishing/22135.mp4
fishing,video,/SL/fishing/22141.mp4
fishing,video,/SL/fishing/65732.mp4
five,video,/SL/five/22191.mp4
five,video,/SL/five/22192.mp4
five,video,/SL/five/22194.mp4
five,video,/SL/five/65734.mp4
five,video,/SL/five/69326.mp4
fix,video,/SL/fix/22238.mp4
fix,video,/SL/fix/22239.mp4
fix,video,/SL/fix/22240.mp4
fix,video,/SL/fix/22242.mp4
fix,video,/SL/fix/22247.mp4
fix,video,/SL/fix/22251.mp4
fix,video,/SL/fix/69327.mp4
flag,video,/SL/flag/22272.mp4
flag,video,/SL/flag/22273.mp4
flag,video,/SL/flag/22274.mp4
flag,video,/SL/flag/22276.mp4
flag,video,/SL/flag/22280.mp4
flag,video,/SL/flag/65739.mp4
flatter,video,/SL/flatter/22357.mp4
flatter,video,/SL/flatter/22358.mp4
flatter,video,/SL/flatter/22359.mp4
flatter,video,/SL/flatter/22362.mp4
flexible,video,/SL/flexible/22409.mp4
flexible,video,/SL/flexible/22410.mp4
flexible,video,/SL/flexible/22411.mp4
flexible,video,/SL/flexible/22412.mp4
flexible,video,/SL/flexible/22413.mp4
flexible,video,/SL/flexible/22415.mp4
flexible,video,/SL/flexible/22416.mp4
flirt,video,/SL/flirt/22455.mp4
flirt,video,/SL/flirt/22456.mp4
flirt,video,/SL/flirt/22457.mp4
flirt,video,/SL/flirt/22459.mp4
flirt,video,/SL/flirt/22462.mp4
flirt,video,/SL/flirt/65744.mp4
flood,video,/SL/flood/22481.mp4
flood,video,/SL/flood/22483.mp4
flood,video,/SL/flood/22485.mp4
flood,video,/SL/flood/22489.mp4
floor,video,/SL/floor/22492.mp4
floor,video,/SL/floor/22493.mp4
floor,video,/SL/floor/22494.mp4
floor,video,/SL/floor/22495.mp4
floor,video,/SL/floor/22499.mp4
floor,video,/SL/floor/22502.mp4
florida,video,/SL/florida/22510.mp4
florida,video,/SL/florida/22511.mp4
florida,video,/SL/florida/22512.mp4
florida,video,/SL/florida/22514.mp4
flower,video,/SL/flower/22548.mp4
flower,video,/SL/flower/22549.mp4
flower,video,/SL/flower/22550.mp4
flower,video,/SL/flower/22551.mp4
flower,video,/SL/flower/22553.mp4
flower,video,/SL/flower/22558.mp4
flower,video,/SL/flower/65746.mp4
flute,video,/SL/flute/22610.mp4
flute,video,/SL/flute/22611.mp4
flute,video,/SL/flute/22612.mp4
flute,video,/SL/flute/22613.mp4
flute,video,/SL/flute/22614.mp4
flute,video,/SL/flute/22615.mp4
flute,video,/SL/flute/65747.mp4
fly,video,/SL/fly/22627.mp4
fly,video,/SL/fly/22635.mp4
fly,video,/SL/fly/22636.mp4
fly,video,/SL/fly/22640.mp4
fly,video,/SL/fly/22643.mp4
fly,video,/SL/fly/22645.mp4
fly,video,/SL/fly/22646.mp4
fly,video,/SL/fly/65748.mp4
fold,video,/SL/fold/22694.mp4
fold,video,/SL/fold/22695.mp4
fold,video,/SL/fold/22696.mp4
fold,video,/SL/fold/22700.mp4
fold,video,/SL/fold/22702.mp4
fold,video,/SL/fold/65750.mp4
follow,video,/SL/follow/22715.mp4
follow,video,/SL/follow/22716.mp4
follow,video,/SL/follow/22717.mp4
follow,video,/SL/follow/22718.mp4
follow,video,/SL/follow/22720.mp4
follow,video,/SL/follow/22721.mp4
follow,video,/SL/follow/22723.mp4
follow,video,/SL/follow/65751.mp4
follow,video,/SL/follow/65752.mp4
food,video,/SL/food/22743.mp4
food,video,/SL/food/22744.mp4
food,video,/SL/food/22745.mp4
food,video,/SL/food/22746.mp4
food,video,/SL/food/22748.mp4
food,video,/SL/food/22750.mp4
food,video,/SL/food/69330.mp4
fool,video,/SL/fool/22772.mp4
fool,video,/SL/fool/22774.mp4
fool,video,/SL/fool/22780.mp4
fool,video,/SL/fool/22783.mp4
fool,video,/SL/fool/65754.mp4
football,video,/SL/football/22802.mp4
football,video,/SL/football/22803.mp4
football,video,/SL/football/22804.mp4
football,video,/SL/football/22805.mp4
football,video,/SL/football/22806.mp4
football,video,/SL/football/22810.mp4
football,video,/SL/football/22818.mp4
football,video,/SL/football/65755.mp4
football,video,/SL/football/69331.mp4
for,video,/SL/for/22993.mp4
for,video,/SL/for/22994.mp4
for,video,/SL/for/22996.mp4
for,video,/SL/for/23000.mp4
for,video,/SL/for/65756.mp4
forbid,video,/SL/forbid/22844.mp4
forbid,video,/SL/forbid/22846.mp4
forbid,video,/SL/forbid/22848.mp4
forbid,video,/SL/forbid/65757.mp4
forest,video,/SL/forest/22911.mp4
forest,video,/SL/forest/22912.mp4
forest,video,/SL/forest/22913.mp4
forest,video,/SL/forest/22914.mp4
forest,video,/SL/forest/22917.mp4
forest,video,/SL/forest/22920.mp4
forest,video,/SL/forest/65759.mp4
forever,video,/SL/forever/22926.mp4
forever,video,/SL/forever/22927.mp4
forever,video,/SL/forever/22928.mp4
forever,video,/SL/forever/22929.mp4
forever,video,/SL/forever/22930.mp4
forever,video,/SL/forever/65760.mp4
forget,video,/SL/forget/22952.mp4
forget,video,/SL/forget/22953.mp4
forget,video,/SL/forget/22954.mp4
forget,video,/SL/forget/22955.mp4
forget,video,/SL/forget/22960.mp4
forget,video,/SL/forget/22967.mp4
forget,video,/SL/forget/65761.mp4
forgive,video,/SL/forgive/22974.mp4
forgive,video,/SL/forgive/22975.mp4
forgive,video,/SL/forgive/22976.mp4
forgive,video,/SL/forgive/22978.mp4
forgive,video,/SL/forgive/22980.mp4
fork,video,/SL/fork/23005.mp4
fork,video,/SL/fork/23006.mp4
fork,video,/SL/fork/23009.mp4
fork,video,/SL/fork/65762.mp4
form,video,/SL/form/23042.mp4
form,video,/SL/form/23043.mp4
form,video,/SL/form/23045.mp4
form,video,/SL/form/23046.mp4
form,video,/SL/form/23049.mp4
form,video,/SL/form/23050.mp4
form,video,/SL/form/23051.mp4
form,video,/SL/form/23055.mp4
form,video,/SL/form/23056.mp4
former,video,/SL/former/23030.mp4
former,video,/SL/former/23031.mp4
former,video,/SL/former/23035.mp4
former,video,/SL/former/23038.mp4
former,video,/SL/former/65764.mp4
four,video,/SL/four/23199.mp4
four,video,/SL/four/23200.mp4
four,video,/SL/four/23202.mp4
four,video,/SL/four/65768.mp4
four,video,/SL/four/69333.mp4
fourth,video,/SL/fourth/23239.mp4
fourth,video,/SL/fourth/23240.mp4
fourth,video,/SL/fourth/23243.mp4
fourth,video,/SL/fourth/23246.mp4
fourth,video,/SL/fourth/65774.mp4
fox,video,/SL/fox/23274.mp4
fox,video,/SL/fox/23275.mp4
fox,video,/SL/fox/23276.mp4
fox,video,/SL/fox/23277.mp4
fox,video,/SL/fox/23278.mp4
fox,video,/SL/fox/23279.mp4
fox,video,/SL/fox/23281.mp4
fox,video,/SL/fox/65775.mp4
france,video,/SL/france/23328.mp4
france,video,/SL/france/23330.mp4
france,video,/SL/france/23331.mp4
france,video,/SL/france/23335.mp4
france,video,/SL/france/23338.mp4
france,video,/SL/france/65777.mp4
free,video,/SL/free/23407.mp4
free,video,/SL/free/23412.mp4
free,video,/SL/free/23416.mp4
free,video,/SL/free/65778.mp4
freeway,video,/SL/freeway/23425.mp4
freeway,video,/SL/freeway/23427.mp4
freeway,video,/SL/freeway/23428.mp4
freeway,video,/SL/freeway/23434.mp4
freeze,video,/SL/freeze/23442.mp4
freeze,video,/SL/freeze/23443.mp4
freeze,video,/SL/freeze/23444.mp4
freeze,video,/SL/freeze/23445.mp4
freeze,video,/SL/freeze/23448.mp4
freeze,video,/SL/freeze/23451.mp4
freeze,video,/SL/freeze/65779.mp4
french,video,/SL/french/23479.mp4
french,video,/SL/french/23481.mp4
french,video,/SL/french/23482.mp4
french,video,/SL/french/23485.mp4
french,video,/SL/french/23489.mp4
french fries,video,/SL/french fries/23470.mp4
french fries,video,/SL/french fries/23471.mp4
french fries,video,/SL/french fries/23473.mp4
french fries,video,/SL/french fries/23474.mp4
french fries,video,/SL/french fries/23475.mp4
french fries,video,/SL/french fries/65780.mp4
friday,video,/SL/friday/23542.mp4
friday,video,/SL/friday/23543.mp4
friday,video,/SL/friday/23544.mp4
friday,video,/SL/friday/23545.mp4
friday,video,/SL/friday/23548.mp4
friday,video,/SL/friday/65781.mp4
friend,video,/SL/friend/23568.mp4
friend,video,/SL/friend/23569.mp4
friend,video,/SL/friend/23570.mp4
friend,video,/SL/friend/23572.mp4
friend,video,/SL/friend/23574.mp4
friend,video,/SL/friend/23578.mp4
friend,video,/SL/friend/65782.mp4
friendly,video,/SL/friendly/23580.mp4
friendly,video,/SL/friendly/23581.mp4
friendly,video,/SL/friendly/23582.mp4
friendly,video,/SL/friendly/23583.mp4
friendly,video,/SL/friendly/23585.mp4
friendly,video,/SL/friendly/23589.mp4
friendly,video,/SL/friendly/65783.mp4
frog,video,/SL/frog/23627.mp4
frog,video,/SL/frog/23628.mp4
frog,video,/SL/frog/23629.mp4
frog,video,/SL/frog/23630.mp4
frog,video,/SL/frog/23632.mp4
frog,video,/SL/frog/23634.mp4
frog,video,/SL/frog/65784.mp4
from,video,/SL/from/23638.mp4
from,video,/SL/from/23639.mp4
from,video,/SL/from/23640.mp4
from,video,/SL/from/23642.mp4
from,video,/SL/from/23645.mp4
from,video,/SL/from/65785.mp4
from,video,/SL/from/69337.mp4
from now on,video,/SL/from now on/23646.mp4
from now on,video,/SL/from now on/23647.mp4
from now on,video,/SL/from now on/23648.mp4
from now on,video,/SL/from now on/23650.mp4
from now on,video,/SL/from now on/23652.mp4
front,video,/SL/front/23664.mp4
front,video,/SL/front/23665.mp4
front,video,/SL/front/23666.mp4
front,video,/SL/front/23667.mp4
front,video,/SL/front/23668.mp4
front,video,/SL/front/23670.mp4
front,video,/SL/front/23673.mp4
front,video,/SL/front/65786.mp4
fruit,video,/SL/fruit/23701.mp4
fruit,video,/SL/fruit/23702.mp4
fruit,video,/SL/fruit/23703.mp4
fruit,video,/SL/fruit/23704.mp4
fruit,video,/SL/fruit/23705.mp4
fruit,video,/SL/fruit/23709.mp4
fruit,video,/SL/fruit/65789.mp4
full,video,/SL/full/23766.mp4
full,video,/SL/full/23767.mp4
full,video,/SL/full/23768.mp4
full,video,/SL/full/23769.mp4
full,video,/SL/full/23771.mp4
full,video,/SL/full/23772.mp4
full,video,/SL/full/23773.mp4
full,video,/SL/full/23774.mp4
full,video,/SL/full/23775.mp4
full,video,/SL/full/23776.mp4
full,video,/SL/full/23782.mp4
full,video,/SL/full/65792.mp4
fun,video,/SL/fun/23851.mp4
fun,video,/SL/fun/23852.mp4
fun,video,/SL/fun/23853.mp4
fun,video,/SL/fun/23857.mp4
fun,video,/SL/fun/23859.mp4
fun,video,/SL/fun/65793.mp4
fun,video,/SL/fun/69338.mp4
function,video,/SL/function/23802.mp4
function,video,/SL/function/23804.mp4
function,video,/SL/function/23805.mp4
function,video,/SL/function/23806.mp4
function,video,/SL/function/23808.mp4
function,video,/SL/function/23811.mp4
function,video,/SL/function/65796.mp4
funeral,video,/SL/funeral/23840.mp4
funeral,video,/SL/funeral/23841.mp4
funeral,video,/SL/funeral/23842.mp4
funeral,video,/SL/funeral/23844.mp4
funeral,video,/SL/funeral/23847.mp4
funny,video,/SL/funny/23868.mp4
funny,video,/SL/funny/23869.mp4
funny,video,/SL/funny/23870.mp4
funny,video,/SL/funny/23873.mp4
funny,video,/SL/funny/23878.mp4
furniture,video,/SL/furniture/23902.mp4
furniture,video,/SL/furniture/23906.mp4
furniture,video,/SL/furniture/23907.mp4
furniture,video,/SL/furniture/23913.mp4
future,video,/SL/future/23946.mp4
future,video,/SL/future/23947.mp4
future,video,/SL/future/23948.mp4
future,video,/SL/future/23949.mp4
future,video,/SL/future/23951.mp4
future,video,/SL/future/23952.mp4
future,video,/SL/future/23953.mp4
future,video,/SL/future/23956.mp4
future,video,/SL/future/65797.mp4
future,video,/SL/future/65798.mp4
g,video,/SL/g/24523.mp4
g,video,/SL/g/24524.mp4
g,video,/SL/g/24525.mp4
g,video,/SL/g/24527.mp4
g,video,/SL/g/66045.mp4
gallaudet,video,/SL/gallaudet/23987.mp4
gallaudet,video,/SL/gallaudet/23990.mp4
gallaudet,video,/SL/gallaudet/23993.mp4
gallaudet,video,/SL/gallaudet/65799.mp4
gamble,video,/SL/gamble/24014.mp4
gamble,video,/SL/gamble/24015.mp4
gamble,video,/SL/gamble/24016.mp4
gamble,video,/SL/gamble/24018.mp4
gamble,video,/SL/gamble/24019.mp4
gamble,video,/SL/gamble/24022.mp4
game,video,/SL/game/24025.mp4
game,video,/SL/game/24026.mp4
game,video,/SL/game/24027.mp4
game,video,/SL/game/24028.mp4
game,video,/SL/game/24029.mp4
game,video,/SL/game/24033.mp4
game,video,/SL/game/65800.mp4
gang,video,/SL/gang/24043.mp4
gang,video,/SL/gang/24044.mp4
gang,video,/SL/gang/24045.mp4
gang,video,/SL/gang/24046.mp4
gang,video,/SL/gang/24048.mp4
garage,video,/SL/garage/24057.mp4
garage,video,/SL/garage/24059.mp4
garage,video,/SL/garage/24063.mp4
gas,video,/SL/gas/24119.mp4
gas,video,/SL/gas/24120.mp4
gas,video,/SL/gas/24121.mp4
gas,video,/SL/gas/24122.mp4
gas,video,/SL/gas/24125.mp4
gas,video,/SL/gas/24127.mp4
gas,video,/SL/gas/65802.mp4
gasoline,video,/SL/gasoline/24130.mp4
gasoline,video,/SL/gasoline/24131.mp4
gasoline,video,/SL/gasoline/24136.mp4
gasoline,video,/SL/gasoline/24139.mp4
gather,video,/SL/gather/24166.mp4
gather,video,/SL/gather/24167.mp4
gather,video,/SL/gather/24169.mp4
gather,video,/SL/gather/24170.mp4
gather,video,/SL/gather/24171.mp4
gather,video,/SL/gather/24174.mp4
gather,video,/SL/gather/24176.mp4
gather,video,/SL/gather/65803.mp4
gay,video,/SL/gay/24194.mp4
gay,video,/SL/gay/24195.mp4
gay,video,/SL/gay/24203.mp4
gay,video,/SL/gay/65804.mp4
general,video,/SL/general/24249.mp4
general,video,/SL/general/24250.mp4
general,video,/SL/general/24251.mp4
general,video,/SL/general/24253.mp4
general,video,/SL/general/24258.mp4
general,video,/SL/general/24259.mp4
generation,video,/SL/generation/24268.mp4
generation,video,/SL/generation/24269.mp4
generation,video,/SL/generation/24271.mp4
generation,video,/SL/generation/24274.mp4
geography,video,/SL/geography/24329.mp4
geography,video,/SL/geography/24330.mp4
geography,video,/SL/geography/24331.mp4
geography,video,/SL/geography/24332.mp4
geography,video,/SL/geography/24334.mp4
geography,video,/SL/geography/24335.mp4
geography,video,/SL/geography/24337.mp4
geometry,video,/SL/geometry/24343.mp4
geometry,video,/SL/geometry/24344.mp4
geometry,video,/SL/geometry/24345.mp4
geometry,video,/SL/geometry/24347.mp4
geometry,video,/SL/geometry/24349.mp4
german,video,/SL/german/24367.mp4
german,video,/SL/german/24368.mp4
german,video,/SL/german/24370.mp4
german,video,/SL/german/24371.mp4
german,video,/SL/german/24372.mp4
german,video,/SL/german/24375.mp4
germany,video,/SL/germany/24378.mp4
germany,video,/SL/germany/24379.mp4
germany,video,/SL/germany/24381.mp4
germany,video,/SL/germany/24382.mp4
germany,video,/SL/germany/24383.mp4
germany,video,/SL/germany/24385.mp4
germany,video,/SL/germany/65806.mp4
get,video,/SL/get/24438.mp4
get,video,/SL/get/24439.mp4
get,video,/SL/get/24440.mp4
get,video,/SL/get/24441.mp4
get,video,/SL/get/24443.mp4
get,video,/SL/get/24447.mp4
get,video,/SL/get/65808.mp4
get,video,/SL/get/69341.mp4
get up,video,/SL/get up/24498.mp4
get up,video,/SL/get up/24499.mp4
get up,video,/SL/get up/24500.mp4
get up,video,/SL/get up/24501.mp4
get up,video,/SL/get up/24502.mp4
get up,video,/SL/get up/24503.mp4
get up,video,/SL/get up/65814.mp4
ghost,video,/SL/ghost/24515.mp4
ghost,video,/SL/ghost/24516.mp4
ghost,video,/SL/ghost/24517.mp4
ghost,video,/SL/ghost/24518.mp4
ghost,video,/SL/ghost/24519.mp4
ghost,video,/SL/ghost/24522.mp4
ghost,video,/SL/ghost/65815.mp4
gift,video,/SL/gift/24547.mp4
gift,video,/SL/gift/24548.mp4
gift,video,/SL/gift/24553.mp4
gift,video,/SL/gift/24555.mp4
giraffe,video,/SL/giraffe/24581.mp4
giraffe,video,/SL/giraffe/24582.mp4
giraffe,video,/SL/giraffe/24583.mp4
giraffe,video,/SL/giraffe/24584.mp4
giraffe,video,/SL/giraffe/24586.mp4
giraffe,video,/SL/giraffe/24589.mp4
giraffe,video,/SL/giraffe/65816.mp4
girl,video,/SL/girl/24605.mp4
girl,video,/SL/girl/24606.mp4
girl,video,/SL/girl/24607.mp4
girl,video,/SL/girl/24608.mp4
girl,video,/SL/girl/24609.mp4
girl,video,/SL/girl/24611.mp4
girl,video,/SL/girl/24614.mp4
girl,video,/SL/girl/65817.mp4
girl,video,/SL/girl/69342.mp4
girlfriend,video,/SL/girlfriend/24592.mp4
girlfriend,video,/SL/girlfriend/24594.mp4
girlfriend,video,/SL/girlfriend/24596.mp4
girlfriend,video,/SL/girlfriend/24598.mp4
girlfriend,video,/SL/girlfriend/24604.mp4
give,video,/SL/give/24636.mp4
give,video,/SL/give/24638.mp4
give,video,/SL/give/24639.mp4
give,video,/SL/give/24640.mp4
give,video,/SL/give/24641.mp4
give,video,/SL/give/24642.mp4
give,video,/SL/give/24643.mp4
give,video,/SL/give/24645.mp4
give,video,/SL/give/24648.mp4
give,video,/SL/give/24649.mp4
give,video,/SL/give/24651.mp4
give,video,/SL/give/24660.mp4
give,video,/SL/give/69343.mp4
give up,video,/SL/give up/24680.mp4
give up,video,/SL/give up/24681.mp4
give up,video,/SL/give up/24682.mp4
give up,video,/SL/give up/24684.mp4
give up,video,/SL/give up/24685.mp4
give up,video,/SL/give up/24687.mp4
give up,video,/SL/give up/65820.mp4
glass,video,/SL/glass/24734.mp4
glass,video,/SL/glass/24735.mp4
glass,video,/SL/glass/24736.mp4
glass,video,/SL/glass/24741.mp4
glass,video,/SL/glass/24746.mp4
glass,video,/SL/glass/65821.mp4
glass,video,/SL/glass/69344.mp4
glasses,video,/SL/glasses/24720.mp4
glasses,video,/SL/glasses/24721.mp4
glasses,video,/SL/glasses/24722.mp4
glasses,video,/SL/glasses/24724.mp4
glasses,video,/SL/glasses/24725.mp4
glasses,video,/SL/glasses/24726.mp4
glasses,video,/SL/glasses/24728.mp4
glasses,video,/SL/glasses/24732.mp4
glasses,video,/SL/glasses/65822.mp4
gloves,video,/SL/gloves/24822.mp4
gloves,video,/SL/gloves/24824.mp4
go,video,/SL/go/24940.mp4
go,video,/SL/go/24941.mp4
go,video,/SL/go/24943.mp4
go,video,/SL/go/24946.mp4
go,video,/SL/go/24947.mp4
go,video,/SL/go/24952.mp4
go,video,/SL/go/24954.mp4
go,video,/SL/go/24955.mp4
go,video,/SL/go/24956.mp4
go,video,/SL/go/24960.mp4
go,video,/SL/go/24961.mp4
go,video,/SL/go/24962.mp4
go,video,/SL/go/24973.mp4
go,video,/SL/go/65824.mp4
go,video,/SL/go/69345.mp4
goal,video,/SL/goal/24868.mp4
goal,video,/SL/goal/24869.mp4
goal,video,/SL/goal/24870.mp4
goal,video,/SL/goal/24872.mp4
goal,video,/SL/goal/24875.mp4
goal,video,/SL/goal/24881.mp4
goal,video,/SL/goal/65829.mp4
goat,video,/SL/goat/24888.mp4
goat,video,/SL/goat/24889.mp4
goat,video,/SL/goat/24890.mp4
goat,video,/SL/goat/24892.mp4
goat,video,/SL/goat/24895.mp4
goat,video,/SL/goat/65830.mp4
god,video,/SL/god/24914.mp4
god,video,/SL/god/24915.mp4
god,video,/SL/god/24916.mp4
god,video,/SL/god/24917.mp4
god,video,/SL/god/24918.mp4
god,video,/SL/god/24919.mp4
god,video,/SL/god/24922.mp4
god,video,/SL/god/65832.mp4
gold,video,/SL/gold/24989.mp4
gold,video,/SL/gold/24990.mp4
gold,video,/SL/gold/24991.mp4
gold,video,/SL/gold/24996.mp4
golf,video,/SL/golf/25011.mp4
golf,video,/SL/golf/25012.mp4
golf,video,/SL/golf/25013.mp4
golf,video,/SL/golf/25014.mp4
golf,video,/SL/golf/25015.mp4
golf,video,/SL/golf/25017.mp4
golf,video,/SL/golf/65833.mp4
gone,video,/SL/gone/25025.mp4
gone,video,/SL/gone/25026.mp4
gone,video,/SL/gone/25028.mp4
gone,video,/SL/gone/25033.mp4
gone,video,/SL/gone/65834.mp4
good,video,/SL/good/25066.mp4
good,video,/SL/good/25067.mp4
good,video,/SL/good/25068.mp4
good,video,/SL/good/25069.mp4
good,video,/SL/good/25070.mp4
good,video,/SL/good/25072.mp4
good,video,/SL/good/25073.mp4
good,video,/SL/good/25076.mp4
good,video,/SL/good/65835.mp4
good,video,/SL/good/69347.mp4
goodbye,video,/SL/goodbye/25044.mp4
goodbye,video,/SL/goodbye/25049.mp4
goodbye,video,/SL/goodbye/25051.mp4
goodbye,video,/SL/goodbye/25052.mp4
goodbye,video,/SL/goodbye/25055.mp4
gorilla,video,/SL/gorilla/25167.mp4
gorilla,video,/SL/gorilla/25168.mp4
gorilla,video,/SL/gorilla/25170.mp4
gorilla,video,/SL/gorilla/25171.mp4
gorilla,video,/SL/gorilla/25174.mp4
gorilla,video,/SL/gorilla/65838.mp4
gossip,video,/SL/gossip/25183.mp4
gossip,video,/SL/gossip/25184.mp4
gossip,video,/SL/gossip/25185.mp4
gossip,video,/SL/gossip/25186.mp4
gossip,video,/SL/gossip/25187.mp4
gossip,video,/SL/gossip/25188.mp4
gossip,video,/SL/gossip/25191.mp4
government,video,/SL/government/25241.mp4
government,video,/SL/government/25242.mp4
government,video,/SL/government/25243.mp4
government,video,/SL/government/25244.mp4
government,video,/SL/government/25245.mp4
government,video,/SL/government/25246.mp4
government,video,/SL/government/25247.mp4
government,video,/SL/government/25249.mp4
government,video,/SL/government/25250.mp4
government,video,/SL/government/25253.mp4
government,video,/SL/government/65840.mp4
grab,video,/SL/grab/25279.mp4
grab,video,/SL/grab/25280.mp4
grab,video,/SL/grab/25282.mp4
grab,video,/SL/grab/65841.mp4
graduate,video,/SL/graduate/25321.mp4
graduate,video,/SL/graduate/25322.mp4
graduate,video,/SL/graduate/25323.mp4
graduate,video,/SL/graduate/25324.mp4
graduate,video,/SL/graduate/25325.mp4
graduate,video,/SL/graduate/25326.mp4
graduate,video,/SL/graduate/25329.mp4
graduate,video,/SL/graduate/25330.mp4
graduate,video,/SL/graduate/25339.mp4
graduate,video,/SL/graduate/65843.mp4
graduation,video,/SL/graduation/25350.mp4
graduation,video,/SL/graduation/25351.mp4
graduation,video,/SL/graduation/25353.mp4
graduation,video,/SL/graduation/25354.mp4
graduation,video,/SL/graduation/25356.mp4
grammar,video,/SL/grammar/25371.mp4
grammar,video,/SL/grammar/25372.mp4
grammar,video,/SL/grammar/25373.mp4
grammar,video,/SL/grammar/25374.mp4
grammar,video,/SL/grammar/25375.mp4
grammar,video,/SL/grammar/25377.mp4
grammar,video,/SL/grammar/25378.mp4
grammar,video,/SL/grammar/25380.mp4
grammar,video,/SL/grammar/65845.mp4
grandfather,video,/SL/grandfather/25406.mp4
grandfather,video,/SL/grandfather/25407.mp4
grandfather,video,/SL/grandfather/25408.mp4
grandfather,video,/SL/grandfather/25409.mp4
grandfather,video,/SL/grandfather/25411.mp4
grandfather,video,/SL/grandfather/25413.mp4
grandfather,video,/SL/grandfather/65846.mp4
grandma,video,/SL/grandma/25422.mp4
grandma,video,/SL/grandma/25423.mp4
grandma,video,/SL/grandma/25427.mp4
grandma,video,/SL/grandma/69349.mp4
grandmother,video,/SL/grandmother/25429.mp4
grandmother,video,/SL/grandmother/25430.mp4
grandmother,video,/SL/grandmother/25431.mp4
grandmother,video,/SL/grandmother/25432.mp4
grandmother,video,/SL/grandmother/25434.mp4
grandmother,video,/SL/grandmother/25436.mp4
grandmother,video,/SL/grandmother/65847.mp4
grapes,video,/SL/grapes/25482.mp4
grapes,video,/SL/grapes/25483.mp4
grapes,video,/SL/grapes/25484.mp4
grapes,video,/SL/grapes/25485.mp4
grapes,video,/SL/grapes/25486.mp4
grapes,video,/SL/grapes/25488.mp4
grapes,video,/SL/grapes/65849.mp4
grass,video,/SL/grass/25508.mp4
grass,video,/SL/grass/25509.mp4
grass,video,/SL/grass/25511.mp4
grass,video,/SL/grass/25515.mp4
grass,video,/SL/grass/65850.mp4
grateful,video,/SL/grateful/25522.mp4
grateful,video,/SL/grateful/25524.mp4
grateful,video,/SL/grateful/25526.mp4
grateful,video,/SL/grateful/25527.mp4
grateful,video,/SL/grateful/25528.mp4
gray,video,/SL/gray/25570.mp4
gray,video,/SL/gray/25572.mp4
gray,video,/SL/gray/25573.mp4
gray,video,/SL/gray/25576.mp4
gray,video,/SL/gray/25578.mp4
gray,video,/SL/gray/65852.mp4
great,video,/SL/great/25621.mp4
great,video,/SL/great/25622.mp4
great,video,/SL/great/25623.mp4
great,video,/SL/great/25624.mp4
great,video,/SL/great/25625.mp4
great,video,/SL/great/25627.mp4
great,video,/SL/great/25631.mp4
great,video,/SL/great/25637.mp4
great,video,/SL/great/69352.mp4
greece,video,/SL/greece/25642.mp4
greece,video,/SL/greece/25644.mp4
greece,video,/SL/greece/25645.mp4
greece,video,/SL/greece/25647.mp4
greece,video,/SL/greece/25648.mp4
greece,video,/SL/greece/25651.mp4
greece,video,/SL/greece/65853.mp4
green,video,/SL/green/25685.mp4
green,video,/SL/green/25686.mp4
green,video,/SL/green/25687.mp4
green,video,/SL/green/25689.mp4
green,video,/SL/green/25695.mp4
green,video,/SL/green/65854.mp4
green,video,/SL/green/69353.mp4
grey,video,/SL/grey/25714.mp4
grey,video,/SL/grey/25721.mp4
group,video,/SL/group/25823.mp4
group,video,/SL/group/25824.mp4
group,video,/SL/group/25825.mp4
group,video,/SL/group/25826.mp4
group,video,/SL/group/25829.mp4
group,video,/SL/group/25832.mp4
group,video,/SL/group/65859.mp4
group,video,/SL/group/65860.mp4
grow,video,/SL/grow/25844.mp4
grow,video,/SL/grow/25846.mp4
grow,video,/SL/grow/25847.mp4
grow,video,/SL/grow/25850.mp4
grow,video,/SL/grow/25852.mp4
grow,video,/SL/grow/69354.mp4
grow up,video,/SL/grow up/25871.mp4
grow up,video,/SL/grow up/25874.mp4
grow up,video,/SL/grow up/25876.mp4
grow up,video,/SL/grow up/65863.mp4
guess,video,/SL/guess/25917.mp4
guess,video,/SL/guess/25918.mp4
guess,video,/SL/guess/25920.mp4
guess,video,/SL/guess/25921.mp4
guess,video,/SL/guess/25922.mp4
guess,video,/SL/guess/25926.mp4
guess,video,/SL/guess/65864.mp4
guide,video,/SL/guide/25941.mp4
guide,video,/SL/guide/25942.mp4
guide,video,/SL/guide/25945.mp4
guide,video,/SL/guide/25946.mp4
guide,video,/SL/guide/25948.mp4
guilty,video,/SL/guilty/25960.mp4
guilty,video,/SL/guilty/25961.mp4
guilty,video,/SL/guilty/25962.mp4
guilty,video,/SL/guilty/25963.mp4
guilty,video,/SL/guilty/25964.mp4
guilty,video,/SL/guilty/25966.mp4
guilty,video,/SL/guilty/25967.mp4
guilty,video,/SL/guilty/65865.mp4
guilty,video,/SL/guilty/65866.mp4
guitar,video,/SL/guitar/25976.mp4
guitar,video,/SL/guitar/25977.mp4
guitar,video,/SL/guitar/25978.mp4
guitar,video,/SL/guitar/25979.mp4
guitar,video,/SL/guitar/25980.mp4
guitar,video,/SL/guitar/25981.mp4
guitar,video,/SL/guitar/25982.mp4
guitar,video,/SL/guitar/25984.mp4
guitar,video,/SL/guitar/65867.mp4
gum,video,/SL/gum/26002.mp4
gum,video,/SL/gum/26003.mp4
gum,video,/SL/gum/26004.mp4
gum,video,/SL/gum/26005.mp4
gum,video,/SL/gum/26006.mp4
gum,video,/SL/gum/26009.mp4
gum,video,/SL/gum/65868.mp4
gun,video,/SL/gun/26012.mp4
gun,video,/SL/gun/26013.mp4
gun,video,/SL/gun/26014.mp4
gun,video,/SL/gun/26016.mp4
gun,video,/SL/gun/26018.mp4
gymnastics,video,/SL/gymnastics/26062.mp4
gymnastics,video,/SL/gymnastics/26063.mp4
gymnastics,video,/SL/gymnastics/26065.mp4
gymnastics,video,/SL/gymnastics/26066.mp4
gymnastics,video,/SL/gymnastics/26067.mp4
gymnastics,video,/SL/gymnastics/26069.mp4
h,video,/SL/h/27355.mp4
h,video,/SL/h/27356.mp4
h,video,/SL/h/27357.mp4
h,video,/SL/h/27359.mp4
h,video,/SL/h/66046.mp4
habit,video,/SL/habit/26082.mp4
habit,video,/SL/habit/26083.mp4
habit,video,/SL/habit/26086.mp4
habit,video,/SL/habit/26089.mp4
hair,video,/SL/hair/26157.mp4
hair,video,/SL/hair/26158.mp4
hair,video,/SL/hair/26159.mp4
hair,video,/SL/hair/26162.mp4
hair,video,/SL/hair/26163.mp4
hair,video,/SL/hair/26166.mp4
hair,video,/SL/hair/26173.mp4
hair,video,/SL/hair/26174.mp4
hair,video,/SL/hair/65870.mp4
haircut,video,/SL/haircut/26136.mp4
haircut,video,/SL/haircut/26139.mp4
haircut,video,/SL/haircut/26142.mp4
half,video,/SL/half/26214.mp4
half,video,/SL/half/26215.mp4
half,video,/SL/half/26216.mp4
half,video,/SL/half/26220.mp4
half,video,/SL/half/26224.mp4
halloween,video,/SL/halloween/26251.mp4
halloween,video,/SL/halloween/26252.mp4
halloween,video,/SL/halloween/26253.mp4
halloween,video,/SL/halloween/26254.mp4
halloween,video,/SL/halloween/26255.mp4
halloween,video,/SL/halloween/26259.mp4
halloween,video,/SL/halloween/26262.mp4
halloween,video,/SL/halloween/65873.mp4
halloween,video,/SL/halloween/65874.mp4
hamburger,video,/SL/hamburger/26295.mp4
hamburger,video,/SL/hamburger/26296.mp4
hamburger,video,/SL/hamburger/26297.mp4
hamburger,video,/SL/hamburger/26298.mp4
hamburger,video,/SL/hamburger/26300.mp4
hamburger,video,/SL/hamburger/26303.mp4
hammer,video,/SL/hammer/26313.mp4
hammer,video,/SL/hammer/26314.mp4
hammer,video,/SL/hammer/26315.mp4
hammer,video,/SL/hammer/26317.mp4
hammer,video,/SL/hammer/26326.mp4
hammer,video,/SL/hammer/65875.mp4
hang up,video,/SL/hang up/26463.mp4
hang up,video,/SL/hang up/26464.mp4
hang up,video,/SL/hang up/26472.mp4
hanukkah,video,/SL/hanukkah/26483.mp4
hanukkah,video,/SL/hanukkah/26484.mp4
hanukkah,video,/SL/hanukkah/26485.mp4
hanukkah,video,/SL/hanukkah/26487.mp4
happen,video,/SL/happen/26494.mp4
happen,video,/SL/happen/26495.mp4
happen,video,/SL/happen/26496.mp4
happen,video,/SL/happen/26497.mp4
happen,video,/SL/happen/26499.mp4
happen,video,/SL/happen/26503.mp4
happy,video,/SL/happy/26524.mp4
happy,video,/SL/happy/26525.mp4
happy,video,/SL/happy/26526.mp4
happy,video,/SL/happy/26527.mp4
happy,video,/SL/happy/26530.mp4
happy,video,/SL/happy/26531.mp4
happy,video,/SL/happy/26532.mp4
happy,video,/SL/happy/26537.mp4
hard,video,/SL/hard/26568.mp4
hard,video,/SL/hard/26569.mp4
hard,video,/SL/hard/26570.mp4
hard,video,/SL/hard/26573.mp4
hard,video,/SL/hard/26574.mp4
hard,video,/SL/hard/69358.mp4
hard of hearing,video,/SL/hard of hearing/26585.mp4
hard of hearing,video,/SL/hard of hearing/26586.mp4
hard of hearing,video,/SL/hard of hearing/26587.mp4
hard of hearing,video,/SL/hard of hearing/26591.mp4
hard of hearing,video,/SL/hard of hearing/26593.mp4
hat,video,/SL/hat/26712.mp4
hat,video,/SL/hat/26713.mp4
hat,video,/SL/hat/26714.mp4
hat,video,/SL/hat/26715.mp4
hat,video,/SL/hat/26717.mp4
hat,video,/SL/hat/26719.mp4
hat,video,/SL/hat/26739.mp4
hat,video,/SL/hat/26741.mp4
hat,video,/SL/hat/69359.mp4
hate,video,/SL/hate/26698.mp4
hate,video,/SL/hate/26701.mp4
hate,video,/SL/hate/26706.mp4
hate,video,/SL/hate/26710.mp4
have,video,/SL/have/26766.mp4
have,video,/SL/have/26767.mp4
have,video,/SL/have/26768.mp4
have,video,/SL/have/26773.mp4
have,video,/SL/have/26779.mp4
have,video,/SL/have/69360.mp4
hawaii,video,/SL/hawaii/26799.mp4
hawaii,video,/SL/hawaii/26800.mp4
hawaii,video,/SL/hawaii/26801.mp4
hawaii,video,/SL/hawaii/26802.mp4
hawaii,video,/SL/hawaii/26806.mp4
hawaii,video,/SL/hawaii/26807.mp4
hawaii,video,/SL/hawaii/26810.mp4
head,video,/SL/head/26852.mp4
head,video,/SL/head/26853.mp4
head,video,/SL/head/26854.mp4
head,video,/SL/head/26856.mp4
head,video,/SL/head/26860.mp4
head,video,/SL/head/69362.mp4
headache,video,/SL/headache/26833.mp4
headache,video,/SL/headache/26834.mp4
headache,video,/SL/headache/26835.mp4
headache,video,/SL/headache/26836.mp4
headache,video,/SL/headache/26837.mp4
headache,video,/SL/headache/26839.mp4
headache,video,/SL/headache/26840.mp4
headache,video,/SL/headache/26846.mp4
headache,video,/SL/headache/65881.mp4
health,video,/SL/health/26914.mp4
health,video,/SL/health/26915.mp4
health,video,/SL/health/26916.mp4
health,video,/SL/health/26917.mp4
health,video,/SL/health/26919.mp4
health,video,/SL/health/26921.mp4
heap,video,/SL/heap/26931.mp4
heap,video,/SL/heap/26932.mp4
heap,video,/SL/heap/26935.mp4
heap,video,/SL/heap/26937.mp4
heap,video,/SL/heap/65883.mp4
hear,video,/SL/hear/26942.mp4
hear,video,/SL/hear/26943.mp4
hear,video,/SL/hear/26944.mp4
hear,video,/SL/hear/26945.mp4
hear,video,/SL/hear/26946.mp4
hear,video,/SL/hear/26950.mp4
hear,video,/SL/hear/26951.mp4
hear,video,/SL/hear/26952.mp4
hear,video,/SL/hear/26956.mp4
hearing,video,/SL/hearing/26971.mp4
hearing,video,/SL/hearing/26972.mp4
hearing,video,/SL/hearing/26973.mp4
hearing,video,/SL/hearing/26974.mp4
hearing,video,/SL/hearing/26975.mp4
hearing,video,/SL/hearing/26976.mp4
hearing,video,/SL/hearing/26980.mp4
hearing,video,/SL/hearing/65884.mp4
hearing aid,video,/SL/hearing aid/26959.mp4
hearing aid,video,/SL/hearing aid/26960.mp4
hearing aid,video,/SL/hearing aid/26962.mp4
hearing aid,video,/SL/hearing aid/26965.mp4
hearing aid,video,/SL/hearing aid/65885.mp4
heart,video,/SL/heart/27042.mp4
heart,video,/SL/heart/27043.mp4
heart,video,/SL/heart/27044.mp4
heart,video,/SL/heart/27046.mp4
heart,video,/SL/heart/27050.mp4
heart,video,/SL/heart/27051.mp4
heart,video,/SL/heart/27056.mp4
heart,video,/SL/heart/27057.mp4
heart attack,video,/SL/heart attack/27018.mp4
heart attack,video,/SL/heart attack/27019.mp4
heart attack,video,/SL/heart attack/27020.mp4
heart attack,video,/SL/heart attack/27022.mp4
heart attack,video,/SL/heart attack/27023.mp4
heaven,video,/SL/heaven/27078.mp4
heaven,video,/SL/heaven/27079.mp4
heaven,video,/SL/heaven/27082.mp4
heaven,video,/SL/heaven/27087.mp4
heaven,video,/SL/heaven/65887.mp4
heavy,video,/SL/heavy/27095.mp4
heavy,video,/SL/heavy/27096.mp4
heavy,video,/SL/heavy/27097.mp4
heavy,video,/SL/heavy/27099.mp4
heavy,video,/SL/heavy/27102.mp4
helicopter,video,/SL/helicopter/27151.mp4
helicopter,video,/SL/helicopter/27152.mp4
helicopter,video,/SL/helicopter/27153.mp4
helicopter,video,/SL/helicopter/27154.mp4
helicopter,video,/SL/helicopter/27155.mp4
helicopter,video,/SL/helicopter/27157.mp4
helicopter,video,/SL/helicopter/27159.mp4
helicopter,video,/SL/helicopter/65888.mp4
hello,video,/SL/hello/27172.mp4
hello,video,/SL/hello/27173.mp4
hello,video,/SL/hello/27177.mp4
hello,video,/SL/hello/27184.mp4
helmet,video,/SL/helmet/27186.mp4
helmet,video,/SL/helmet/27187.mp4
helmet,video,/SL/helmet/27188.mp4
helmet,video,/SL/helmet/27190.mp4
helmet,video,/SL/helmet/27192.mp4
help,video,/SL/help/27206.mp4
help,video,/SL/help/27207.mp4
help,video,/SL/help/27208.mp4
help,video,/SL/help/27209.mp4
help,video,/SL/help/27213.mp4
help,video,/SL/help/27214.mp4
help,video,/SL/help/27215.mp4
help,video,/SL/help/27216.mp4
help,video,/SL/help/27217.mp4
help,video,/SL/help/27221.mp4
help,video,/SL/help/65889.mp4
help,video,/SL/help/65890.mp4
help,video,/SL/help/65891.mp4
help,video,/SL/help/69364.mp4
her,video,/SL/her/27274.mp4
her,video,/SL/her/27275.mp4
her,video,/SL/her/27279.mp4
her,video,/SL/her/27280.mp4
her,video,/SL/her/27281.mp4
her,video,/SL/her/27282.mp4
her,video,/SL/her/27284.mp4
her,video,/SL/her/27285.mp4
here,video,/SL/here/27263.mp4
here,video,/SL/here/27264.mp4
here,video,/SL/here/27265.mp4
here,video,/SL/here/27268.mp4
here,video,/SL/here/27273.mp4
here,video,/SL/here/65892.mp4
here,video,/SL/here/69365.mp4
herself,video,/SL/herself/27313.mp4
herself,video,/SL/herself/27314.mp4
herself,video,/SL/herself/27315.mp4
herself,video,/SL/herself/27316.mp4
herself,video,/SL/herself/27319.mp4
herself,video,/SL/herself/27321.mp4
herself,video,/SL/herself/27322.mp4
hide,video,/SL/hide/27375.mp4
hide,video,/SL/hide/27376.mp4
hide,video,/SL/hide/27377.mp4
hide,video,/SL/hide/27379.mp4
hide,video,/SL/hide/27382.mp4
high,video,/SL/high/27406.mp4
high,video,/SL/high/27407.mp4
high,video,/SL/high/27408.mp4
high,video,/SL/high/27409.mp4
high,video,/SL/high/27410.mp4
high,video,/SL/high/27412.mp4
high,video,/SL/high/27417.mp4
high,video,/SL/high/65893.mp4
high school,video,/SL/high school/27434.mp4
high school,video,/SL/high school/27436.mp4
high school,video,/SL/high school/27437.mp4
high school,video,/SL/high school/27438.mp4
high school,video,/SL/high school/27439.mp4
high school,video,/SL/high school/27441.mp4
highway,video,/SL/highway/27445.mp4
highway,video,/SL/highway/27446.mp4
highway,video,/SL/highway/27447.mp4
highway,video,/SL/highway/27448.mp4
highway,video,/SL/highway/27450.mp4
highway,video,/SL/highway/27451.mp4
highway,video,/SL/highway/27452.mp4
highway,video,/SL/highway/27456.mp4
hill,video,/SL/hill/27486.mp4
hill,video,/SL/hill/27487.mp4
hill,video,/SL/hill/27492.mp4
hippopotamus,video,/SL/hippopotamus/27534.mp4
hippopotamus,video,/SL/hippopotamus/27535.mp4
hippopotamus,video,/SL/hippopotamus/27542.mp4
his,video,/SL/his/27553.mp4
his,video,/SL/his/27554.mp4
his,video,/SL/his/27555.mp4
his,video,/SL/his/27556.mp4
his,video,/SL/his/27557.mp4
his,video,/SL/his/27559.mp4
history,video,/SL/history/27569.mp4
history,video,/SL/history/27570.mp4
history,video,/SL/history/27571.mp4
history,video,/SL/history/27572.mp4
history,video,/SL/history/27573.mp4
history,video,/SL/history/27574.mp4
history,video,/SL/history/27575.mp4
history,video,/SL/history/27579.mp4
history,video,/SL/history/65894.mp4
hit,video,/SL/hit/27591.mp4
hit,video,/SL/hit/27592.mp4
hit,video,/SL/hit/27593.mp4
hit,video,/SL/hit/27594.mp4
hit,video,/SL/hit/27595.mp4
hit,video,/SL/hit/27596.mp4
hit,video,/SL/hit/27604.mp4
hockey,video,/SL/hockey/27633.mp4
hockey,video,/SL/hockey/27634.mp4
hockey,video,/SL/hockey/27635.mp4
hockey,video,/SL/hockey/27637.mp4
hockey,video,/SL/hockey/65895.mp4
hold,video,/SL/hold/27659.mp4
hold,video,/SL/hold/27661.mp4
hold,video,/SL/hold/27662.mp4
hold,video,/SL/hold/27665.mp4
hold,video,/SL/hold/27666.mp4
holy,video,/SL/holy/27744.mp4
holy,video,/SL/holy/27745.mp4
holy,video,/SL/holy/27746.mp4
holy,video,/SL/holy/27748.mp4
holy,video,/SL/holy/27754.mp4
home,video,/SL/home/27765.mp4
home,video,/SL/home/27766.mp4
home,video,/SL/home/27767.mp4
home,video,/SL/home/27768.mp4
home,video,/SL/home/27770.mp4
home,video,/SL/home/27775.mp4
home,video,/SL/home/69366.mp4
homework,video,/SL/homework/27789.mp4
homework,video,/SL/homework/27790.mp4
homework,video,/SL/homework/27793.mp4
homework,video,/SL/homework/27796.mp4
homework,video,/SL/homework/27801.mp4
honest,video,/SL/honest/27823.mp4
honest,video,/SL/honest/27824.mp4
honest,video,/SL/honest/27826.mp4
honest,video,/SL/honest/27827.mp4
honest,video,/SL/honest/27829.mp4
honey,video,/SL/honey/27840.mp4
honey,video,/SL/honey/27841.mp4
honey,video,/SL/honey/27850.mp4
honey,video,/SL/honey/65898.mp4
honey,video,/SL/honey/65899.mp4
honor,video,/SL/honor/27874.mp4
honor,video,/SL/honor/27875.mp4
honor,video,/SL/honor/27876.mp4
honor,video,/SL/honor/27879.mp4
honor,video,/SL/honor/27880.mp4
honor,video,/SL/honor/27883.mp4
hop,video,/SL/hop/27940.mp4
hop,video,/SL/hop/27942.mp4
hop,video,/SL/hop/27943.mp4
hop,video,/SL/hop/27945.mp4
hope,video,/SL/hope/27920.mp4
hope,video,/SL/hope/27921.mp4
hope,video,/SL/hope/27922.mp4
hope,video,/SL/hope/27923.mp4
hope,video,/SL/hope/27925.mp4
hope,video,/SL/hope/27926.mp4
hope,video,/SL/hope/27929.mp4
hope,video,/SL/hope/27934.mp4
hope,video,/SL/hope/65905.mp4
horse,video,/SL/horse/27994.mp4
horse,video,/SL/horse/27995.mp4
horse,video,/SL/horse/27999.mp4
horse,video,/SL/horse/28003.mp4
hospital,video,/SL/hospital/28033.mp4
hospital,video,/SL/hospital/28034.mp4
hospital,video,/SL/hospital/28035.mp4
hospital,video,/SL/hospital/28036.mp4
hospital,video,/SL/hospital/28038.mp4
hospital,video,/SL/hospital/28041.mp4
hospital,video,/SL/hospital/28044.mp4
host,video,/SL/host/28056.mp4
host,video,/SL/host/28057.mp4
host,video,/SL/host/28058.mp4
host,video,/SL/host/28067.mp4
host,video,/SL/host/28069.mp4
hot,video,/SL/hot/28107.mp4
hot,video,/SL/hot/28108.mp4
hot,video,/SL/hot/28109.mp4
hot,video,/SL/hot/28110.mp4
hot,video,/SL/hot/28111.mp4
hot,video,/SL/hot/28112.mp4
hot,video,/SL/hot/28115.mp4
hot,video,/SL/hot/28116.mp4
hot,video,/SL/hot/28125.mp4
hot,video,/SL/hot/69368.mp4
hot dog,video,/SL/hot dog/28082.mp4
hot dog,video,/SL/hot dog/28085.mp4
hot dog,video,/SL/hot dog/28087.mp4
hot dog,video,/SL/hot dog/28091.mp4
hot dog,video,/SL/hot dog/28096.mp4
hour,video,/SL/hour/28138.mp4
hour,video,/SL/hour/28139.mp4
hour,video,/SL/hour/28140.mp4
hour,video,/SL/hour/28143.mp4
hour,video,/SL/hour/28144.mp4
hour,video,/SL/hour/28145.mp4
hour,video,/SL/hour/28150.mp4
house,video,/SL/house/28159.mp4
house,video,/SL/house/28160.mp4
house,video,/SL/house/28161.mp4
house,video,/SL/house/28162.mp4
house,video,/SL/house/28164.mp4
house,video,/SL/house/28169.mp4
house,video,/SL/house/69369.mp4
how,video,/SL/how/28201.mp4
how,video,/SL/how/28202.mp4
how,video,/SL/how/28203.mp4
how,video,/SL/how/28204.mp4
how,video,/SL/how/28205.mp4
how,video,/SL/how/28210.mp4
how,video,/SL/how/28211.mp4
how,video,/SL/how/28214.mp4
how,video,/SL/how/69370.mp4
hug,video,/SL/hug/28260.mp4
hug,video,/SL/hug/28261.mp4
hug,video,/SL/hug/28263.mp4
hug,video,/SL/hug/28267.mp4
hug,video,/SL/hug/65909.mp4
human,video,/SL/human/28288.mp4
human,video,/SL/human/28291.mp4
human,video,/SL/human/28292.mp4
human,video,/SL/human/28296.mp4
humble,video,/SL/humble/28308.mp4
humble,video,/SL/humble/28309.mp4
humble,video,/SL/humble/28310.mp4
humble,video,/SL/humble/28311.mp4
humble,video,/SL/humble/28312.mp4
humble,video,/SL/humble/28314.mp4
humble,video,/SL/humble/28315.mp4
humble,video,/SL/humble/28319.mp4
hungry,video,/SL/hungry/28376.mp4
hungry,video,/SL/hungry/28377.mp4
hungry,video,/SL/hungry/28378.mp4
hungry,video,/SL/hungry/28379.mp4
hungry,video,/SL/hungry/28381.mp4
hungry,video,/SL/hungry/28385.mp4
hunt,video,/SL/hunt/28389.mp4
hunt,video,/SL/hunt/28394.mp4
hunt,video,/SL/hunt/28395.mp4
hunt,video,/SL/hunt/28397.mp4
hunt,video,/SL/hunt/65912.mp4
hurricane,video,/SL/hurricane/28413.mp4
hurricane,video,/SL/hurricane/28414.mp4
hurricane,video,/SL/hurricane/28415.mp4
hurricane,video,/SL/hurricane/28417.mp4
hurricane,video,/SL/hurricane/28420.mp4
hurry,video,/SL/hurry/28423.mp4
hurry,video,/SL/hurry/28424.mp4
hurry,video,/SL/hurry/28425.mp4
hurry,video,/SL/hurry/28426.mp4
hurry,video,/SL/hurry/28429.mp4
hurry,video,/SL/hurry/28430.mp4
hurry,video,/SL/hurry/28436.mp4
hurt,video,/SL/hurt/28440.mp4
hurt,video,/SL/hurt/28441.mp4
hurt,video,/SL/hurt/28445.mp4
hurt,video,/SL/hurt/28446.mp4
hurt,video,/SL/hurt/28454.mp4
husband,video,/SL/husband/28463.mp4
husband,video,/SL/husband/28464.mp4
husband,video,/SL/husband/28465.mp4
husband,video,/SL/husband/28466.mp4
husband,video,/SL/husband/28467.mp4
husband,video,/SL/husband/28468.mp4
husband,video,/SL/husband/28469.mp4
husband,video,/SL/husband/28473.mp4
husband,video,/SL/husband/65913.mp4
i,video,/SL/i/28789.mp4
i,video,/SL/i/28790.mp4
i,video,/SL/i/28791.mp4
i,video,/SL/i/28794.mp4
i,video,/SL/i/66047.mp4
ice cream,video,/SL/ice cream/28582.mp4
ice cream,video,/SL/ice cream/28583.mp4
ice cream,video,/SL/ice cream/28584.mp4
ice cream,video,/SL/ice cream/28585.mp4
ice cream,video,/SL/ice cream/28586.mp4
ice cream,video,/SL/ice cream/28588.mp4
ice cream,video,/SL/ice cream/28590.mp4
idea,video,/SL/idea/28648.mp4
idea,video,/SL/idea/28649.mp4
idea,video,/SL/idea/28650.mp4
idea,video,/SL/idea/28651.mp4
idea,video,/SL/idea/28652.mp4
idea,video,/SL/idea/28655.mp4
idea,video,/SL/idea/28658.mp4
idea,video,/SL/idea/65918.mp4
identify,video,/SL/identify/28675.mp4
identify,video,/SL/identify/28680.mp4
identify,video,/SL/identify/28681.mp4
identify,video,/SL/identify/28683.mp4
identify,video,/SL/identify/65919.mp4
if,video,/SL/if/28736.mp4
if,video,/SL/if/28737.mp4
if,video,/SL/if/28739.mp4
if,video,/SL/if/28742.mp4
if,video,/SL/if/28743.mp4
if,video,/SL/if/28749.mp4
if,video,/SL/if/69375.mp4
ignore,video,/SL/ignore/28775.mp4
ignore,video,/SL/ignore/28776.mp4
ignore,video,/SL/ignore/28777.mp4
ignore,video,/SL/ignore/28778.mp4
ignore,video,/SL/ignore/28779.mp4
ignore,video,/SL/ignore/28780.mp4
ignore,video,/SL/ignore/28783.mp4
ignore,video,/SL/ignore/65923.mp4
ill,video,/SL/ill/28820.mp4
ill,video,/SL/ill/28821.mp4
ill,video,/SL/ill/28823.mp4
ill,video,/SL/ill/28824.mp4
ill,video,/SL/ill/28827.mp4
illegal,video,/SL/illegal/28813.mp4
illegal,video,/SL/illegal/28814.mp4
illegal,video,/SL/illegal/28815.mp4
illegal,video,/SL/illegal/28816.mp4
illegal,video,/SL/illegal/28817.mp4
illegal,video,/SL/illegal/28818.mp4
image,video,/SL/image/28876.mp4
image,video,/SL/image/28877.mp4
image,video,/SL/image/28878.mp4
image,video,/SL/image/28879.mp4
image,video,/SL/image/28880.mp4
image,video,/SL/image/28881.mp4
image,video,/SL/image/28886.mp4
impact,video,/SL/impact/29007.mp4
impact,video,/SL/impact/29008.mp4
impact,video,/SL/impact/29009.mp4
impact,video,/SL/impact/29010.mp4
impact,video,/SL/impact/29011.mp4
impact,video,/SL/impact/65925.mp4
important,video,/SL/important/29065.mp4
important,video,/SL/important/29066.mp4
important,video,/SL/important/29068.mp4
important,video,/SL/important/29069.mp4
important,video,/SL/important/29070.mp4
important,video,/SL/important/29071.mp4
important,video,/SL/important/29074.mp4
important,video,/SL/important/65926.mp4
important,video,/SL/important/69376.mp4
impossible,video,/SL/impossible/29088.mp4
impossible,video,/SL/impossible/29089.mp4
impossible,video,/SL/impossible/29090.mp4
impossible,video,/SL/impossible/29091.mp4
impossible,video,/SL/impossible/29092.mp4
impossible,video,/SL/impossible/29096.mp4
impossible,video,/SL/impossible/65927.mp4
improve,video,/SL/improve/29136.mp4
improve,video,/SL/improve/29137.mp4
improve,video,/SL/improve/29138.mp4
improve,video,/SL/improve/29139.mp4
improve,video,/SL/improve/29140.mp4
improve,video,/SL/improve/29141.mp4
improve,video,/SL/improve/29142.mp4
improve,video,/SL/improve/29143.mp4
improve,video,/SL/improve/29144.mp4
improve,video,/SL/improve/29145.mp4
improve,video,/SL/improve/29147.mp4
improve,video,/SL/improve/65929.mp4
in,video,/SL/in/29718.mp4
in,video,/SL/in/29719.mp4
in,video,/SL/in/29720.mp4
in,video,/SL/in/29721.mp4
in,video,/SL/in/29722.mp4
in,video,/SL/in/29723.mp4
in,video,/SL/in/29726.mp4
in,video,/SL/in/69377.mp4
include,video,/SL/include/29278.mp4
include,video,/SL/include/29279.mp4
include,video,/SL/include/29281.mp4
include,video,/SL/include/29284.mp4
increase,video,/SL/increase/29327.mp4
increase,video,/SL/increase/29328.mp4
increase,video,/SL/increase/29329.mp4
increase,video,/SL/increase/29330.mp4
increase,video,/SL/increase/29333.mp4
independent,video,/SL/independent/29383.mp4
independent,video,/SL/independent/29384.mp4
independent,video,/SL/independent/29385.mp4
independent,video,/SL/independent/29386.mp4
independent,video,/SL/independent/29388.mp4
independent,video,/SL/independent/29391.mp4
independent,video,/SL/independent/65932.mp4
india,video,/SL/india/29400.mp4
india,video,/SL/india/29402.mp4
india,video,/SL/india/29404.mp4
india,video,/SL/india/29407.mp4
individual,video,/SL/individual/29462.mp4
individual,video,/SL/individual/29463.mp4
individual,video,/SL/individual/29468.mp4
individual,video,/SL/individual/65933.mp4
infection,video,/SL/infection/29562.mp4
infection,video,/SL/infection/29563.mp4
infection,video,/SL/infection/29564.mp4
infection,video,/SL/infection/29565.mp4
infection,video,/SL/infection/29566.mp4
infection,video,/SL/infection/65938.mp4
influence,video,/SL/influence/29614.mp4
influence,video,/SL/influence/29615.mp4
influence,video,/SL/influence/29616.mp4
influence,video,/SL/influence/29617.mp4
influence,video,/SL/influence/29618.mp4
influence,video,/SL/influence/29619.mp4
influence,video,/SL/influence/29621.mp4
influence,video,/SL/influence/65939.mp4
inform,video,/SL/inform/29646.mp4
inform,video,/SL/inform/29647.mp4
inform,video,/SL/inform/29648.mp4
inform,video,/SL/inform/29649.mp4
inform,video,/SL/inform/29650.mp4
inform,video,/SL/inform/29651.mp4
inform,video,/SL/inform/29652.mp4
inform,video,/SL/inform/29653.mp4
inform,video,/SL/inform/29654.mp4
inform,video,/SL/inform/29655.mp4
inform,video,/SL/inform/29656.mp4
inform,video,/SL/inform/29657.mp4
inform,video,/SL/inform/29661.mp4
inform,video,/SL/inform/65940.mp4
information,video,/SL/information/29632.mp4
information,video,/SL/information/29633.mp4
information,video,/SL/information/29634.mp4
information,video,/SL/information/29635.mp4
information,video,/SL/information/29636.mp4
information,video,/SL/information/29637.mp4
information,video,/SL/information/29638.mp4
information,video,/SL/information/29641.mp4
innocent,video,/SL/innocent/29791.mp4
innocent,video,/SL/innocent/29792.mp4
innocent,video,/SL/innocent/29794.mp4
innocent,video,/SL/innocent/29798.mp4
insect,video,/SL/insect/29842.mp4
insect,video,/SL/insect/29843.mp4
insect,video,/SL/insect/29844.mp4
insect,video,/SL/insect/29845.mp4
insect,video,/SL/insect/29847.mp4
insect,video,/SL/insect/29849.mp4
inside,video,/SL/inside/29866.mp4
inside,video,/SL/inside/29867.mp4
inside,video,/SL/inside/29868.mp4
inside,video,/SL/inside/29869.mp4
inside,video,/SL/inside/29870.mp4
inside,video,/SL/inside/29873.mp4
inside,video,/SL/inside/65942.mp4
inspect,video,/SL/inspect/29897.mp4
inspect,video,/SL/inspect/29898.mp4
inspect,video,/SL/inspect/29899.mp4
inspect,video,/SL/inspect/29900.mp4
inspect,video,/SL/inspect/29901.mp4
inspect,video,/SL/inspect/29903.mp4
inspire,video,/SL/inspire/29919.mp4
inspire,video,/SL/inspire/29920.mp4
inspire,video,/SL/inspire/29921.mp4
inspire,video,/SL/inspire/29922.mp4
inspire,video,/SL/inspire/29924.mp4
inspire,video,/SL/inspire/65943.mp4
instead,video,/SL/instead/29962.mp4
instead,video,/SL/instead/29963.mp4
instead,video,/SL/instead/29964.mp4
instead,video,/SL/instead/29965.mp4
instead,video,/SL/instead/29967.mp4
instead,video,/SL/instead/65945.mp4
institute,video,/SL/institute/29979.mp4
institute,video,/SL/institute/29980.mp4
institute,video,/SL/institute/29981.mp4
institute,video,/SL/institute/29982.mp4
institute,video,/SL/institute/29986.mp4
institute,video,/SL/institute/65947.mp4
insurance,video,/SL/insurance/30052.mp4
insurance,video,/SL/insurance/30053.mp4
insurance,video,/SL/insurance/30054.mp4
insurance,video,/SL/insurance/30055.mp4
insurance,video,/SL/insurance/30056.mp4
insurance,video,/SL/insurance/30057.mp4
insurance,video,/SL/insurance/30060.mp4
interest,video,/SL/interest/30152.mp4
interest,video,/SL/interest/30153.mp4
interest,video,/SL/interest/30154.mp4
interest,video,/SL/interest/30155.mp4
interest,video,/SL/interest/30156.mp4
interest,video,/SL/interest/30160.mp4
interest,video,/SL/interest/30162.mp4
interest,video,/SL/interest/30166.mp4
interest,video,/SL/interest/30168.mp4
interest,video,/SL/interest/65950.mp4
interesting,video,/SL/interesting/30169.mp4
interesting,video,/SL/interesting/30170.mp4
interesting,video,/SL/interesting/30171.mp4
interesting,video,/SL/interesting/30172.mp4
interesting,video,/SL/interesting/30173.mp4
interesting,video,/SL/interesting/30175.mp4
international,video,/SL/international/30217.mp4
international,video,/SL/international/30219.mp4
international,video,/SL/international/30223.mp4
internet,video,/SL/internet/30230.mp4
internet,video,/SL/internet/30231.mp4
internet,video,/SL/internet/30232.mp4
internet,video,/SL/internet/30233.mp4
internet,video,/SL/internet/30234.mp4
internet,video,/SL/internet/30235.mp4
internet,video,/SL/internet/30239.mp4
internet,video,/SL/internet/30242.mp4
interpret,video,/SL/interpret/30264.mp4
interpret,video,/SL/interpret/30265.mp4
interpret,video,/SL/interpret/30268.mp4
interpret,video,/SL/interpret/30271.mp4
interpreter,video,/SL/interpreter/30257.mp4
interpreter,video,/SL/interpreter/30258.mp4
interpreter,video,/SL/interpreter/30260.mp4
interpreter,video,/SL/interpreter/30262.mp4
interpreter,video,/SL/interpreter/65954.mp4
interrupt,video,/SL/interrupt/30278.mp4
interrupt,video,/SL/interrupt/30281.mp4
interrupt,video,/SL/interrupt/30283.mp4
interrupt,video,/SL/interrupt/30285.mp4
interrupt,video,/SL/interrupt/30289.mp4
intersection,video,/SL/intersection/30297.mp4
intersection,video,/SL/intersection/30298.mp4
intersection,video,/SL/intersection/30301.mp4
intersection,video,/SL/intersection/30304.mp4
interview,video,/SL/interview/30316.mp4
interview,video,/SL/interview/30318.mp4
interview,video,/SL/interview/30319.mp4
interview,video,/SL/interview/30327.mp4
interview,video,/SL/interview/65956.mp4
introduce,video,/SL/introduce/30384.mp4
introduce,video,/SL/introduce/30385.mp4
introduce,video,/SL/introduce/30386.mp4
introduce,video,/SL/introduce/30388.mp4
introduce,video,/SL/introduce/30392.mp4
introduce,video,/SL/introduce/65958.mp4
invest,video,/SL/invest/30451.mp4
invest,video,/SL/invest/30452.mp4
invest,video,/SL/invest/30453.mp4
invest,video,/SL/invest/30454.mp4
invest,video,/SL/invest/30455.mp4
invest,video,/SL/invest/30457.mp4
invest,video,/SL/invest/30458.mp4
invest,video,/SL/invest/30460.mp4
invest,video,/SL/invest/65959.mp4
investigate,video,/SL/investigate/30468.mp4
investigate,video,/SL/investigate/30469.mp4
investigate,video,/SL/investigate/30470.mp4
investigate,video,/SL/investigate/30471.mp4
investigate,video,/SL/investigate/30472.mp4
investigate,video,/SL/investigate/30473.mp4
investigate,video,/SL/investigate/30474.mp4
invite,video,/SL/invite/30510.mp4
invite,video,/SL/invite/30511.mp4
invite,video,/SL/invite/30512.mp4
invite,video,/SL/invite/30513.mp4
invite,video,/SL/invite/30514.mp4
invite,video,/SL/invite/30516.mp4
invite,video,/SL/invite/65961.mp4
involve,video,/SL/involve/30522.mp4
involve,video,/SL/involve/30523.mp4
involve,video,/SL/involve/30524.mp4
involve,video,/SL/involve/30525.mp4
involve,video,/SL/involve/30526.mp4
involve,video,/SL/involve/30528.mp4
involve,video,/SL/involve/65962.mp4
iran,video,/SL/iran/30559.mp4
iran,video,/SL/iran/30560.mp4
iran,video,/SL/iran/30561.mp4
iran,video,/SL/iran/30562.mp4
iran,video,/SL/iran/30563.mp4
iran,video,/SL/iran/30564.mp4
iran,video,/SL/iran/30565.mp4
iran,video,/SL/iran/30566.mp4
ireland,video,/SL/ireland/30584.mp4
ireland,video,/SL/ireland/30585.mp4
ireland,video,/SL/ireland/30587.mp4
ireland,video,/SL/ireland/65963.mp4
iron,video,/SL/iron/30595.mp4
iron,video,/SL/iron/30596.mp4
iron,video,/SL/iron/30603.mp4
iron,video,/SL/iron/65964.mp4
island,video,/SL/island/30675.mp4
island,video,/SL/island/30676.mp4
island,video,/SL/island/30677.mp4
island,video,/SL/island/30678.mp4
island,video,/SL/island/30679.mp4
island,video,/SL/island/30682.mp4
island,video,/SL/island/65966.mp4
israel,video,/SL/israel/30707.mp4
israel,video,/SL/israel/30709.mp4
israel,video,/SL/israel/30710.mp4
israel,video,/SL/israel/30713.mp4
israel,video,/SL/israel/30719.mp4
italy,video,/SL/italy/30745.mp4
italy,video,/SL/italy/30746.mp4
italy,video,/SL/italy/30748.mp4
italy,video,/SL/italy/30749.mp4
italy,video,/SL/italy/30755.mp4
italy,video,/SL/italy/65969.mp4
j,video,/SL/j/31100.mp4
j,video,/SL/j/31101.mp4
j,video,/SL/j/31102.mp4
j,video,/SL/j/31104.mp4
j,video,/SL/j/66048.mp4
jacket,video,/SL/jacket/30831.mp4
jacket,video,/SL/jacket/30832.mp4
jacket,video,/SL/jacket/30833.mp4
jacket,video,/SL/jacket/30834.mp4
jacket,video,/SL/jacket/30835.mp4
jacket,video,/SL/jacket/30840.mp4
jacket,video,/SL/jacket/30849.mp4
jail,video,/SL/jail/30873.mp4
jail,video,/SL/jail/30875.mp4
jail,video,/SL/jail/30876.mp4
jail,video,/SL/jail/30877.mp4
jail,video,/SL/jail/30878.mp4
jail,video,/SL/jail/30879.mp4
january,video,/SL/january/30919.mp4
january,video,/SL/january/30920.mp4
january,video,/SL/january/30921.mp4
january,video,/SL/january/30923.mp4
january,video,/SL/january/30926.mp4
japan,video,/SL/japan/30933.mp4
japan,video,/SL/japan/30934.mp4
japan,video,/SL/japan/30935.mp4
japan,video,/SL/japan/30936.mp4
japan,video,/SL/japan/30937.mp4
japan,video,/SL/japan/30941.mp4
japan,video,/SL/japan/30946.mp4
jealous,video,/SL/jealous/30974.mp4
jealous,video,/SL/jealous/30975.mp4
jealous,video,/SL/jealous/30978.mp4
jealous,video,/SL/jealous/30979.mp4
jealous,video,/SL/jealous/30983.mp4
jealous,video,/SL/jealous/30984.mp4
jealous,video,/SL/jealous/30985.mp4
jealous,video,/SL/jealous/30988.mp4
jesus,video,/SL/jesus/31049.mp4
jesus,video,/SL/jesus/31050.mp4
jesus,video,/SL/jesus/31051.mp4
jesus,video,/SL/jesus/31052.mp4
jesus,video,/SL/jesus/31053.mp4
jesus,video,/SL/jesus/31054.mp4
jesus,video,/SL/jesus/31057.mp4
jewelry,video,/SL/jewelry/31077.mp4
jewelry,video,/SL/jewelry/31078.mp4
jewelry,video,/SL/jewelry/31079.mp4
jewelry,video,/SL/jewelry/31080.mp4
jewelry,video,/SL/jewelry/31082.mp4
jewelry,video,/SL/jewelry/65978.mp4
jewish,video,/SL/jewish/31093.mp4
jewish,video,/SL/jewish/31094.mp4
jewish,video,/SL/jewish/31095.mp4
jewish,video,/SL/jewish/31096.mp4
jewish,video,/SL/jewish/65979.mp4
join,video,/SL/join/31149.mp4
join,video,/SL/join/31151.mp4
join,video,/SL/join/31152.mp4
join,video,/SL/join/31153.mp4
join,video,/SL/join/31154.mp4
join,video,/SL/join/31155.mp4
join,video,/SL/join/31157.mp4
join,video,/SL/join/31158.mp4
join,video,/SL/join/31165.mp4
join,video,/SL/join/65981.mp4
joke,video,/SL/joke/31177.mp4
joke,video,/SL/joke/31179.mp4
joke,video,/SL/joke/31181.mp4
joke,video,/SL/joke/31182.mp4
joke,video,/SL/joke/31183.mp4
joke,video,/SL/joke/31186.mp4
journey,video,/SL/journey/31218.mp4
journey,video,/SL/journey/31220.mp4
journey,video,/SL/journey/31221.mp4
journey,video,/SL/journey/31223.mp4
joy,video,/SL/joy/31232.mp4
joy,video,/SL/joy/31233.mp4
joy,video,/SL/joy/31236.mp4
joy,video,/SL/joy/31237.mp4
joy,video,/SL/joy/31239.mp4
judge,video,/SL/judge/31252.mp4
judge,video,/SL/judge/31253.mp4
judge,video,/SL/judge/31259.mp4
judge,video,/SL/judge/31260.mp4
judge,video,/SL/judge/31261.mp4
judge,video,/SL/judge/31264.mp4
july,video,/SL/july/31300.mp4
july,video,/SL/july/31301.mp4
july,video,/SL/july/31302.mp4
july,video,/SL/july/31303.mp4
july,video,/SL/july/31306.mp4
jump,video,/SL/jump/31315.mp4
jump,video,/SL/jump/31316.mp4
jump,video,/SL/jump/31320.mp4
jump,video,/SL/jump/31324.mp4
jump,video,/SL/jump/65983.mp4
jump,video,/SL/jump/69380.mp4
june,video,/SL/june/31346.mp4
june,video,/SL/june/31347.mp4
june,video,/SL/june/31348.mp4
june,video,/SL/june/31349.mp4
june,video,/SL/june/31350.mp4
june,video,/SL/june/31353.mp4
k,video,/SL/k/31583.mp4
k,video,/SL/k/31584.mp4
k,video,/SL/k/31585.mp4
k,video,/SL/k/31587.mp4
k,video,/SL/k/66049.mp4
kangaroo,video,/SL/kangaroo/31442.mp4
kangaroo,video,/SL/kangaroo/31444.mp4
kangaroo,video,/SL/kangaroo/31445.mp4
kangaroo,video,/SL/kangaroo/65986.mp4
karate,video,/SL/karate/31457.mp4
karate,video,/SL/karate/31458.mp4
karate,video,/SL/karate/31460.mp4
karate,video,/SL/karate/31463.mp4
keep,video,/SL/keep/31485.mp4
keep,video,/SL/keep/31486.mp4
keep,video,/SL/keep/31487.mp4
keep,video,/SL/keep/31488.mp4
keep,video,/SL/keep/31491.mp4
keep,video,/SL/keep/31496.mp4
keep,video,/SL/keep/65987.mp4
key,video,/SL/key/31564.mp4
key,video,/SL/key/31565.mp4
key,video,/SL/key/31566.mp4
key,video,/SL/key/31569.mp4
key,video,/SL/key/31572.mp4
key,video,/SL/key/65989.mp4
keyboard,video,/SL/keyboard/31554.mp4
keyboard,video,/SL/keyboard/31555.mp4
keyboard,video,/SL/keyboard/31556.mp4
keyboard,video,/SL/keyboard/31557.mp4
keyboard,video,/SL/keyboard/31559.mp4
keyboard,video,/SL/keyboard/31561.mp4
kick,video,/SL/kick/31592.mp4
kick,video,/SL/kick/31594.mp4
kick,video,/SL/kick/31595.mp4
kick,video,/SL/kick/31596.mp4
kick,video,/SL/kick/31600.mp4
kick,video,/SL/kick/65990.mp4
kid,video,/SL/kid/31612.mp4
kid,video,/SL/kid/31613.mp4
kid,video,/SL/kid/31614.mp4
kid,video,/SL/kid/31621.mp4
kid,video,/SL/kid/65991.mp4
kill,video,/SL/kill/31649.mp4
kill,video,/SL/kill/31650.mp4
kill,video,/SL/kill/31651.mp4
kill,video,/SL/kill/31652.mp4
kill,video,/SL/kill/31654.mp4
kill,video,/SL/kill/31655.mp4
kill,video,/SL/kill/31660.mp4
kill,video,/SL/kill/65992.mp4
kindergarten,video,/SL/kindergarten/31687.mp4
kindergarten,video,/SL/kindergarten/31688.mp4
kindergarten,video,/SL/kindergarten/31689.mp4
kindergarten,video,/SL/kindergarten/31690.mp4
kindergarten,video,/SL/kindergarten/31691.mp4
kindergarten,video,/SL/kindergarten/31693.mp4
king,video,/SL/king/31730.mp4
king,video,/SL/king/31731.mp4
king,video,/SL/king/31732.mp4
king,video,/SL/king/31733.mp4
king,video,/SL/king/31734.mp4
king,video,/SL/king/31735.mp4
king,video,/SL/king/31740.mp4
king,video,/SL/king/65994.mp4
kiss,video,/SL/kiss/31749.mp4
kiss,video,/SL/kiss/31750.mp4
kiss,video,/SL/kiss/31751.mp4
kiss,video,/SL/kiss/31752.mp4
kiss,video,/SL/kiss/31753.mp4
kiss,video,/SL/kiss/31754.mp4
kiss,video,/SL/kiss/31755.mp4
kiss,video,/SL/kiss/31756.mp4
kiss,video,/SL/kiss/31767.mp4
kiss,video,/SL/kiss/65996.mp4
kitchen,video,/SL/kitchen/31773.mp4
kitchen,video,/SL/kitchen/31774.mp4
kitchen,video,/SL/kitchen/31775.mp4
kitchen,video,/SL/kitchen/31776.mp4
kitchen,video,/SL/kitchen/31777.mp4
kitchen,video,/SL/kitchen/31778.mp4
kitchen,video,/SL/kitchen/31785.mp4
kitchen,video,/SL/kitchen/65997.mp4
kneel,video,/SL/kneel/31833.mp4
kneel,video,/SL/kneel/31834.mp4
kneel,video,/SL/kneel/31835.mp4
kneel,video,/SL/kneel/31836.mp4
kneel,video,/SL/kneel/31838.mp4
knife,video,/SL/knife/31842.mp4
knife,video,/SL/knife/31843.mp4
knife,video,/SL/knife/31844.mp4
knife,video,/SL/knife/31846.mp4
knife,video,/SL/knife/31848.mp4
knife,video,/SL/knife/31856.mp4
knife,video,/SL/knife/66000.mp4
knock,video,/SL/knock/31882.mp4
knock,video,/SL/knock/31886.mp4
knock,video,/SL/knock/66001.mp4
know,video,/SL/know/31897.mp4
know,video,/SL/know/31898.mp4
know,video,/SL/know/31899.mp4
know,video,/SL/know/31900.mp4
know,video,/SL/know/31901.mp4
know,video,/SL/know/31903.mp4
know,video,/SL/know/31909.mp4
know,video,/SL/know/66002.mp4
label,video,/SL/label/31976.mp4
label,video,/SL/label/31978.mp4
label,video,/SL/label/31979.mp4
label,video,/SL/label/31981.mp4
label,video,/SL/label/31984.mp4
label,video,/SL/label/66006.mp4
lady,video,/SL/lady/32046.mp4
lady,video,/SL/lady/32047.mp4
lady,video,/SL/lady/32049.mp4
lady,video,/SL/lady/32050.mp4
lady,video,/SL/lady/32052.mp4
lamp,video,/SL/lamp/32094.mp4
lamp,video,/SL/lamp/32097.mp4
land,video,/SL/land/32113.mp4
land,video,/SL/land/32115.mp4
land,video,/SL/land/32117.mp4
land,video,/SL/land/32118.mp4
land,video,/SL/land/32120.mp4
land,video,/SL/land/69382.mp4
language,video,/SL/language/32154.mp4
language,video,/SL/language/32155.mp4
language,video,/SL/language/32156.mp4
language,video,/SL/language/32157.mp4
language,video,/SL/language/32158.mp4
language,video,/SL/language/32160.mp4
language,video,/SL/language/32163.mp4
language,video,/SL/language/32167.mp4
language,video,/SL/language/66007.mp4
language,video,/SL/language/66008.mp4
laptop,video,/SL/laptop/32191.mp4
laptop,video,/SL/laptop/32192.mp4
laptop,video,/SL/laptop/32193.mp4
laptop,video,/SL/laptop/32195.mp4
laptop,video,/SL/laptop/32197.mp4
laptop,video,/SL/laptop/66009.mp4
large,video,/SL/large/32203.mp4
large,video,/SL/large/32204.mp4
large,video,/SL/large/32205.mp4
large,video,/SL/large/32206.mp4
large,video,/SL/large/32207.mp4
large,video,/SL/large/32208.mp4
large,video,/SL/large/32209.mp4
large,video,/SL/large/32214.mp4
last,video,/SL/last/32246.mp4
last,video,/SL/last/32248.mp4
last,video,/SL/last/32249.mp4
last,video,/SL/last/32250.mp4
last,video,/SL/last/32253.mp4
last,video,/SL/last/32254.mp4
last,video,/SL/last/32255.mp4
last,video,/SL/last/32257.mp4
last,video,/SL/last/32260.mp4
last,video,/SL/last/32261.mp4
last,video,/SL/last/32263.mp4
last,video,/SL/last/66010.mp4
last week,video,/SL/last week/32276.mp4
last week,video,/SL/last week/32277.mp4
last week,video,/SL/last week/32278.mp4
last week,video,/SL/last week/32280.mp4
last week,video,/SL/last week/66011.mp4
last year,video,/SL/last year/32282.mp4
last year,video,/SL/last year/32283.mp4
last year,video,/SL/last year/32284.mp4
last year,video,/SL/last year/32285.mp4
last year,video,/SL/last year/32293.mp4
last year,video,/SL/last year/66012.mp4
late,video,/SL/late/32300.mp4
late,video,/SL/late/32302.mp4
late,video,/SL/late/32303.mp4
late,video,/SL/late/32304.mp4
late,video,/SL/late/32306.mp4
late,video,/SL/late/32311.mp4
late,video,/SL/late/32312.mp4
late,video,/SL/late/66013.mp4
later,video,/SL/later/32320.mp4
later,video,/SL/later/32321.mp4
later,video,/SL/later/32322.mp4
later,video,/SL/later/32323.mp4
later,video,/SL/later/32324.mp4
later,video,/SL/later/32325.mp4
later,video,/SL/later/32326.mp4
later,video,/SL/later/32333.mp4
later,video,/SL/later/32337.mp4
later,video,/SL/later/32338.mp4
later,video,/SL/later/66014.mp4
later,video,/SL/later/66015.mp4
laugh,video,/SL/laugh/32377.mp4
laugh,video,/SL/laugh/32379.mp4
laugh,video,/SL/laugh/32380.mp4
laugh,video,/SL/laugh/32381.mp4
laugh,video,/SL/laugh/32382.mp4
laugh,video,/SL/laugh/32383.mp4
laugh,video,/SL/laugh/32386.mp4
laugh,video,/SL/laugh/32388.mp4
laugh,video,/SL/laugh/32389.mp4
laugh,video,/SL/laugh/32398.mp4
laugh,video,/SL/laugh/66016.mp4
laundry,video,/SL/laundry/32421.mp4
laundry,video,/SL/laundry/32422.mp4
laundry,video,/SL/laundry/32424.mp4
laundry,video,/SL/laundry/32427.mp4
law,video,/SL/law/32447.mp4
law,video,/SL/law/32448.mp4
law,video,/SL/law/32449.mp4
law,video,/SL/law/32450.mp4
law,video,/SL/law/32452.mp4
law,video,/SL/law/32458.mp4
law,video,/SL/law/66017.mp4
lawyer,video,/SL/lawyer/32474.mp4
lawyer,video,/SL/lawyer/32475.mp4
lawyer,video,/SL/lawyer/32476.mp4
lawyer,video,/SL/lawyer/32478.mp4
lawyer,video,/SL/lawyer/32481.mp4
lazy,video,/SL/lazy/32510.mp4
lazy,video,/SL/lazy/32511.mp4
lazy,video,/SL/lazy/32512.mp4
lazy,video,/SL/lazy/32513.mp4
lazy,video,/SL/lazy/32514.mp4
lazy,video,/SL/lazy/32518.mp4
lazy,video,/SL/lazy/66019.mp4
lead,video,/SL/lead/32535.mp4
lead,video,/SL/lead/32537.mp4
lead,video,/SL/lead/32538.mp4
lead,video,/SL/lead/32539.mp4
lead,video,/SL/lead/32541.mp4
lead,video,/SL/lead/32547.mp4
lead,video,/SL/lead/66020.mp4
leader,video,/SL/leader/32520.mp4
leader,video,/SL/leader/32521.mp4
leader,video,/SL/leader/32522.mp4
leader,video,/SL/leader/32523.mp4
leader,video,/SL/leader/32530.mp4
leaf,video,/SL/leaf/32554.mp4
leaf,video,/SL/leaf/32555.mp4
leaf,video,/SL/leaf/32557.mp4
leaf,video,/SL/leaf/32559.mp4
leaf,video,/SL/leaf/66021.mp4
leaf,video,/SL/leaf/69384.mp4
league,video,/SL/league/32562.mp4
league,video,/SL/league/32563.mp4
league,video,/SL/league/66022.mp4
leak,video,/SL/leak/32569.mp4
leak,video,/SL/leak/32570.mp4
leak,video,/SL/leak/32571.mp4
leak,video,/SL/leak/32575.mp4
leak,video,/SL/leak/32579.mp4
learn,video,/SL/learn/32604.mp4
learn,video,/SL/learn/32605.mp4
learn,video,/SL/learn/32606.mp4
learn,video,/SL/learn/32607.mp4
learn,video,/SL/learn/32608.mp4
learn,video,/SL/learn/32612.mp4
learn,video,/SL/learn/32616.mp4
learn,video,/SL/learn/66024.mp4
leave,video,/SL/leave/32654.mp4
leave,video,/SL/leave/32655.mp4
leave,video,/SL/leave/32657.mp4
leave,video,/SL/leave/32658.mp4
leave,video,/SL/leave/32659.mp4
leave,video,/SL/leave/32661.mp4
leave,video,/SL/leave/32662.mp4
leave,video,/SL/leave/32667.mp4
leave,video,/SL/leave/32669.mp4
leave,video,/SL/leave/32677.mp4
leave,video,/SL/leave/66025.mp4
lecture,video,/SL/lecture/32693.mp4
lecture,video,/SL/lecture/32694.mp4
lecture,video,/SL/lecture/32695.mp4
lecture,video,/SL/lecture/32696.mp4
lecture,video,/SL/lecture/32697.mp4
lecture,video,/SL/lecture/32699.mp4
lecture,video,/SL/lecture/32701.mp4
left,video,/SL/left/32722.mp4
left,video,/SL/left/32725.mp4
left,video,/SL/left/32726.mp4
left,video,/SL/left/32728.mp4
left,video,/SL/left/32729.mp4
left,video,/SL/left/32735.mp4
legal,video,/SL/legal/32754.mp4
legal,video,/SL/legal/32755.mp4
legal,video,/SL/legal/32757.mp4
legal,video,/SL/legal/32759.mp4
lemon,video,/SL/lemon/32812.mp4
lemon,video,/SL/lemon/32813.mp4
lemon,video,/SL/lemon/32814.mp4
lemon,video,/SL/lemon/32820.mp4
lemon,video,/SL/lemon/66030.mp4
lemon,video,/SL/lemon/66031.mp4
lemon,video,/SL/lemon/66032.mp4
lemon,video,/SL/lemon/66033.mp4
lend,video,/SL/lend/32824.mp4
lend,video,/SL/lend/32825.mp4
lend,video,/SL/lend/32826.mp4
lend,video,/SL/lend/32827.mp4
lend,video,/SL/lend/32828.mp4
lend,video,/SL/lend/32830.mp4
lend,video,/SL/lend/66034.mp4
lesbian,video,/SL/lesbian/32859.mp4
lesbian,video,/SL/lesbian/32860.mp4
lesbian,video,/SL/lesbian/32863.mp4
lesbian,video,/SL/lesbian/32864.mp4
lesbian,video,/SL/lesbian/32867.mp4
lesbian,video,/SL/lesbian/66035.mp4
less,video,/SL/less/32877.mp4
less,video,/SL/less/32878.mp4
less,video,/SL/less/32881.mp4
less,video,/SL/less/32884.mp4
less,video,/SL/less/69386.mp4
lesson,video,/SL/lesson/32887.mp4
lesson,video,/SL/lesson/32888.mp4
lesson,video,/SL/lesson/32889.mp4
lesson,video,/SL/lesson/32891.mp4
lesson,video,/SL/lesson/32894.mp4
lesson,video,/SL/lesson/66037.mp4
let,video,/SL/let/32911.mp4
let,video,/SL/let/32915.mp4
let,video,/SL/let/32916.mp4
let,video,/SL/let/32918.mp4
letter,video,/SL/letter/32945.mp4
letter,video,/SL/letter/32946.mp4
letter,video,/SL/letter/32947.mp4
letter,video,/SL/letter/32948.mp4
letter,video,/SL/letter/32949.mp4
letter,video,/SL/letter/32950.mp4
letter,video,/SL/letter/32953.mp4
letter,video,/SL/letter/32954.mp4
letter,video,/SL/letter/32955.mp4
letter,video,/SL/letter/32959.mp4
letter,video,/SL/letter/66038.mp4
lettuce,video,/SL/lettuce/32963.mp4
lettuce,video,/SL/lettuce/32964.mp4
lettuce,video,/SL/lettuce/32965.mp4
lettuce,video,/SL/lettuce/32966.mp4
lettuce,video,/SL/lettuce/32968.mp4
lettuce,video,/SL/lettuce/32972.mp4
lettuce,video,/SL/lettuce/66065.mp4
liability,video,/SL/liability/33000.mp4
liability,video,/SL/liability/33001.mp4
liability,video,/SL/liability/33002.mp4
liability,video,/SL/liability/33003.mp4
liability,video,/SL/liability/33005.mp4
librarian,video,/SL/librarian/33042.mp4
librarian,video,/SL/librarian/33043.mp4
librarian,video,/SL/librarian/33044.mp4
librarian,video,/SL/librarian/33047.mp4
library,video,/SL/library/33051.mp4
library,video,/SL/library/33052.mp4
library,video,/SL/library/33053.mp4
library,video,/SL/library/33055.mp4
library,video,/SL/library/33058.mp4
license,video,/SL/license/33063.mp4
license,video,/SL/license/33065.mp4
license,video,/SL/license/33066.mp4
license,video,/SL/license/33069.mp4
lie,video,/SL/lie/33114.mp4
lie,video,/SL/lie/33115.mp4
lie,video,/SL/lie/33116.mp4
lie,video,/SL/lie/33120.mp4
lie,video,/SL/lie/33121.mp4
lie,video,/SL/lie/33128.mp4
lie,video,/SL/lie/66067.mp4
lift,video,/SL/lift/33166.mp4
lift,video,/SL/lift/33167.mp4
lift,video,/SL/lift/33170.mp4
lift,video,/SL/lift/33172.mp4
lift,video,/SL/lift/66068.mp4
lift,video,/SL/lift/69387.mp4
light,video,/SL/light/33205.mp4
light,video,/SL/light/33206.mp4
light,video,/SL/light/33214.mp4
light,video,/SL/light/33217.mp4
light,video,/SL/light/33218.mp4
light,video,/SL/light/33229.mp4
light,video,/SL/light/33231.mp4
light,video,/SL/light/66069.mp4
lightning,video,/SL/lightning/33238.mp4
lightning,video,/SL/lightning/33240.mp4
lightning,video,/SL/lightning/33241.mp4
lightning,video,/SL/lightning/33243.mp4
lightning,video,/SL/lightning/33246.mp4
lightning,video,/SL/lightning/69388.mp4
like,video,/SL/like/33266.mp4
like,video,/SL/like/33267.mp4
like,video,/SL/like/33268.mp4
like,video,/SL/like/33269.mp4
like,video,/SL/like/33270.mp4
like,video,/SL/like/33271.mp4
like,video,/SL/like/33273.mp4
like,video,/SL/like/33274.mp4
like,video,/SL/like/33285.mp4
like,video,/SL/like/33286.mp4
like,video,/SL/like/69389.mp4
limit,video,/SL/limit/33311.mp4
limit,video,/SL/limit/33312.mp4
limit,video,/SL/limit/33313.mp4
limit,video,/SL/limit/33314.mp4
limit,video,/SL/limit/33316.mp4
limit,video,/SL/limit/33319.mp4
limit,video,/SL/limit/66072.mp4
line,video,/SL/line/33335.mp4
line,video,/SL/line/33337.mp4
line,video,/SL/line/33339.mp4
line,video,/SL/line/33341.mp4
line,video,/SL/line/33346.mp4
line,video,/SL/line/69390.mp4
linguistics,video,/SL/linguistics/33374.mp4
linguistics,video,/SL/linguistics/33375.mp4
linguistics,video,/SL/linguistics/33376.mp4
linguistics,video,/SL/linguistics/33377.mp4
linguistics,video,/SL/linguistics/33379.mp4
linguistics,video,/SL/linguistics/33380.mp4
linguistics,video,/SL/linguistics/66073.mp4
lion,video,/SL/lion/33391.mp4
lion,video,/SL/lion/33392.mp4
lion,video,/SL/lion/33393.mp4
lion,video,/SL/lion/33394.mp4
lion,video,/SL/lion/33395.mp4
lion,video,/SL/lion/33398.mp4
lip,video,/SL/lip/33403.mp4
lip,video,/SL/lip/33404.mp4
lip,video,/SL/lip/33405.mp4
lip,video,/SL/lip/33406.mp4
lip,video,/SL/lip/33407.mp4
lip,video,/SL/lip/33410.mp4
lipstick,video,/SL/lipstick/33423.mp4
lipstick,video,/SL/lipstick/33424.mp4
lipstick,video,/SL/lipstick/33425.mp4
lipstick,video,/SL/lipstick/33426.mp4
lipstick,video,/SL/lipstick/33429.mp4
list,video,/SL/list/33472.mp4
list,video,/SL/list/33473.mp4
list,video,/SL/list/33474.mp4
list,video,/SL/list/33475.mp4
list,video,/SL/list/33477.mp4
list,video,/SL/list/33479.mp4
list,video,/SL/list/33480.mp4
list,video,/SL/list/33486.mp4
list,video,/SL/list/66075.mp4
listen,video,/SL/listen/33454.mp4
listen,video,/SL/listen/33455.mp4
listen,video,/SL/listen/33456.mp4
listen,video,/SL/listen/33457.mp4
listen,video,/SL/listen/33460.mp4
listen,video,/SL/listen/33465.mp4
listen,video,/SL/listen/33466.mp4
little bit,video,/SL/little bit/33518.mp4
little bit,video,/SL/little bit/33519.mp4
little bit,video,/SL/little bit/33521.mp4
live,video,/SL/live/33538.mp4
live,video,/SL/live/33539.mp4
live,video,/SL/live/33540.mp4
live,video,/SL/live/33541.mp4
live,video,/SL/live/33542.mp4
live,video,/SL/live/33545.mp4
live,video,/SL/live/66078.mp4
live,video,/SL/live/66079.mp4
loan,video,/SL/loan/33609.mp4
loan,video,/SL/loan/33610.mp4
loan,video,/SL/loan/33612.mp4
loan,video,/SL/loan/33616.mp4
lobster,video,/SL/lobster/33639.mp4
lobster,video,/SL/lobster/33640.mp4
lobster,video,/SL/lobster/33641.mp4
lobster,video,/SL/lobster/33642.mp4
lobster,video,/SL/lobster/33643.mp4
lobster,video,/SL/lobster/33646.mp4
lobster,video,/SL/lobster/33648.mp4
local,video,/SL/local/33651.mp4
local,video,/SL/local/33652.mp4
local,video,/SL/local/33653.mp4
local,video,/SL/local/33658.mp4
lock,video,/SL/lock/33696.mp4
lock,video,/SL/lock/33697.mp4
lock,video,/SL/lock/33698.mp4
lock,video,/SL/lock/33701.mp4
lock,video,/SL/lock/33704.mp4
lock,video,/SL/lock/66080.mp4
lonely,video,/SL/lonely/33766.mp4
lonely,video,/SL/lonely/33767.mp4
lonely,video,/SL/lonely/33768.mp4
lonely,video,/SL/lonely/33769.mp4
lonely,video,/SL/lonely/33770.mp4
lonely,video,/SL/lonely/33771.mp4
lonely,video,/SL/lonely/66081.mp4
long,video,/SL/long/33804.mp4
long,video,/SL/long/33805.mp4
long,video,/SL/long/33806.mp4
long,video,/SL/long/33807.mp4
long,video,/SL/long/33808.mp4
long,video,/SL/long/33812.mp4
look at,video,/SL/look at/33851.mp4
look at,video,/SL/look at/33857.mp4
look for,video,/SL/look for/33881.mp4
look for,video,/SL/look for/33882.mp4
look for,video,/SL/look for/33884.mp4
lord,video,/SL/lord/33980.mp4
lord,video,/SL/lord/33981.mp4
lord,video,/SL/lord/33982.mp4
lord,video,/SL/lord/33983.mp4
lord,video,/SL/lord/33986.mp4
lose,video,/SL/lose/34002.mp4
lose,video,/SL/lose/34004.mp4
lose,video,/SL/lose/34005.mp4
lose,video,/SL/lose/34006.mp4
lose,video,/SL/lose/34007.mp4
lose,video,/SL/lose/34008.mp4
lose,video,/SL/lose/34012.mp4
lose,video,/SL/lose/34017.mp4
lose,video,/SL/lose/34018.mp4
loud,video,/SL/loud/34087.mp4
loud,video,/SL/loud/34088.mp4
loud,video,/SL/loud/34089.mp4
loud,video,/SL/loud/34091.mp4
loud,video,/SL/loud/34095.mp4
loud,video,/SL/loud/66087.mp4
lousy,video,/SL/lousy/34110.mp4
lousy,video,/SL/lousy/34111.mp4
lousy,video,/SL/lousy/34112.mp4
lousy,video,/SL/lousy/34114.mp4
lousy,video,/SL/lousy/34117.mp4
lousy,video,/SL/lousy/66088.mp4
love,video,/SL/love/34121.mp4
love,video,/SL/love/34123.mp4
love,video,/SL/love/34124.mp4
love,video,/SL/love/34127.mp4
love,video,/SL/love/34128.mp4
love,video,/SL/love/34129.mp4
love,video,/SL/love/34137.mp4
lucky,video,/SL/lucky/34204.mp4
lucky,video,/SL/lucky/34205.mp4
lucky,video,/SL/lucky/34206.mp4
lucky,video,/SL/lucky/34207.mp4
lucky,video,/SL/lucky/34208.mp4
lucky,video,/SL/lucky/34211.mp4
lucky,video,/SL/lucky/66090.mp4
lunch,video,/SL/lunch/34265.mp4
lunch,video,/SL/lunch/34266.mp4
lunch,video,/SL/lunch/34268.mp4
lunch,video,/SL/lunch/34269.mp4
lunch,video,/SL/lunch/34271.mp4
lunch,video,/SL/lunch/34276.mp4
m,video,/SL/m/35897.mp4
m,video,/SL/m/35898.mp4
m,video,/SL/m/35899.mp4
m,video,/SL/m/35901.mp4
m,video,/SL/m/66051.mp4
machine,video,/SL/machine/34353.mp4
machine,video,/SL/machine/34354.mp4
machine,video,/SL/machine/34355.mp4
machine,video,/SL/machine/34357.mp4
machine,video,/SL/machine/34359.mp4
machine,video,/SL/machine/66091.mp4
mad,video,/SL/mad/34369.mp4
mad,video,/SL/mad/34370.mp4
mad,video,/SL/mad/34371.mp4
mad,video,/SL/mad/34372.mp4
mad,video,/SL/mad/34375.mp4
mad,video,/SL/mad/34382.mp4
magazine,video,/SL/magazine/34386.mp4
magazine,video,/SL/magazine/34387.mp4
magazine,video,/SL/magazine/34388.mp4
magazine,video,/SL/magazine/34390.mp4
magazine,video,/SL/magazine/34395.mp4
magic,video,/SL/magic/34397.mp4
magic,video,/SL/magic/34398.mp4
magic,video,/SL/magic/34400.mp4
magic,video,/SL/magic/34402.mp4
magic,video,/SL/magic/66092.mp4
mainstream,video,/SL/mainstream/34510.mp4
mainstream,video,/SL/mainstream/34511.mp4
mainstream,video,/SL/mainstream/34512.mp4
mainstream,video,/SL/mainstream/34513.mp4
mainstream,video,/SL/mainstream/34514.mp4
mainstream,video,/SL/mainstream/34516.mp4
major,video,/SL/major/34543.mp4
major,video,/SL/major/34544.mp4
major,video,/SL/major/34545.mp4
major,video,/SL/major/34546.mp4
major,video,/SL/major/34547.mp4
major,video,/SL/major/34550.mp4
make,video,/SL/make/34575.mp4
make,video,/SL/make/34577.mp4
make,video,/SL/make/34578.mp4
make,video,/SL/make/34579.mp4
make,video,/SL/make/34580.mp4
make,video,/SL/make/34581.mp4
make,video,/SL/make/34582.mp4
make,video,/SL/make/34583.mp4
make,video,/SL/make/34584.mp4
make,video,/SL/make/34586.mp4
man,video,/SL/man/34732.mp4
man,video,/SL/man/34733.mp4
man,video,/SL/man/34734.mp4
man,video,/SL/man/34736.mp4
man,video,/SL/man/34737.mp4
man,video,/SL/man/34738.mp4
man,video,/SL/man/34742.mp4
man,video,/SL/man/34746.mp4
man,video,/SL/man/66097.mp4
man,video,/SL/man/66098.mp4
man,video,/SL/man/66099.mp4
man,video,/SL/man/69395.mp4
manage,video,/SL/manage/34687.mp4
manage,video,/SL/manage/34688.mp4
manage,video,/SL/manage/34690.mp4
manage,video,/SL/manage/34692.mp4
manage,video,/SL/manage/66100.mp4
manager,video,/SL/manager/34699.mp4
manager,video,/SL/manager/34701.mp4
manager,video,/SL/manager/34702.mp4
manager,video,/SL/manager/34703.mp4
manager,video,/SL/manager/34705.mp4
many,video,/SL/many/34823.mp4
many,video,/SL/many/34824.mp4
many,video,/SL/many/34825.mp4
many,video,/SL/many/34826.mp4
many,video,/SL/many/34827.mp4
many,video,/SL/many/34830.mp4
many,video,/SL/many/34831.mp4
many,video,/SL/many/34832.mp4
many,video,/SL/many/34839.mp4
many,video,/SL/many/69396.mp4
march,video,/SL/march/34861.mp4
march,video,/SL/march/34862.mp4
march,video,/SL/march/34864.mp4
march,video,/SL/march/34867.mp4
march,video,/SL/march/34868.mp4
march,video,/SL/march/34872.mp4
march,video,/SL/march/34873.mp4
marry,video,/SL/marry/34956.mp4
marry,video,/SL/marry/34957.mp4
marry,video,/SL/marry/34958.mp4
marry,video,/SL/marry/34959.mp4
marry,video,/SL/marry/34961.mp4
marry,video,/SL/marry/34965.mp4
marry,video,/SL/marry/66104.mp4
match,video,/SL/match/35114.mp4
match,video,/SL/match/35115.mp4
match,video,/SL/match/35116.mp4
match,video,/SL/match/35119.mp4
match,video,/SL/match/35120.mp4
match,video,/SL/match/35121.mp4
match,video,/SL/match/35126.mp4
match,video,/SL/match/66106.mp4
math,video,/SL/math/35155.mp4
math,video,/SL/math/35156.mp4
math,video,/SL/math/35158.mp4
math,video,/SL/math/35159.mp4
math,video,/SL/math/35160.mp4
math,video,/SL/math/35163.mp4
math,video,/SL/math/66107.mp4
mature,video,/SL/mature/35189.mp4
mature,video,/SL/mature/35190.mp4
mature,video,/SL/mature/35191.mp4
mature,video,/SL/mature/35198.mp4
maximum,video,/SL/maximum/35209.mp4
maximum,video,/SL/maximum/35210.mp4
maximum,video,/SL/maximum/35211.mp4
maximum,video,/SL/maximum/35212.mp4
maximum,video,/SL/maximum/35213.mp4
maximum,video,/SL/maximum/35214.mp4
maximum,video,/SL/maximum/35216.mp4
maybe,video,/SL/maybe/35218.mp4
maybe,video,/SL/maybe/35219.mp4
maybe,video,/SL/maybe/35220.mp4
maybe,video,/SL/maybe/35222.mp4
maybe,video,/SL/maybe/35226.mp4
maybe,video,/SL/maybe/69397.mp4
me,video,/SL/me/35544.mp4
me,video,/SL/me/35545.mp4
me,video,/SL/me/35546.mp4
me,video,/SL/me/35547.mp4
me,video,/SL/me/35548.mp4
mean,video,/SL/mean/35289.mp4
mean,video,/SL/mean/35291.mp4
mean,video,/SL/mean/35292.mp4
mean,video,/SL/mean/35293.mp4
mean,video,/SL/mean/35295.mp4
mean,video,/SL/mean/35296.mp4
mean,video,/SL/mean/35297.mp4
mean,video,/SL/mean/35298.mp4
mean,video,/SL/mean/35299.mp4
mean,video,/SL/mean/35305.mp4
meaning,video,/SL/meaning/35306.mp4
meaning,video,/SL/meaning/35307.mp4
meaning,video,/SL/meaning/35309.mp4
measure,video,/SL/measure/35338.mp4
measure,video,/SL/measure/35339.mp4
measure,video,/SL/measure/35340.mp4
measure,video,/SL/measure/35341.mp4
measure,video,/SL/measure/35342.mp4
measure,video,/SL/measure/35343.mp4
measure,video,/SL/measure/35344.mp4
measure,video,/SL/measure/35346.mp4
measure,video,/SL/measure/66108.mp4
meat,video,/SL/meat/35360.mp4
meat,video,/SL/meat/35361.mp4
meat,video,/SL/meat/35362.mp4
meat,video,/SL/meat/35363.mp4
meat,video,/SL/meat/35364.mp4
meat,video,/SL/meat/35365.mp4
meat,video,/SL/meat/35366.mp4
meat,video,/SL/meat/35369.mp4
meat,video,/SL/meat/66109.mp4
mechanic,video,/SL/mechanic/35377.mp4
mechanic,video,/SL/mechanic/35378.mp4
mechanic,video,/SL/mechanic/35380.mp4
mechanic,video,/SL/mechanic/35381.mp4
mechanic,video,/SL/mechanic/35382.mp4
mechanic,video,/SL/mechanic/35383.mp4
mechanic,video,/SL/mechanic/66110.mp4
medicine,video,/SL/medicine/35452.mp4
medicine,video,/SL/medicine/35453.mp4
medicine,video,/SL/medicine/35454.mp4
medicine,video,/SL/medicine/35455.mp4
medicine,video,/SL/medicine/35456.mp4
medicine,video,/SL/medicine/35458.mp4
medicine,video,/SL/medicine/35467.mp4
medicine,video,/SL/medicine/66111.mp4
meet,video,/SL/meet/35509.mp4
meet,video,/SL/meet/35511.mp4
meet,video,/SL/meet/35512.mp4
meet,video,/SL/meet/35513.mp4
meet,video,/SL/meet/35516.mp4
meet,video,/SL/meet/35517.mp4
meet,video,/SL/meet/35518.mp4
meet,video,/SL/meet/35523.mp4
meet,video,/SL/meet/66112.mp4
meeting,video,/SL/meeting/35525.mp4
meeting,video,/SL/meeting/35526.mp4
meeting,video,/SL/meeting/35527.mp4
meeting,video,/SL/meeting/35528.mp4
meeting,video,/SL/meeting/35530.mp4
meeting,video,/SL/meeting/35534.mp4
melody,video,/SL/melody/35555.mp4
melody,video,/SL/melody/35556.mp4
melody,video,/SL/melody/35557.mp4
melody,video,/SL/melody/35558.mp4
melody,video,/SL/melody/35560.mp4
melt,video,/SL/melt/35567.mp4
melt,video,/SL/melt/35568.mp4
melt,video,/SL/melt/35569.mp4
melt,video,/SL/melt/35570.mp4
melt,video,/SL/melt/35572.mp4
member,video,/SL/member/35574.mp4
member,video,/SL/member/35575.mp4
member,video,/SL/member/35576.mp4
member,video,/SL/member/35578.mp4
member,video,/SL/member/35581.mp4
memorize,video,/SL/memorize/35604.mp4
memorize,video,/SL/memorize/35605.mp4
memorize,video,/SL/memorize/35606.mp4
memorize,video,/SL/memorize/35607.mp4
memorize,video,/SL/memorize/35609.mp4
memorize,video,/SL/memorize/35611.mp4
memorize,video,/SL/memorize/66114.mp4
mention,video,/SL/mention/35676.mp4
mention,video,/SL/mention/66115.mp4
mention,video,/SL/mention/66116.mp4
message,video,/SL/message/35761.mp4
message,video,/SL/message/35762.mp4
message,video,/SL/message/35763.mp4
message,video,/SL/message/35765.mp4
message,video,/SL/message/35770.mp4
metal,video,/SL/metal/35798.mp4
metal,video,/SL/metal/35799.mp4
metal,video,/SL/metal/35804.mp4
metal,video,/SL/metal/35807.mp4
mexico,video,/SL/mexico/35881.mp4
mexico,video,/SL/mexico/35884.mp4
mexico,video,/SL/mexico/35885.mp4
mexico,video,/SL/mexico/35886.mp4
mexico,video,/SL/mexico/35890.mp4
mexico,video,/SL/mexico/35893.mp4
mexico,video,/SL/mexico/66119.mp4
microphone,video,/SL/microphone/35923.mp4
microphone,video,/SL/microphone/35924.mp4
microphone,video,/SL/microphone/35925.mp4
microphone,video,/SL/microphone/35928.mp4
microphone,video,/SL/microphone/35931.mp4
microscope,video,/SL/microscope/35932.mp4
microscope,video,/SL/microscope/35933.mp4
microscope,video,/SL/microscope/35934.mp4
microscope,video,/SL/microscope/35935.mp4
microscope,video,/SL/microscope/35937.mp4
microwave,video,/SL/microwave/35945.mp4
microwave,video,/SL/microwave/35946.mp4
microwave,video,/SL/microwave/35947.mp4
microwave,video,/SL/microwave/35948.mp4
microwave,video,/SL/microwave/35949.mp4
microwave,video,/SL/microwave/35950.mp4
microwave,video,/SL/microwave/35956.mp4
microwave,video,/SL/microwave/66121.mp4
middle,video,/SL/middle/35965.mp4
middle,video,/SL/middle/35966.mp4
middle,video,/SL/middle/35968.mp4
middle,video,/SL/middle/35969.mp4
middle,video,/SL/middle/35972.mp4
middle,video,/SL/middle/35974.mp4
middle,video,/SL/middle/66122.mp4
midnight,video,/SL/midnight/35986.mp4
midnight,video,/SL/midnight/35988.mp4
midnight,video,/SL/midnight/35990.mp4
midnight,video,/SL/midnight/35992.mp4
military,video,/SL/military/36037.mp4
military,video,/SL/military/36038.mp4
military,video,/SL/military/36040.mp4
milk,video,/SL/milk/36046.mp4
milk,video,/SL/milk/36047.mp4
milk,video,/SL/milk/36048.mp4
milk,video,/SL/milk/36050.mp4
milk,video,/SL/milk/36056.mp4
mind,video,/SL/mind/36118.mp4
mind,video,/SL/mind/36119.mp4
mind,video,/SL/mind/36121.mp4
mind,video,/SL/mind/36124.mp4
mind,video,/SL/mind/66123.mp4
mine,video,/SL/mine/36139.mp4
mine,video,/SL/mine/36140.mp4
mine,video,/SL/mine/36142.mp4
mine,video,/SL/mine/36146.mp4
minus,video,/SL/minus/36231.mp4
minus,video,/SL/minus/36232.mp4
minus,video,/SL/minus/36235.mp4
minus,video,/SL/minus/36241.mp4
minute,video,/SL/minute/36242.mp4
minute,video,/SL/minute/36243.mp4
minute,video,/SL/minute/36244.mp4
minute,video,/SL/minute/36245.mp4
minute,video,/SL/minute/36248.mp4
minute,video,/SL/minute/36249.mp4
minute,video,/SL/minute/36251.mp4
minute,video,/SL/minute/66127.mp4
minute,video,/SL/minute/66128.mp4
mirror,video,/SL/mirror/36260.mp4
mirror,video,/SL/mirror/36261.mp4
mirror,video,/SL/mirror/36262.mp4
mirror,video,/SL/mirror/36263.mp4
mirror,video,/SL/mirror/36264.mp4
mirror,video,/SL/mirror/36266.mp4
mirror,video,/SL/mirror/36269.mp4
mirror,video,/SL/mirror/66129.mp4
miss,video,/SL/miss/36335.mp4
miss,video,/SL/miss/36336.mp4
miss,video,/SL/miss/36337.mp4
miss,video,/SL/miss/36342.mp4
miss,video,/SL/miss/36343.mp4
miss,video,/SL/miss/36350.mp4
miss,video,/SL/miss/36351.mp4
miss,video,/SL/miss/66131.mp4
mistake,video,/SL/mistake/36399.mp4
mistake,video,/SL/mistake/36400.mp4
mistake,video,/SL/mistake/36402.mp4
mistake,video,/SL/mistake/36404.mp4
misunderstand,video,/SL/misunderstand/36414.mp4
misunderstand,video,/SL/misunderstand/36416.mp4
misunderstand,video,/SL/misunderstand/36419.mp4
misunderstand,video,/SL/misunderstand/36422.mp4
mix,video,/SL/mix/36452.mp4
mix,video,/SL/mix/36453.mp4
mix,video,/SL/mix/36454.mp4
mix,video,/SL/mix/36455.mp4
mix,video,/SL/mix/36460.mp4
mix,video,/SL/mix/36462.mp4
mix,video,/SL/mix/66133.mp4
mock,video,/SL/mock/36489.mp4
mock,video,/SL/mock/36490.mp4
mock,video,/SL/mock/36491.mp4
mock,video,/SL/mock/36492.mp4
mom,video,/SL/mom/36603.mp4
mom,video,/SL/mom/36604.mp4
mom,video,/SL/mom/36605.mp4
mom,video,/SL/mom/36606.mp4
mom,video,/SL/mom/36607.mp4
mom,video,/SL/mom/36611.mp4
mom,video,/SL/mom/69399.mp4
monday,video,/SL/monday/36630.mp4
monday,video,/SL/monday/36631.mp4
monday,video,/SL/monday/36632.mp4
monday,video,/SL/monday/36633.mp4
monday,video,/SL/monday/36635.mp4
monday,video,/SL/monday/66136.mp4
money,video,/SL/money/36648.mp4
money,video,/SL/money/36651.mp4
money,video,/SL/money/36652.mp4
money,video,/SL/money/36654.mp4
money,video,/SL/money/36660.mp4
money,video,/SL/money/66138.mp4
monkey,video,/SL/monkey/36678.mp4
monkey,video,/SL/monkey/36679.mp4
monkey,video,/SL/monkey/36680.mp4
monkey,video,/SL/monkey/36681.mp4
monkey,video,/SL/monkey/36683.mp4
monkey,video,/SL/monkey/36687.mp4
monkey,video,/SL/monkey/66140.mp4
monster,video,/SL/monster/36713.mp4
monster,video,/SL/monster/36714.mp4
monster,video,/SL/monster/36715.mp4
monster,video,/SL/monster/36717.mp4
monster,video,/SL/monster/36720.mp4
month,video,/SL/month/36733.mp4
month,video,/SL/month/36734.mp4
month,video,/SL/month/36735.mp4
month,video,/SL/month/36736.mp4
month,video,/SL/month/36738.mp4
month,video,/SL/month/36741.mp4
month,video,/SL/month/66141.mp4
monthly,video,/SL/monthly/36744.mp4
monthly,video,/SL/monthly/36745.mp4
monthly,video,/SL/monthly/36747.mp4
monthly,video,/SL/monthly/36750.mp4
moon,video,/SL/moon/36779.mp4
moon,video,/SL/moon/36780.mp4
moon,video,/SL/moon/36781.mp4
moon,video,/SL/moon/36782.mp4
moon,video,/SL/moon/36783.mp4
moon,video,/SL/moon/36791.mp4
moon,video,/SL/moon/66142.mp4
moose,video,/SL/moose/36801.mp4
moose,video,/SL/moose/36802.mp4
moose,video,/SL/moose/36804.mp4
moose,video,/SL/moose/36808.mp4
more,video,/SL/more/36827.mp4
more,video,/SL/more/36828.mp4
more,video,/SL/more/36829.mp4
more,video,/SL/more/36830.mp4
more,video,/SL/more/36834.mp4
more,video,/SL/more/36836.mp4
more,video,/SL/more/36840.mp4
more,video,/SL/more/69401.mp4
morning,video,/SL/morning/36857.mp4
morning,video,/SL/morning/36858.mp4
morning,video,/SL/morning/36859.mp4
morning,video,/SL/morning/36860.mp4
morning,video,/SL/morning/36863.mp4
morning,video,/SL/morning/36866.mp4
mosquito,video,/SL/mosquito/36901.mp4
mosquito,video,/SL/mosquito/36903.mp4
mosquito,video,/SL/mosquito/36904.mp4
mosquito,video,/SL/mosquito/36906.mp4
mosquito,video,/SL/mosquito/36910.mp4
most,video,/SL/most/36913.mp4
most,video,/SL/most/36914.mp4
most,video,/SL/most/36915.mp4
most,video,/SL/most/36916.mp4
most,video,/SL/most/36917.mp4
most,video,/SL/most/36918.mp4
most,video,/SL/most/36922.mp4
most,video,/SL/most/66145.mp4
mother,video,/SL/mother/36929.mp4
mother,video,/SL/mother/36930.mp4
mother,video,/SL/mother/36931.mp4
mother,video,/SL/mother/36932.mp4
mother,video,/SL/mother/36933.mp4
mother,video,/SL/mother/36936.mp4
mother,video,/SL/mother/36937.mp4
mother,video,/SL/mother/36946.mp4
mother,video,/SL/mother/66146.mp4
mother,video,/SL/mother/66147.mp4
mother,video,/SL/mother/69402.mp4
motivate,video,/SL/motivate/36969.mp4
motivate,video,/SL/motivate/36970.mp4
motivate,video,/SL/motivate/36971.mp4
motivate,video,/SL/motivate/36973.mp4
motivate,video,/SL/motivate/36975.mp4
motivate,video,/SL/motivate/66148.mp4
motor,video,/SL/motor/37003.mp4
motor,video,/SL/motor/37004.mp4
motor,video,/SL/motor/37006.mp4
motor,video,/SL/motor/37008.mp4
motor,video,/SL/motor/69403.mp4
motorcycle,video,/SL/motorcycle/36992.mp4
motorcycle,video,/SL/motorcycle/36993.mp4
motorcycle,video,/SL/motorcycle/36994.mp4
motorcycle,video,/SL/motorcycle/36995.mp4
motorcycle,video,/SL/motorcycle/36996.mp4
motorcycle,video,/SL/motorcycle/36998.mp4
motorcycle,video,/SL/motorcycle/37001.mp4
mountain,video,/SL/mountain/37017.mp4
mountain,video,/SL/mountain/37018.mp4
mountain,video,/SL/mountain/37019.mp4
mountain,video,/SL/mountain/37022.mp4
mountain,video,/SL/mountain/37026.mp4
mouse,video,/SL/mouse/37040.mp4
mouse,video,/SL/mouse/37042.mp4
mouse,video,/SL/mouse/37043.mp4
mouse,video,/SL/mouse/37046.mp4
mouse,video,/SL/mouse/37053.mp4
mouth,video,/SL/mouth/37062.mp4
mouth,video,/SL/mouth/37063.mp4
mouth,video,/SL/mouth/37065.mp4
mouth,video,/SL/mouth/37068.mp4
mouth,video,/SL/mouth/66149.mp4
move,video,/SL/move/37085.mp4
move,video,/SL/move/37086.mp4
move,video,/SL/move/37087.mp4
move,video,/SL/move/37089.mp4
move,video,/SL/move/37093.mp4
move,video,/SL/move/37094.mp4
move,video,/SL/move/37097.mp4
move,video,/SL/move/37098.mp4
move,video,/SL/move/37102.mp4
move,video,/SL/move/66151.mp4
movie,video,/SL/movie/37125.mp4
movie,video,/SL/movie/37126.mp4
movie,video,/SL/movie/37127.mp4
movie,video,/SL/movie/37129.mp4
movie,video,/SL/movie/37152.mp4
much,video,/SL/much/37194.mp4
much,video,/SL/much/37195.mp4
much,video,/SL/much/37196.mp4
much,video,/SL/much/37197.mp4
much,video,/SL/much/37198.mp4
much,video,/SL/much/37202.mp4
much,video,/SL/much/66154.mp4
multiply,video,/SL/multiply/37267.mp4
multiply,video,/SL/multiply/37268.mp4
multiply,video,/SL/multiply/37269.mp4
multiply,video,/SL/multiply/37270.mp4
multiply,video,/SL/multiply/37273.mp4
multiply,video,/SL/multiply/37278.mp4
murder,video,/SL/murder/37305.mp4
murder,video,/SL/murder/37306.mp4
murder,video,/SL/murder/37307.mp4
murder,video,/SL/murder/37308.mp4
murder,video,/SL/murder/37310.mp4
muscle,video,/SL/muscle/37314.mp4
muscle,video,/SL/muscle/37315.mp4
muscle,video,/SL/muscle/37316.mp4
muscle,video,/SL/muscle/37318.mp4
muscle,video,/SL/muscle/37324.mp4
museum,video,/SL/museum/37333.mp4
museum,video,/SL/museum/37334.mp4
museum,video,/SL/museum/37335.mp4
museum,video,/SL/museum/37341.mp4
museum,video,/SL/museum/66155.mp4
mushroom,video,/SL/mushroom/37344.mp4
mushroom,video,/SL/mushroom/37345.mp4
mushroom,video,/SL/mushroom/37346.mp4
mushroom,video,/SL/mushroom/37347.mp4
mushroom,video,/SL/mushroom/37350.mp4
music,video,/SL/music/37363.mp4
music,video,/SL/music/37364.mp4
music,video,/SL/music/37365.mp4
music,video,/SL/music/37367.mp4
music,video,/SL/music/37369.mp4
music,video,/SL/music/37370.mp4
music,video,/SL/music/37373.mp4
music,video,/SL/music/66156.mp4
must,video,/SL/must/37418.mp4
must,video,/SL/must/37419.mp4
must,video,/SL/must/37421.mp4
must,video,/SL/must/37425.mp4
must,video,/SL/must/37427.mp4
must,video,/SL/must/37430.mp4
must,video,/SL/must/37432.mp4
mustache,video,/SL/mustache/37397.mp4
mustache,video,/SL/mustache/37398.mp4
mustache,video,/SL/mustache/37399.mp4
mustache,video,/SL/mustache/37400.mp4
mustache,video,/SL/mustache/37403.mp4
my,video,/SL/my/37469.mp4
my,video,/SL/my/37470.mp4
my,video,/SL/my/37471.mp4
my,video,/SL/my/37472.mp4
my,video,/SL/my/37473.mp4
my,video,/SL/my/37477.mp4
my,video,/SL/my/69404.mp4
myself,video,/SL/myself/37483.mp4
myself,video,/SL/myself/37484.mp4
myself,video,/SL/myself/37485.mp4
myself,video,/SL/myself/37488.mp4
myself,video,/SL/myself/37489.mp4
myself,video,/SL/myself/37490.mp4
n,video,/SL/n/38265.mp4
n,video,/SL/n/38266.mp4
n,video,/SL/n/38267.mp4
n,video,/SL/n/38269.mp4
n,video,/SL/n/66052.mp4
name,video,/SL/name/37580.mp4
name,video,/SL/name/37581.mp4
name,video,/SL/name/37582.mp4
name,video,/SL/name/37585.mp4
name,video,/SL/name/37590.mp4
name,video,/SL/name/69405.mp4
napkin,video,/SL/napkin/37611.mp4
napkin,video,/SL/napkin/37612.mp4
napkin,video,/SL/napkin/37613.mp4
napkin,video,/SL/napkin/37614.mp4
napkin,video,/SL/napkin/37616.mp4
napkin,video,/SL/napkin/37617.mp4
napkin,video,/SL/napkin/66159.mp4
narrow,video,/SL/narrow/37647.mp4
narrow,video,/SL/narrow/37648.mp4
narrow,video,/SL/narrow/37650.mp4
narrow,video,/SL/narrow/37652.mp4
nation,video,/SL/nation/37683.mp4
nation,video,/SL/nation/37684.mp4
nation,video,/SL/nation/37685.mp4
nation,video,/SL/nation/37687.mp4
nation,video,/SL/nation/37690.mp4
near,video,/SL/near/37784.mp4
near,video,/SL/near/37785.mp4
near,video,/SL/near/37786.mp4
near,video,/SL/near/37787.mp4
near,video,/SL/near/37788.mp4
near,video,/SL/near/37789.mp4
near,video,/SL/near/37790.mp4
near,video,/SL/near/37794.mp4
near,video,/SL/near/37796.mp4
necessary,video,/SL/necessary/37828.mp4
necessary,video,/SL/necessary/37829.mp4
necessary,video,/SL/necessary/37831.mp4
necessary,video,/SL/necessary/37833.mp4
neck,video,/SL/neck/37837.mp4
neck,video,/SL/neck/37838.mp4
neck,video,/SL/neck/37839.mp4
neck,video,/SL/neck/37841.mp4
neck,video,/SL/neck/37845.mp4
neck,video,/SL/neck/66161.mp4
necklace,video,/SL/necklace/37850.mp4
necklace,video,/SL/necklace/37851.mp4
necklace,video,/SL/necklace/37852.mp4
necklace,video,/SL/necklace/37853.mp4
necklace,video,/SL/necklace/37854.mp4
necklace,video,/SL/necklace/37855.mp4
necklace,video,/SL/necklace/37859.mp4
necklace,video,/SL/necklace/37864.mp4
necklace,video,/SL/necklace/66162.mp4
need,video,/SL/need/37881.mp4
need,video,/SL/need/37882.mp4
need,video,/SL/need/37883.mp4
need,video,/SL/need/37884.mp4
need,video,/SL/need/37885.mp4
need,video,/SL/need/37886.mp4
need,video,/SL/need/37894.mp4
negative,video,/SL/negative/37910.mp4
negative,video,/SL/negative/37911.mp4
negative,video,/SL/negative/37914.mp4
negative,video,/SL/negative/37915.mp4
negative,video,/SL/negative/37917.mp4
negative,video,/SL/negative/66164.mp4
negative,video,/SL/negative/69406.mp4
negotiate,video,/SL/negotiate/37932.mp4
negotiate,video,/SL/negotiate/37933.mp4
negotiate,video,/SL/negotiate/37940.mp4
neighbor,video,/SL/neighbor/37956.mp4
neighbor,video,/SL/neighbor/37957.mp4
neighbor,video,/SL/neighbor/37958.mp4
neighbor,video,/SL/neighbor/37959.mp4
neighbor,video,/SL/neighbor/37960.mp4
neighbor,video,/SL/neighbor/37961.mp4
neighbor,video,/SL/neighbor/37962.mp4
neighbor,video,/SL/neighbor/37967.mp4
nephew,video,/SL/nephew/37984.mp4
nephew,video,/SL/nephew/37985.mp4
nephew,video,/SL/nephew/37986.mp4
nephew,video,/SL/nephew/37987.mp4
nephew,video,/SL/nephew/37988.mp4
nephew,video,/SL/nephew/37989.mp4
nephew,video,/SL/nephew/37993.mp4
nervous,video,/SL/nervous/38011.mp4
nervous,video,/SL/nervous/38012.mp4
nervous,video,/SL/nervous/38013.mp4
nervous,video,/SL/nervous/38014.mp4
nervous,video,/SL/nervous/38015.mp4
nervous,video,/SL/nervous/38019.mp4
nervous,video,/SL/nervous/38021.mp4
network,video,/SL/network/38043.mp4
network,video,/SL/network/38044.mp4
network,video,/SL/network/38045.mp4
network,video,/SL/network/38047.mp4
network,video,/SL/network/38048.mp4
network,video,/SL/network/66165.mp4
neutral,video,/SL/neutral/38062.mp4
neutral,video,/SL/neutral/38063.mp4
neutral,video,/SL/neutral/38064.mp4
neutral,video,/SL/neutral/38065.mp4
neutral,video,/SL/neutral/38067.mp4
neutral,video,/SL/neutral/38071.mp4
never,video,/SL/never/38084.mp4
never,video,/SL/never/38085.mp4
never,video,/SL/never/38086.mp4
never,video,/SL/never/38087.mp4
never,video,/SL/never/38089.mp4
never,video,/SL/never/38092.mp4
never,video,/SL/never/66166.mp4
new,video,/SL/new/38122.mp4
new,video,/SL/new/38123.mp4
new,video,/SL/new/38124.mp4
new,video,/SL/new/38125.mp4
new,video,/SL/new/38126.mp4
new,video,/SL/new/38127.mp4
new,video,/SL/new/38130.mp4
new,video,/SL/new/38133.mp4
new,video,/SL/new/69407.mp4
new york,video,/SL/new york/38211.mp4
new york,video,/SL/new york/38212.mp4
new york,video,/SL/new york/38214.mp4
new york,video,/SL/new york/38216.mp4
newspaper,video,/SL/newspaper/38178.mp4
newspaper,video,/SL/newspaper/38179.mp4
newspaper,video,/SL/newspaper/38181.mp4
newspaper,video,/SL/newspaper/38186.mp4
next,video,/SL/next/38231.mp4
next,video,/SL/next/38232.mp4
next,video,/SL/next/38233.mp4
next,video,/SL/next/38238.mp4
next,video,/SL/next/38243.mp4
nice,video,/SL/nice/38282.mp4
nice,video,/SL/nice/38283.mp4
nice,video,/SL/nice/38284.mp4
nice,video,/SL/nice/38285.mp4
nice,video,/SL/nice/38287.mp4
nice,video,/SL/nice/38293.mp4
nickel,video,/SL/nickel/38299.mp4
nickel,video,/SL/nickel/38300.mp4
nickel,video,/SL/nickel/38301.mp4
nickel,video,/SL/nickel/38305.mp4
niece,video,/SL/niece/38315.mp4
niece,video,/SL/niece/38316.mp4
niece,video,/SL/niece/38317.mp4
niece,video,/SL/niece/38318.mp4
niece,video,/SL/niece/38319.mp4
niece,video,/SL/niece/38320.mp4
niece,video,/SL/niece/38324.mp4
niece,video,/SL/niece/66171.mp4
night,video,/SL/night/38336.mp4
night,video,/SL/night/38337.mp4
night,video,/SL/night/38338.mp4
night,video,/SL/night/38341.mp4
night,video,/SL/night/38345.mp4
nine,video,/SL/nine/38373.mp4
nine,video,/SL/nine/38374.mp4
nine,video,/SL/nine/38376.mp4
nine,video,/SL/nine/38378.mp4
nine,video,/SL/nine/66173.mp4
nineteen,video,/SL/nineteen/38396.mp4
nineteen,video,/SL/nineteen/38398.mp4
nineteen,video,/SL/nineteen/38399.mp4
nineteen,video,/SL/nineteen/38401.mp4
nineteen,video,/SL/nineteen/66177.mp4
nineteen,video,/SL/nineteen/66178.mp4
no,video,/SL/no/38524.mp4
no,video,/SL/no/38525.mp4
no,video,/SL/no/38527.mp4
no,video,/SL/no/38529.mp4
no,video,/SL/no/38530.mp4
no,video,/SL/no/38532.mp4
no,video,/SL/no/38533.mp4
no,video,/SL/no/38534.mp4
no,video,/SL/no/38544.mp4
no,video,/SL/no/66183.mp4
no,video,/SL/no/69411.mp4
none,video,/SL/none/38586.mp4
none,video,/SL/none/38587.mp4
none,video,/SL/none/38588.mp4
none,video,/SL/none/38590.mp4
none,video,/SL/none/38594.mp4
none,video,/SL/none/66186.mp4
none,video,/SL/none/69412.mp4
noon,video,/SL/noon/38621.mp4
noon,video,/SL/noon/38622.mp4
noon,video,/SL/noon/38623.mp4
noon,video,/SL/noon/38624.mp4
noon,video,/SL/noon/38626.mp4
noon,video,/SL/noon/38632.mp4
normal,video,/SL/normal/38643.mp4
normal,video,/SL/normal/38644.mp4
normal,video,/SL/normal/38646.mp4
normal,video,/SL/normal/38648.mp4
normal,video,/SL/normal/66189.mp4
north,video,/SL/north/38681.mp4
north,video,/SL/north/38682.mp4
north,video,/SL/north/38683.mp4
north,video,/SL/north/38684.mp4
north,video,/SL/north/38685.mp4
north,video,/SL/north/38687.mp4
north,video,/SL/north/38691.mp4
northwest,video,/SL/northwest/38701.mp4
northwest,video,/SL/northwest/38702.mp4
northwest,video,/SL/northwest/38704.mp4
northwest,video,/SL/northwest/38706.mp4
nose,video,/SL/nose/38728.mp4
nose,video,/SL/nose/38729.mp4
nose,video,/SL/nose/38730.mp4
nose,video,/SL/nose/38731.mp4
nose,video,/SL/nose/38732.mp4
nose,video,/SL/nose/38733.mp4
nose,video,/SL/nose/38737.mp4
not,video,/SL/not/38857.mp4
not,video,/SL/not/38858.mp4
not,video,/SL/not/38859.mp4
not,video,/SL/not/38860.mp4
not,video,/SL/not/38861.mp4
not,video,/SL/not/38863.mp4
not,video,/SL/not/38868.mp4
not yet,video,/SL/not yet/38944.mp4
not yet,video,/SL/not yet/38945.mp4
not yet,video,/SL/not yet/38946.mp4
not yet,video,/SL/not yet/38949.mp4
nothing,video,/SL/nothing/38830.mp4
nothing,video,/SL/nothing/38841.mp4
nothing,video,/SL/nothing/38842.mp4
nothing,video,/SL/nothing/38844.mp4
nothing,video,/SL/nothing/38849.mp4
nothing,video,/SL/nothing/66192.mp4
notice,video,/SL/notice/38871.mp4
notice,video,/SL/notice/38872.mp4
notice,video,/SL/notice/38873.mp4
notice,video,/SL/notice/38875.mp4
notice,video,/SL/notice/38878.mp4
notice,video,/SL/notice/66193.mp4
november,video,/SL/november/38973.mp4
november,video,/SL/november/38974.mp4
november,video,/SL/november/38975.mp4
november,video,/SL/november/38977.mp4
november,video,/SL/november/38980.mp4
now,video,/SL/now/38990.mp4
now,video,/SL/now/38991.mp4
now,video,/SL/now/38994.mp4
now,video,/SL/now/38995.mp4
now,video,/SL/now/38997.mp4
now,video,/SL/now/38999.mp4
now,video,/SL/now/39000.mp4
now,video,/SL/now/39006.mp4
now,video,/SL/now/69413.mp4
number,video,/SL/number/39032.mp4
number,video,/SL/number/39033.mp4
number,video,/SL/number/39034.mp4
number,video,/SL/number/39036.mp4
number,video,/SL/number/39040.mp4
numerous,video,/SL/numerous/39067.mp4
numerous,video,/SL/numerous/39070.mp4
numerous,video,/SL/numerous/39071.mp4
numerous,video,/SL/numerous/39072.mp4
numerous,video,/SL/numerous/39073.mp4
nun,video,/SL/nun/39076.mp4
nun,video,/SL/nun/39077.mp4
nun,video,/SL/nun/39078.mp4
nun,video,/SL/nun/39080.mp4
nun,video,/SL/nun/39082.mp4
nurse,video,/SL/nurse/39088.mp4
nurse,video,/SL/nurse/39089.mp4
nurse,video,/SL/nurse/39090.mp4
nurse,video,/SL/nurse/39091.mp4
nurse,video,/SL/nurse/39092.mp4
nurse,video,/SL/nurse/39093.mp4
nurse,video,/SL/nurse/39099.mp4
nut,video,/SL/nut/39115.mp4
nut,video,/SL/nut/39116.mp4
nut,video,/SL/nut/39118.mp4
nut,video,/SL/nut/39120.mp4
nut,video,/SL/nut/66220.mp4
o,video,/SL/o/39553.mp4
o,video,/SL/o/39554.mp4
o,video,/SL/o/39555.mp4
o,video,/SL/o/39557.mp4
o,video,/SL/o/66053.mp4
objective,video,/SL/objective/39198.mp4
objective,video,/SL/objective/39199.mp4
objective,video,/SL/objective/39200.mp4
objective,video,/SL/objective/39201.mp4
objective,video,/SL/objective/39203.mp4
obsess,video,/SL/obsess/39253.mp4
obsess,video,/SL/obsess/39254.mp4
obsess,video,/SL/obsess/39255.mp4
obsess,video,/SL/obsess/39256.mp4
obsess,video,/SL/obsess/39257.mp4
obsess,video,/SL/obsess/39258.mp4
obsess,video,/SL/obsess/66221.mp4
obtain,video,/SL/obtain/39285.mp4
obtain,video,/SL/obtain/39286.mp4
obtain,video,/SL/obtain/39287.mp4
obtain,video,/SL/obtain/39288.mp4
obtain,video,/SL/obtain/39289.mp4
obtain,video,/SL/obtain/39291.mp4
occur,video,/SL/occur/39334.mp4
occur,video,/SL/occur/39335.mp4
occur,video,/SL/occur/39337.mp4
ocean,video,/SL/ocean/39348.mp4
ocean,video,/SL/ocean/39349.mp4
ocean,video,/SL/ocean/39350.mp4
ocean,video,/SL/ocean/39352.mp4
ocean,video,/SL/ocean/69416.mp4
october,video,/SL/october/39360.mp4
october,video,/SL/october/39361.mp4
october,video,/SL/october/39362.mp4
october,video,/SL/october/39364.mp4
october,video,/SL/october/39368.mp4
octopus,video,/SL/octopus/39369.mp4
octopus,video,/SL/octopus/39370.mp4
octopus,video,/SL/octopus/39375.mp4
octopus,video,/SL/octopus/66222.mp4
octopus,video,/SL/octopus/69417.mp4
odd,video,/SL/odd/39378.mp4
odd,video,/SL/odd/39379.mp4
odd,video,/SL/odd/39380.mp4
odd,video,/SL/odd/39381.mp4
odd,video,/SL/odd/39382.mp4
odd,video,/SL/odd/39385.mp4
odor,video,/SL/odor/39387.mp4
odor,video,/SL/odor/39388.mp4
odor,video,/SL/odor/39389.mp4
odor,video,/SL/odor/39390.mp4
odor,video,/SL/odor/39392.mp4
off,video,/SL/off/39442.mp4
off,video,/SL/off/39443.mp4
off,video,/SL/off/39444.mp4
off,video,/SL/off/39447.mp4
off,video,/SL/off/39452.mp4
off,video,/SL/off/39453.mp4
off,video,/SL/off/69418.mp4
offer,video,/SL/offer/39425.mp4
offer,video,/SL/offer/39426.mp4
offer,video,/SL/offer/39427.mp4
offer,video,/SL/offer/39428.mp4
offer,video,/SL/offer/39430.mp4
offer,video,/SL/offer/39432.mp4
office,video,/SL/office/39456.mp4
office,video,/SL/office/39457.mp4
office,video,/SL/office/39458.mp4
office,video,/SL/office/39459.mp4
office,video,/SL/office/39460.mp4
office,video,/SL/office/39462.mp4
office,video,/SL/office/39463.mp4
office,video,/SL/office/39468.mp4
office,video,/SL/office/66224.mp4
often,video,/SL/often/39504.mp4
often,video,/SL/often/39505.mp4
often,video,/SL/often/39507.mp4
often,video,/SL/often/39508.mp4
often,video,/SL/often/39510.mp4
often,video,/SL/often/39511.mp4
often,video,/SL/often/39514.mp4
ok,video,/SL/ok/39583.mp4
ok,video,/SL/ok/39584.mp4
ok,video,/SL/ok/39585.mp4
ok,video,/SL/ok/39586.mp4
ok,video,/SL/ok/39589.mp4
ok,video,/SL/ok/39590.mp4
ok,video,/SL/ok/39592.mp4
ok,video,/SL/ok/39596.mp4
old,video,/SL/old/39624.mp4
old,video,/SL/old/39625.mp4
old,video,/SL/old/39626.mp4
old,video,/SL/old/39627.mp4
old,video,/SL/old/39632.mp4
old,video,/SL/old/39635.mp4
old,video,/SL/old/69419.mp4
olympics,video,/SL/olympics/39647.mp4
olympics,video,/SL/olympics/39649.mp4
olympics,video,/SL/olympics/39652.mp4
on,video,/SL/on/39839.mp4
on,video,/SL/on/39840.mp4
on,video,/SL/on/39841.mp4
on,video,/SL/on/39842.mp4
on,video,/SL/on/39845.mp4
on,video,/SL/on/69420.mp4
once,video,/SL/once/39679.mp4
once,video,/SL/once/39680.mp4
once,video,/SL/once/39682.mp4
once,video,/SL/once/39686.mp4
once,video,/SL/once/66227.mp4
one,video,/SL/one/39742.mp4
one,video,/SL/one/39743.mp4
one,video,/SL/one/39744.mp4
one,video,/SL/one/39747.mp4
one,video,/SL/one/39748.mp4
one,video,/SL/one/39750.mp4
one,video,/SL/one/66228.mp4
one,video,/SL/one/69421.mp4
onion,video,/SL/onion/39847.mp4
onion,video,/SL/onion/39848.mp4
onion,video,/SL/onion/39849.mp4
onion,video,/SL/onion/39850.mp4
onion,video,/SL/onion/39851.mp4
onion,video,/SL/onion/39852.mp4
onion,video,/SL/onion/39853.mp4
onion,video,/SL/onion/39854.mp4
onion,video,/SL/onion/39857.mp4
only,video,/SL/only/39874.mp4
only,video,/SL/only/39875.mp4
only,video,/SL/only/39876.mp4
only,video,/SL/only/39877.mp4
only,video,/SL/only/39878.mp4
only,video,/SL/only/39879.mp4
only,video,/SL/only/39881.mp4
open,video,/SL/open/39951.mp4
open,video,/SL/open/39952.mp4
open,video,/SL/open/39953.mp4
open,video,/SL/open/39955.mp4
open,video,/SL/open/39956.mp4
open,video,/SL/open/39957.mp4
open,video,/SL/open/39962.mp4
operate,video,/SL/operate/39984.mp4
operate,video,/SL/operate/39985.mp4
operate,video,/SL/operate/39986.mp4
operate,video,/SL/operate/39990.mp4
operate,video,/SL/operate/39995.mp4
operate,video,/SL/operate/39996.mp4
opinion,video,/SL/opinion/40011.mp4
opinion,video,/SL/opinion/40012.mp4
opinion,video,/SL/opinion/40013.mp4
opinion,video,/SL/opinion/40014.mp4
opinion,video,/SL/opinion/40015.mp4
opinion,video,/SL/opinion/40021.mp4
opinion,video,/SL/opinion/66239.mp4
opinion,video,/SL/opinion/66240.mp4
opposite,video,/SL/opposite/40050.mp4
opposite,video,/SL/opposite/40051.mp4
opposite,video,/SL/opposite/40052.mp4
opposite,video,/SL/opposite/40054.mp4
opposite,video,/SL/opposite/40056.mp4
or,video,/SL/or/40239.mp4
or,video,/SL/or/40240.mp4
or,video,/SL/or/40241.mp4
or,video,/SL/or/40242.mp4
oral,video,/SL/oral/40097.mp4
oral,video,/SL/oral/40102.mp4
oral,video,/SL/oral/40104.mp4
oral,video,/SL/oral/66245.mp4
orange,video,/SL/orange/40115.mp4
orange,video,/SL/orange/40116.mp4
orange,video,/SL/orange/40117.mp4
orange,video,/SL/orange/40118.mp4
orange,video,/SL/orange/40119.mp4
orange,video,/SL/orange/40121.mp4
orange,video,/SL/orange/40129.mp4
orange,video,/SL/orange/40130.mp4
orange,video,/SL/orange/66246.mp4
orange,video,/SL/orange/69422.mp4
order,video,/SL/order/40169.mp4
order,video,/SL/order/40171.mp4
order,video,/SL/order/40172.mp4
order,video,/SL/order/40177.mp4
order,video,/SL/order/40178.mp4
order,video,/SL/order/40179.mp4
order,video,/SL/order/40183.mp4
order,video,/SL/order/40184.mp4
order,video,/SL/order/66248.mp4
order,video,/SL/order/66249.mp4
organize,video,/SL/organize/40229.mp4
organize,video,/SL/organize/40230.mp4
organize,video,/SL/organize/40231.mp4
organize,video,/SL/organize/40234.mp4
organize,video,/SL/organize/40235.mp4
other,video,/SL/other/40313.mp4
other,video,/SL/other/40314.mp4
other,video,/SL/other/40315.mp4
other,video,/SL/other/40316.mp4
other,video,/SL/other/40317.mp4
other,video,/SL/other/40321.mp4
our,video,/SL/our/40342.mp4
our,video,/SL/our/40343.mp4
our,video,/SL/our/40345.mp4
our,video,/SL/our/40347.mp4
out,video,/SL/out/40397.mp4
out,video,/SL/out/40398.mp4
out,video,/SL/out/40399.mp4
out,video,/SL/out/40403.mp4
out,video,/SL/out/40409.mp4
outside,video,/SL/outside/40464.mp4
outside,video,/SL/outside/40465.mp4
outside,video,/SL/outside/40467.mp4
outside,video,/SL/outside/40468.mp4
outside,video,/SL/outside/40469.mp4
outside,video,/SL/outside/40470.mp4
outside,video,/SL/outside/40474.mp4
outside,video,/SL/outside/40476.mp4
outside,video,/SL/outside/40477.mp4
over,video,/SL/over/40559.mp4
over,video,/SL/over/40560.mp4
over,video,/SL/over/40561.mp4
over,video,/SL/over/40565.mp4
over,video,/SL/over/40566.mp4
over,video,/SL/over/40569.mp4
overcome,video,/SL/overcome/40528.mp4
overcome,video,/SL/overcome/40529.mp4
overcome,video,/SL/overcome/40531.mp4
overcome,video,/SL/overcome/40532.mp4
overcome,video,/SL/overcome/40533.mp4
overlook,video,/SL/overlook/40577.mp4
overlook,video,/SL/overlook/40578.mp4
overlook,video,/SL/overlook/40579.mp4
overlook,video,/SL/overlook/40581.mp4
overlook,video,/SL/overlook/66253.mp4
overwhelm,video,/SL/overwhelm/40635.mp4
overwhelm,video,/SL/overwhelm/40636.mp4
overwhelm,video,/SL/overwhelm/40637.mp4
overwhelm,video,/SL/overwhelm/40638.mp4
overwhelm,video,/SL/overwhelm/40639.mp4
overwhelm,video,/SL/overwhelm/40640.mp4
overwhelm,video,/SL/overwhelm/40642.mp4
overwhelm,video,/SL/overwhelm/66255.mp4
owe,video,/SL/owe/40650.mp4
owe,video,/SL/owe/40651.mp4
owe,video,/SL/owe/40652.mp4
owe,video,/SL/owe/40653.mp4
owe,video,/SL/owe/40654.mp4
owe,video,/SL/owe/40657.mp4
owl,video,/SL/owl/40659.mp4
owl,video,/SL/owl/40660.mp4
owl,video,/SL/owl/40661.mp4
owl,video,/SL/owl/40662.mp4
owl,video,/SL/owl/40664.mp4
owl,video,/SL/owl/66256.mp4
p,video,/SL/p/42511.mp4
p,video,/SL/p/42512.mp4
p,video,/SL/p/42513.mp4
p,video,/SL/p/42516.mp4
p,video,/SL/p/66054.mp4
pack,video,/SL/pack/40722.mp4
pack,video,/SL/pack/40723.mp4
pack,video,/SL/pack/40726.mp4
pack,video,/SL/pack/40728.mp4
pack,video,/SL/pack/66258.mp4
page,video,/SL/page/40759.mp4
page,video,/SL/page/40760.mp4
page,video,/SL/page/40761.mp4
page,video,/SL/page/40764.mp4
page,video,/SL/page/40770.mp4
pain,video,/SL/pain/40802.mp4
pain,video,/SL/pain/40803.mp4
pain,video,/SL/pain/40806.mp4
pain,video,/SL/pain/40807.mp4
pain,video,/SL/pain/40810.mp4
paint,video,/SL/paint/40834.mp4
paint,video,/SL/paint/40835.mp4
paint,video,/SL/paint/40836.mp4
paint,video,/SL/paint/40837.mp4
paint,video,/SL/paint/40840.mp4
paint,video,/SL/paint/40841.mp4
paint,video,/SL/paint/40847.mp4
painter,video,/SL/painter/40828.mp4
painter,video,/SL/painter/40829.mp4
painter,video,/SL/painter/40830.mp4
painter,video,/SL/painter/40831.mp4
painter,video,/SL/painter/40833.mp4
pants,video,/SL/pants/40985.mp4
pants,video,/SL/pants/40986.mp4
pants,video,/SL/pants/40987.mp4
pants,video,/SL/pants/40988.mp4
pants,video,/SL/pants/40991.mp4
pants,video,/SL/pants/40992.mp4
pants,video,/SL/pants/40996.mp4
pants,video,/SL/pants/66261.mp4
paper,video,/SL/paper/41025.mp4
paper,video,/SL/paper/41026.mp4
paper,video,/SL/paper/41027.mp4
paper,video,/SL/paper/41028.mp4
paper,video,/SL/paper/41029.mp4
paper,video,/SL/paper/41030.mp4
paper,video,/SL/paper/41032.mp4
paper,video,/SL/paper/41037.mp4
parachute,video,/SL/parachute/41055.mp4
parachute,video,/SL/parachute/41056.mp4
parachute,video,/SL/parachute/41058.mp4
parachute,video,/SL/parachute/41060.mp4
parade,video,/SL/parade/41063.mp4
parade,video,/SL/parade/41064.mp4
parade,video,/SL/parade/41065.mp4
parade,video,/SL/parade/41066.mp4
parade,video,/SL/parade/41068.mp4
parade,video,/SL/parade/41070.mp4
paragraph,video,/SL/paragraph/41078.mp4
paragraph,video,/SL/paragraph/41079.mp4
paragraph,video,/SL/paragraph/41080.mp4
paragraph,video,/SL/paragraph/41082.mp4
paragraph,video,/SL/paragraph/41084.mp4
parallel,video,/SL/parallel/41094.mp4
parallel,video,/SL/parallel/41095.mp4
parallel,video,/SL/parallel/41097.mp4
parallel,video,/SL/parallel/41099.mp4
parallel,video,/SL/parallel/66263.mp4
parents,video,/SL/parents/41164.mp4
parents,video,/SL/parents/41165.mp4
parents,video,/SL/parents/41166.mp4
part,video,/SL/part/41262.mp4
part,video,/SL/part/41263.mp4
part,video,/SL/part/41265.mp4
part,video,/SL/part/41267.mp4
party,video,/SL/party/41311.mp4
party,video,/SL/party/41312.mp4
party,video,/SL/party/41315.mp4
party,video,/SL/party/41316.mp4
party,video,/SL/party/41317.mp4
party,video,/SL/party/41321.mp4
party,video,/SL/party/41322.mp4
party,video,/SL/party/41325.mp4
party,video,/SL/party/66265.mp4
pass,video,/SL/pass/41350.mp4
pass,video,/SL/pass/41352.mp4
pass,video,/SL/pass/41356.mp4
pass,video,/SL/pass/41357.mp4
pass,video,/SL/pass/41364.mp4
pass,video,/SL/pass/41365.mp4
pass,video,/SL/pass/66267.mp4
past,video,/SL/past/41446.mp4
past,video,/SL/past/41447.mp4
past,video,/SL/past/41448.mp4
past,video,/SL/past/41449.mp4
past,video,/SL/past/41450.mp4
past,video,/SL/past/41452.mp4
past,video,/SL/past/41453.mp4
past,video,/SL/past/41454.mp4
past,video,/SL/past/41457.mp4
path,video,/SL/path/41480.mp4
path,video,/SL/path/41481.mp4
path,video,/SL/path/41482.mp4
path,video,/SL/path/41483.mp4
path,video,/SL/path/41485.mp4
path,video,/SL/path/41487.mp4
patient,video,/SL/patient/41506.mp4
patient,video,/SL/patient/41507.mp4
patient,video,/SL/patient/41508.mp4
patient,video,/SL/patient/41509.mp4
patient,video,/SL/patient/41511.mp4
patient,video,/SL/patient/41516.mp4
patient,video,/SL/patient/66270.mp4
pause,video,/SL/pause/41553.mp4
pause,video,/SL/pause/41554.mp4
pause,video,/SL/pause/41555.mp4
pause,video,/SL/pause/41559.mp4
pause,video,/SL/pause/41563.mp4
pay,video,/SL/pay/41592.mp4
pay,video,/SL/pay/41595.mp4
pay,video,/SL/pay/41596.mp4
pay,video,/SL/pay/41598.mp4
pay,video,/SL/pay/41601.mp4
pay,video,/SL/pay/41608.mp4
pay,video,/SL/pay/66271.mp4
pay attention,video,/SL/pay attention/41580.mp4
pay attention,video,/SL/pay attention/41582.mp4
pay attention,video,/SL/pay attention/41584.mp4
pay attention,video,/SL/pay attention/41585.mp4
peace,video,/SL/peace/41653.mp4
peace,video,/SL/peace/41654.mp4
peace,video,/SL/peace/41657.mp4
peace,video,/SL/peace/41659.mp4
peaceful,video,/SL/peaceful/41644.mp4
peaceful,video,/SL/peaceful/41645.mp4
peaceful,video,/SL/peaceful/41646.mp4
peaceful,video,/SL/peaceful/41647.mp4
peaceful,video,/SL/peaceful/41648.mp4
peaceful,video,/SL/peaceful/41649.mp4
peaceful,video,/SL/peaceful/41650.mp4
peach,video,/SL/peach/41662.mp4
peach,video,/SL/peach/41663.mp4
peach,video,/SL/peach/41664.mp4
peach,video,/SL/peach/41666.mp4
peach,video,/SL/peach/41669.mp4
peach,video,/SL/peach/41670.mp4
peanut butter,video,/SL/peanut butter/41693.mp4
peanut butter,video,/SL/peanut butter/41694.mp4
peanut butter,video,/SL/peanut butter/41696.mp4
peanut butter,video,/SL/peanut butter/41698.mp4
peanut butter,video,/SL/peanut butter/66272.mp4
pear,video,/SL/pear/41705.mp4
pear,video,/SL/pear/41708.mp4
pear,video,/SL/pear/66273.mp4
peel,video,/SL/peel/41774.mp4
peel,video,/SL/peel/41775.mp4
peel,video,/SL/peel/41777.mp4
peel,video,/SL/peel/41780.mp4
penalty,video,/SL/penalty/41811.mp4
penalty,video,/SL/penalty/41812.mp4
penalty,video,/SL/penalty/41814.mp4
penalty,video,/SL/penalty/41816.mp4
pencil,video,/SL/pencil/41822.mp4
pencil,video,/SL/pencil/41823.mp4
pencil,video,/SL/pencil/41824.mp4
pencil,video,/SL/pencil/41826.mp4
pencil,video,/SL/pencil/41833.mp4
pennsylvania,video,/SL/pennsylvania/41896.mp4
pennsylvania,video,/SL/pennsylvania/41897.mp4
pennsylvania,video,/SL/pennsylvania/41899.mp4
pennsylvania,video,/SL/pennsylvania/41900.mp4
pennsylvania,video,/SL/pennsylvania/66277.mp4
penny,video,/SL/penny/41902.mp4
penny,video,/SL/penny/41905.mp4
penny,video,/SL/penny/41907.mp4
people,video,/SL/people/41922.mp4
people,video,/SL/people/41923.mp4
people,video,/SL/people/41924.mp4
people,video,/SL/people/41926.mp4
people,video,/SL/people/41927.mp4
people,video,/SL/people/41931.mp4
people,video,/SL/people/69426.mp4
pepper,video,/SL/pepper/41938.mp4
pepper,video,/SL/pepper/41939.mp4
pepper,video,/SL/pepper/41940.mp4
pepper,video,/SL/pepper/41941.mp4
pepper,video,/SL/pepper/41942.mp4
pepper,video,/SL/pepper/41943.mp4
pepper,video,/SL/pepper/41945.mp4
percent,video,/SL/percent/41976.mp4
percent,video,/SL/percent/41977.mp4
percent,video,/SL/percent/41979.mp4
percent,video,/SL/percent/41982.mp4
perfect,video,/SL/perfect/41998.mp4
perfect,video,/SL/perfect/42001.mp4
perfect,video,/SL/perfect/42002.mp4
perfect,video,/SL/perfect/42004.mp4
perfect,video,/SL/perfect/42005.mp4
perfect,video,/SL/perfect/42008.mp4
perfect,video,/SL/perfect/65575.mp4
perfume,video,/SL/perfume/42039.mp4
perfume,video,/SL/perfume/42040.mp4
perfume,video,/SL/perfume/42041.mp4
perfume,video,/SL/perfume/42044.mp4
perfume,video,/SL/perfume/42045.mp4
period,video,/SL/period/42076.mp4
period,video,/SL/period/42080.mp4
period,video,/SL/period/42086.mp4
period,video,/SL/period/42088.mp4
period,video,/SL/period/66279.mp4
permit,video,/SL/permit/42137.mp4
permit,video,/SL/permit/42138.mp4
permit,video,/SL/permit/42142.mp4
permit,video,/SL/permit/42148.mp4
person,video,/SL/person/42225.mp4
person,video,/SL/person/42226.mp4
person,video,/SL/person/42227.mp4
person,video,/SL/person/42231.mp4
person,video,/SL/person/42232.mp4
person,video,/SL/person/42239.mp4
person,video,/SL/person/66280.mp4
personality,video,/SL/personality/42214.mp4
personality,video,/SL/personality/42215.mp4
personality,video,/SL/personality/42217.mp4
personality,video,/SL/personality/42220.mp4
perspective,video,/SL/perspective/42243.mp4
perspective,video,/SL/perspective/42245.mp4
perspective,video,/SL/perspective/42246.mp4
perspective,video,/SL/perspective/42247.mp4
perspective,video,/SL/perspective/42248.mp4
perspective,video,/SL/perspective/42251.mp4
perspective,video,/SL/perspective/42252.mp4
perspective,video,/SL/perspective/42253.mp4
perspective,video,/SL/perspective/42256.mp4
perspective,video,/SL/perspective/66281.mp4
pet,video,/SL/pet/42308.mp4
pet,video,/SL/pet/42309.mp4
pet,video,/SL/pet/42314.mp4
pet,video,/SL/pet/42318.mp4
pet,video,/SL/pet/66283.mp4
philadelphia,video,/SL/philadelphia/42379.mp4
philadelphia,video,/SL/philadelphia/42381.mp4
philadelphia,video,/SL/philadelphia/66284.mp4
philadelphia,video,/SL/philadelphia/66285.mp4
philosophy,video,/SL/philosophy/42400.mp4
philosophy,video,/SL/philosophy/42401.mp4
philosophy,video,/SL/philosophy/42403.mp4
philosophy,video,/SL/philosophy/42407.mp4
philosophy,video,/SL/philosophy/42410.mp4
philosophy,video,/SL/philosophy/66287.mp4
phone,video,/SL/phone/42423.mp4
phone,video,/SL/phone/42424.mp4
phone,video,/SL/phone/42425.mp4
phone,video,/SL/phone/42428.mp4
phone,video,/SL/phone/42434.mp4
photographer,video,/SL/photographer/42470.mp4
photographer,video,/SL/photographer/42471.mp4
photographer,video,/SL/photographer/42472.mp4
photographer,video,/SL/photographer/42475.mp4
photographer,video,/SL/photographer/42478.mp4
phrase,video,/SL/phrase/42501.mp4
phrase,video,/SL/phrase/42502.mp4
phrase,video,/SL/phrase/42503.mp4
phrase,video,/SL/phrase/42504.mp4
phrase,video,/SL/phrase/42505.mp4
phrase,video,/SL/phrase/42507.mp4
physician,video,/SL/physician/42540.mp4
physician,video,/SL/physician/42541.mp4
physician,video,/SL/physician/42542.mp4
physician,video,/SL/physician/42544.mp4
physician,video,/SL/physician/42545.mp4
physician,video,/SL/physician/42547.mp4
physics,video,/SL/physics/42552.mp4
physics,video,/SL/physics/42553.mp4
physics,video,/SL/physics/42554.mp4
physics,video,/SL/physics/42555.mp4
physics,video,/SL/physics/42557.mp4
physics,video,/SL/physics/42560.mp4
piano,video,/SL/piano/42565.mp4
piano,video,/SL/piano/42566.mp4
piano,video,/SL/piano/42567.mp4
piano,video,/SL/piano/42569.mp4
piano,video,/SL/piano/42571.mp4
pick,video,/SL/pick/42585.mp4
pick,video,/SL/pick/42588.mp4
pick,video,/SL/pick/42589.mp4
pick,video,/SL/pick/42597.mp4
pick,video,/SL/pick/66291.mp4
pickle,video,/SL/pickle/42605.mp4
pickle,video,/SL/pickle/42607.mp4
pickle,video,/SL/pickle/42608.mp4
pickle,video,/SL/pickle/42609.mp4
picture,video,/SL/picture/42651.mp4
picture,video,/SL/picture/42652.mp4
picture,video,/SL/picture/42653.mp4
picture,video,/SL/picture/42654.mp4
picture,video,/SL/picture/42656.mp4
picture,video,/SL/picture/42660.mp4
pie,video,/SL/pie/42671.mp4
pie,video,/SL/pie/42672.mp4
pie,video,/SL/pie/42673.mp4
pie,video,/SL/pie/42675.mp4
pie,video,/SL/pie/42677.mp4
piece,video,/SL/piece/42664.mp4
piece,video,/SL/piece/42665.mp4
piece,video,/SL/piece/42667.mp4
piece,video,/SL/piece/42670.mp4
pig,video,/SL/pig/42701.mp4
pig,video,/SL/pig/42702.mp4
pig,video,/SL/pig/42703.mp4
pig,video,/SL/pig/42704.mp4
pig,video,/SL/pig/42706.mp4
pig,video,/SL/pig/42709.mp4
pig,video,/SL/pig/69429.mp4
pillow,video,/SL/pillow/42746.mp4
pillow,video,/SL/pillow/42747.mp4
pillow,video,/SL/pillow/42749.mp4
pillow,video,/SL/pillow/42750.mp4
pillow,video,/SL/pillow/42752.mp4
pillow,video,/SL/pillow/42753.mp4
pillow,video,/SL/pillow/42754.mp4
pillow,video,/SL/pillow/42758.mp4
pilot,video,/SL/pilot/42761.mp4
pilot,video,/SL/pilot/42762.mp4
pilot,video,/SL/pilot/42763.mp4
pilot,video,/SL/pilot/42764.mp4
pilot,video,/SL/pilot/42767.mp4
pink,video,/SL/pink/42829.mp4
pink,video,/SL/pink/42830.mp4
pink,video,/SL/pink/42831.mp4
pink,video,/SL/pink/42832.mp4
pink,video,/SL/pink/42833.mp4
pink,video,/SL/pink/42835.mp4
pink,video,/SL/pink/42836.mp4
pink,video,/SL/pink/42843.mp4
pink,video,/SL/pink/66296.mp4
pink,video,/SL/pink/69430.mp4
pity,video,/SL/pity/42939.mp4
pity,video,/SL/pity/42940.mp4
pity,video,/SL/pity/42942.mp4
pity,video,/SL/pity/42945.mp4
pity,video,/SL/pity/42947.mp4
pizza,video,/SL/pizza/42956.mp4
pizza,video,/SL/pizza/42958.mp4
pizza,video,/SL/pizza/42959.mp4
pizza,video,/SL/pizza/42960.mp4
pizza,video,/SL/pizza/42961.mp4
pizza,video,/SL/pizza/42962.mp4
pizza,video,/SL/pizza/42966.mp4
pizza,video,/SL/pizza/42967.mp4
pizza,video,/SL/pizza/42969.mp4
pizza,video,/SL/pizza/42977.mp4
pizza,video,/SL/pizza/66297.mp4
pizza,video,/SL/pizza/69431.mp4
place,video,/SL/place/42987.mp4
place,video,/SL/place/42988.mp4
place,video,/SL/place/42989.mp4
place,video,/SL/place/42994.mp4
place,video,/SL/place/69432.mp4
plan,video,/SL/plan/43056.mp4
plan,video,/SL/plan/43057.mp4
plan,video,/SL/plan/43058.mp4
plan,video,/SL/plan/43061.mp4
plan,video,/SL/plan/43062.mp4
plan,video,/SL/plan/43067.mp4
plan,video,/SL/plan/66298.mp4
plant,video,/SL/plant/43078.mp4
plant,video,/SL/plant/43079.mp4
plant,video,/SL/plant/43081.mp4
plant,video,/SL/plant/43083.mp4
plant,video,/SL/plant/43090.mp4
plate,video,/SL/plate/43113.mp4
plate,video,/SL/plate/43114.mp4
plate,video,/SL/plate/43117.mp4
plate,video,/SL/plate/43124.mp4
plate,video,/SL/plate/66299.mp4
play,video,/SL/play/43166.mp4
play,video,/SL/play/43167.mp4
play,video,/SL/play/43168.mp4
play,video,/SL/play/43169.mp4
play,video,/SL/play/43170.mp4
play,video,/SL/play/43171.mp4
play,video,/SL/play/43173.mp4
play,video,/SL/play/43174.mp4
play,video,/SL/play/43179.mp4
play,video,/SL/play/43180.mp4
play,video,/SL/play/69433.mp4
player,video,/SL/player/43147.mp4
player,video,/SL/player/43149.mp4
player,video,/SL/player/43151.mp4
player,video,/SL/player/66300.mp4
please,video,/SL/please/43217.mp4
please,video,/SL/please/43218.mp4
please,video,/SL/please/43219.mp4
please,video,/SL/please/43220.mp4
please,video,/SL/please/43222.mp4
please,video,/SL/please/43226.mp4
please,video,/SL/please/69434.mp4
plenty,video,/SL/plenty/43254.mp4
plenty,video,/SL/plenty/43255.mp4
plenty,video,/SL/plenty/43257.mp4
plenty,video,/SL/plenty/43258.mp4
plenty,video,/SL/plenty/43261.mp4
plus,video,/SL/plus/43339.mp4
plus,video,/SL/plus/43340.mp4
plus,video,/SL/plus/43341.mp4
plus,video,/SL/plus/43342.mp4
plus,video,/SL/plus/43345.mp4
plus,video,/SL/plus/43349.mp4
plus,video,/SL/plus/66303.mp4
pneumonia,video,/SL/pneumonia/43367.mp4
pneumonia,video,/SL/pneumonia/43368.mp4
pneumonia,video,/SL/pneumonia/43369.mp4
pneumonia,video,/SL/pneumonia/43370.mp4
pneumonia,video,/SL/pneumonia/43371.mp4
pneumonia,video,/SL/pneumonia/43373.mp4
pocket,video,/SL/pocket/43380.mp4
pocket,video,/SL/pocket/43381.mp4
pocket,video,/SL/pocket/43382.mp4
pocket,video,/SL/pocket/43383.mp4
pocket,video,/SL/pocket/43384.mp4
pocket,video,/SL/pocket/43385.mp4
pocket,video,/SL/pocket/43388.mp4
point,video,/SL/point/43443.mp4
point,video,/SL/point/43444.mp4
point,video,/SL/point/43445.mp4
point,video,/SL/point/43446.mp4
point,video,/SL/point/43447.mp4
point,video,/SL/point/43448.mp4
point,video,/SL/point/43449.mp4
point,video,/SL/point/43452.mp4
point,video,/SL/point/43461.mp4
point,video,/SL/point/43462.mp4
point,video,/SL/point/66304.mp4
polar bear,video,/SL/polar bear/43507.mp4
polar bear,video,/SL/polar bear/43508.mp4
polar bear,video,/SL/polar bear/43510.mp4
polar bear,video,/SL/polar bear/43511.mp4
polar bear,video,/SL/polar bear/43513.mp4
police,video,/SL/police/43522.mp4
police,video,/SL/police/43523.mp4
police,video,/SL/police/43524.mp4
police,video,/SL/police/43525.mp4
police,video,/SL/police/43528.mp4
police,video,/SL/police/43529.mp4
police,video,/SL/police/43535.mp4
police,video,/SL/police/66306.mp4
policeman,video,/SL/policeman/43536.mp4
policeman,video,/SL/policeman/43537.mp4
policeman,video,/SL/policeman/43538.mp4
policeman,video,/SL/policeman/43539.mp4
policeman,video,/SL/policeman/43540.mp4
policy,video,/SL/policy/43553.mp4
policy,video,/SL/policy/43554.mp4
policy,video,/SL/policy/43555.mp4
policy,video,/SL/policy/43557.mp4
policy,video,/SL/policy/43561.mp4
policy,video,/SL/policy/66307.mp4
polite,video,/SL/polite/43571.mp4
polite,video,/SL/polite/43572.mp4
polite,video,/SL/polite/43573.mp4
polite,video,/SL/polite/43575.mp4
polite,video,/SL/polite/43580.mp4
polite,video,/SL/polite/66308.mp4
politics,video,/SL/politics/43594.mp4
politics,video,/SL/politics/43595.mp4
politics,video,/SL/politics/43596.mp4
politics,video,/SL/politics/43598.mp4
politics,video,/SL/politics/43599.mp4
politics,video,/SL/politics/66309.mp4
poop,video,/SL/poop/43671.mp4
poop,video,/SL/poop/43672.mp4
poop,video,/SL/poop/43674.mp4
poop,video,/SL/poop/43677.mp4
poop,video,/SL/poop/66311.mp4
poor,video,/SL/poor/43679.mp4
poor,video,/SL/poor/43680.mp4
poor,video,/SL/poor/43681.mp4
poor,video,/SL/poor/43682.mp4
poor,video,/SL/poor/43684.mp4
poor,video,/SL/poor/43689.mp4
popcorn,video,/SL/popcorn/43697.mp4
popcorn,video,/SL/popcorn/43698.mp4
popcorn,video,/SL/popcorn/43699.mp4
popcorn,video,/SL/popcorn/43700.mp4
popcorn,video,/SL/popcorn/43703.mp4
popular,video,/SL/popular/43726.mp4
popular,video,/SL/popular/43727.mp4
popular,video,/SL/popular/43728.mp4
popular,video,/SL/popular/43729.mp4
popular,video,/SL/popular/43730.mp4
popular,video,/SL/popular/43733.mp4
popular,video,/SL/popular/66312.mp4
position,video,/SL/position/43800.mp4
position,video,/SL/position/43801.mp4
position,video,/SL/position/43802.mp4
position,video,/SL/position/43803.mp4
position,video,/SL/position/43807.mp4
positive,video,/SL/positive/43809.mp4
positive,video,/SL/positive/43810.mp4
positive,video,/SL/positive/43811.mp4
positive,video,/SL/positive/43812.mp4
positive,video,/SL/positive/43814.mp4
positive,video,/SL/positive/66313.mp4
possible,video,/SL/possible/43829.mp4
possible,video,/SL/possible/43830.mp4
possible,video,/SL/possible/43831.mp4
possible,video,/SL/possible/43833.mp4
possible,video,/SL/possible/43834.mp4
possible,video,/SL/possible/43835.mp4
possible,video,/SL/possible/43836.mp4
possible,video,/SL/possible/43839.mp4
possible,video,/SL/possible/66316.mp4
post,video,/SL/post/43873.mp4
post,video,/SL/post/43885.mp4
postpone,video,/SL/postpone/43901.mp4
postpone,video,/SL/postpone/43902.mp4
postpone,video,/SL/postpone/43903.mp4
postpone,video,/SL/postpone/43904.mp4
postpone,video,/SL/postpone/43907.mp4
postpone,video,/SL/postpone/43908.mp4
postpone,video,/SL/postpone/43909.mp4
postpone,video,/SL/postpone/43910.mp4
potato,video,/SL/potato/43929.mp4
potato,video,/SL/potato/43930.mp4
potato,video,/SL/potato/43931.mp4
potato,video,/SL/potato/43932.mp4
potato,video,/SL/potato/43933.mp4
potato,video,/SL/potato/43935.mp4
potato,video,/SL/potato/43938.mp4
potato,video,/SL/potato/66318.mp4
potential,video,/SL/potential/43945.mp4
potential,video,/SL/potential/43946.mp4
potential,video,/SL/potential/43948.mp4
potential,video,/SL/potential/43949.mp4
potential,video,/SL/potential/43950.mp4
pound,video,/SL/pound/43986.mp4
pound,video,/SL/pound/43987.mp4
pound,video,/SL/pound/43988.mp4
pound,video,/SL/pound/43989.mp4
pound,video,/SL/pound/43994.mp4
pound,video,/SL/pound/43996.mp4
pour,video,/SL/pour/43999.mp4
pour,video,/SL/pour/44000.mp4
pour,video,/SL/pour/44001.mp4
pour,video,/SL/pour/44007.mp4
pour,video,/SL/pour/44011.mp4
poverty,video,/SL/poverty/44019.mp4
poverty,video,/SL/poverty/44020.mp4
poverty,video,/SL/poverty/44021.mp4
poverty,video,/SL/poverty/44022.mp4
poverty,video,/SL/poverty/44023.mp4
poverty,video,/SL/poverty/44024.mp4
power,video,/SL/power/44045.mp4
power,video,/SL/power/44046.mp4
power,video,/SL/power/44047.mp4
power,video,/SL/power/44050.mp4
power,video,/SL/power/44051.mp4
power,video,/SL/power/44058.mp4
power,video,/SL/power/66319.mp4
practice,video,/SL/practice/44081.mp4
practice,video,/SL/practice/44082.mp4
practice,video,/SL/practice/44083.mp4
practice,video,/SL/practice/44085.mp4
practice,video,/SL/practice/44086.mp4
practice,video,/SL/practice/44087.mp4
practice,video,/SL/practice/44088.mp4
practice,video,/SL/practice/44091.mp4
practice,video,/SL/practice/66320.mp4
praise,video,/SL/praise/44097.mp4
praise,video,/SL/praise/44098.mp4
praise,video,/SL/praise/44100.mp4
praise,video,/SL/praise/44101.mp4
praise,video,/SL/praise/44103.mp4
pray,video,/SL/pray/44126.mp4
pray,video,/SL/pray/44127.mp4
pray,video,/SL/pray/44128.mp4
pray,video,/SL/pray/44130.mp4
pray,video,/SL/pray/44132.mp4
pray,video,/SL/pray/44136.mp4
preach,video,/SL/preach/44147.mp4
preach,video,/SL/preach/44148.mp4
preach,video,/SL/preach/44149.mp4
preach,video,/SL/preach/44151.mp4
preach,video,/SL/preach/44153.mp4
preacher,video,/SL/preacher/44141.mp4
preacher,video,/SL/preacher/44143.mp4
preacher,video,/SL/preacher/44146.mp4
precious,video,/SL/precious/44167.mp4
precious,video,/SL/precious/44168.mp4
precious,video,/SL/precious/44172.mp4
precious,video,/SL/precious/44175.mp4
precious,video,/SL/precious/66321.mp4
precipitation,video,/SL/precipitation/44176.mp4
precipitation,video,/SL/precipitation/44177.mp4
precipitation,video,/SL/precipitation/44178.mp4
precipitation,video,/SL/precipitation/44179.mp4
precipitation,video,/SL/precipitation/44180.mp4
precipitation,video,/SL/precipitation/44182.mp4
precise,video,/SL/precise/44184.mp4
precise,video,/SL/precise/44185.mp4
precise,video,/SL/precise/44186.mp4
precise,video,/SL/precise/44188.mp4
predict,video,/SL/predict/44200.mp4
predict,video,/SL/predict/44201.mp4
predict,video,/SL/predict/44202.mp4
predict,video,/SL/predict/44203.mp4
predict,video,/SL/predict/44206.mp4
predict,video,/SL/predict/44208.mp4
prefer,video,/SL/prefer/44221.mp4
prefer,video,/SL/prefer/44224.mp4
prefer,video,/SL/prefer/44227.mp4
pregnant,video,/SL/pregnant/44233.mp4
pregnant,video,/SL/pregnant/44234.mp4
pregnant,video,/SL/pregnant/44235.mp4
pregnant,video,/SL/pregnant/44237.mp4
pregnant,video,/SL/pregnant/44242.mp4
prepare,video,/SL/prepare/44273.mp4
prepare,video,/SL/prepare/44274.mp4
prepare,video,/SL/prepare/44275.mp4
prepare,video,/SL/prepare/44276.mp4
prepare,video,/SL/prepare/44278.mp4
prepare,video,/SL/prepare/44281.mp4
prepare,video,/SL/prepare/66324.mp4
preschool,video,/SL/preschool/44299.mp4
preschool,video,/SL/preschool/44301.mp4
preschool,video,/SL/preschool/44303.mp4
present,video,/SL/present/44333.mp4
present,video,/SL/present/44334.mp4
present,video,/SL/present/44335.mp4
present,video,/SL/present/44344.mp4
present,video,/SL/present/44347.mp4
present,video,/SL/present/44349.mp4
present,video,/SL/present/44350.mp4
present,video,/SL/present/44351.mp4
presentation,video,/SL/presentation/44320.mp4
presentation,video,/SL/presentation/44321.mp4
presentation,video,/SL/presentation/44322.mp4
presentation,video,/SL/presentation/44323.mp4
presentation,video,/SL/presentation/44324.mp4
presentation,video,/SL/presentation/44325.mp4
presentation,video,/SL/presentation/44327.mp4
presentation,video,/SL/presentation/44329.mp4
president,video,/SL/president/44367.mp4
president,video,/SL/president/44368.mp4
president,video,/SL/president/44369.mp4
president,video,/SL/president/44370.mp4
president,video,/SL/president/44371.mp4
president,video,/SL/president/44373.mp4
president,video,/SL/president/44374.mp4
president,video,/SL/president/44378.mp4
president,video,/SL/president/66326.mp4
pressure,video,/SL/pressure/44396.mp4
pressure,video,/SL/pressure/44397.mp4
pressure,video,/SL/pressure/44398.mp4
pressure,video,/SL/pressure/44400.mp4
pressure,video,/SL/pressure/44402.mp4
pretty,video,/SL/pretty/44424.mp4
pretty,video,/SL/pretty/44426.mp4
pretty,video,/SL/pretty/44429.mp4
pretty,video,/SL/pretty/66328.mp4
pretty,video,/SL/pretty/69437.mp4
prevent,video,/SL/prevent/44441.mp4
prevent,video,/SL/prevent/44442.mp4
prevent,video,/SL/prevent/44443.mp4
prevent,video,/SL/prevent/44445.mp4
prevent,video,/SL/prevent/44448.mp4
price,video,/SL/price/44470.mp4
price,video,/SL/price/44471.mp4
price,video,/SL/price/44473.mp4
price,video,/SL/price/44474.mp4
price,video,/SL/price/44478.mp4
price,video,/SL/price/66330.mp4
pride,video,/SL/pride/44485.mp4
pride,video,/SL/pride/44486.mp4
pride,video,/SL/pride/44487.mp4
pride,video,/SL/pride/44488.mp4
pride,video,/SL/pride/44490.mp4
priest,video,/SL/priest/44492.mp4
priest,video,/SL/priest/44493.mp4
priest,video,/SL/priest/44495.mp4
priest,video,/SL/priest/44496.mp4
priest,video,/SL/priest/44500.mp4
prince,video,/SL/prince/44524.mp4
prince,video,/SL/prince/44526.mp4
prince,video,/SL/prince/44529.mp4
princess,video,/SL/princess/44532.mp4
princess,video,/SL/princess/44534.mp4
princess,video,/SL/princess/44537.mp4
principal,video,/SL/principal/44538.mp4
principal,video,/SL/principal/44539.mp4
principal,video,/SL/principal/44541.mp4
principal,video,/SL/principal/44544.mp4
principal,video,/SL/principal/66331.mp4
principle,video,/SL/principle/44549.mp4
principle,video,/SL/principle/44550.mp4
principle,video,/SL/principle/44551.mp4
principle,video,/SL/principle/44552.mp4
principle,video,/SL/principle/44555.mp4
print,video,/SL/print/44567.mp4
print,video,/SL/print/44568.mp4
print,video,/SL/print/44570.mp4
print,video,/SL/print/44572.mp4
print,video,/SL/print/66332.mp4
print,video,/SL/print/69438.mp4
printer,video,/SL/printer/44558.mp4
printer,video,/SL/printer/44559.mp4
printer,video,/SL/printer/44560.mp4
printer,video,/SL/printer/44561.mp4
printer,video,/SL/printer/44563.mp4
printer,video,/SL/printer/44566.mp4
priority,video,/SL/priority/44584.mp4
priority,video,/SL/priority/44586.mp4
priority,video,/SL/priority/44587.mp4
priority,video,/SL/priority/44588.mp4
prison,video,/SL/prison/44602.mp4
prison,video,/SL/prison/44604.mp4
prison,video,/SL/prison/44606.mp4
prison,video,/SL/prison/44607.mp4
prison,video,/SL/prison/44611.mp4
prison,video,/SL/prison/66334.mp4
private,video,/SL/private/44624.mp4
private,video,/SL/private/44625.mp4
private,video,/SL/private/44626.mp4
private,video,/SL/private/44628.mp4
private,video,/SL/private/44629.mp4
private,video,/SL/private/44631.mp4
private,video,/SL/private/44633.mp4
problem,video,/SL/problem/44680.mp4
problem,video,/SL/problem/44681.mp4
problem,video,/SL/problem/44682.mp4
problem,video,/SL/problem/44683.mp4
problem,video,/SL/problem/44684.mp4
problem,video,/SL/problem/44686.mp4
problem,video,/SL/problem/44687.mp4
problem,video,/SL/problem/44691.mp4
problem,video,/SL/problem/66335.mp4
process,video,/SL/process/44715.mp4
process,video,/SL/process/44716.mp4
process,video,/SL/process/44719.mp4
process,video,/SL/process/44721.mp4
procrastinate,video,/SL/procrastinate/44733.mp4
procrastinate,video,/SL/procrastinate/44734.mp4
procrastinate,video,/SL/procrastinate/44735.mp4
procrastinate,video,/SL/procrastinate/44737.mp4
procrastinate,video,/SL/procrastinate/44738.mp4
procrastinate,video,/SL/procrastinate/44739.mp4
procrastinate,video,/SL/procrastinate/44741.mp4
professional,video,/SL/professional/44776.mp4
professional,video,/SL/professional/44777.mp4
professional,video,/SL/professional/44778.mp4
professional,video,/SL/professional/44779.mp4
professional,video,/SL/professional/44780.mp4
professional,video,/SL/professional/44782.mp4
professional,video,/SL/professional/44783.mp4
professor,video,/SL/professor/44790.mp4
professor,video,/SL/professor/44791.mp4
professor,video,/SL/professor/44793.mp4
professor,video,/SL/professor/44794.mp4
professor,video,/SL/professor/44796.mp4
profit,video,/SL/profit/44811.mp4
profit,video,/SL/profit/44812.mp4
profit,video,/SL/profit/44814.mp4
profit,video,/SL/profit/44817.mp4
program,video,/SL/program/44829.mp4
program,video,/SL/program/44830.mp4
program,video,/SL/program/44831.mp4
program,video,/SL/program/44833.mp4
program,video,/SL/program/44837.mp4
program,video,/SL/program/66337.mp4
progress,video,/SL/progress/44843.mp4
progress,video,/SL/progress/44844.mp4
progress,video,/SL/progress/44847.mp4
progress,video,/SL/progress/44849.mp4
project,video,/SL/project/44860.mp4
project,video,/SL/project/44862.mp4
project,video,/SL/project/44863.mp4
project,video,/SL/project/44865.mp4
project,video,/SL/project/44868.mp4
project,video,/SL/project/44869.mp4
project,video,/SL/project/66338.mp4
promise,video,/SL/promise/44897.mp4
promise,video,/SL/promise/44898.mp4
promise,video,/SL/promise/44900.mp4
promise,video,/SL/promise/44903.mp4
promise,video,/SL/promise/66339.mp4
promote,video,/SL/promote/44906.mp4
promote,video,/SL/promote/44907.mp4
promote,video,/SL/promote/44910.mp4
promote,video,/SL/promote/66340.mp4
proof,video,/SL/proof/44949.mp4
proof,video,/SL/proof/44950.mp4
proof,video,/SL/proof/44951.mp4
proof,video,/SL/proof/44953.mp4
proof,video,/SL/proof/44956.mp4
proof,video,/SL/proof/66341.mp4
propaganda,video,/SL/propaganda/44958.mp4
propaganda,video,/SL/propaganda/44962.mp4
proper,video,/SL/proper/44970.mp4
proper,video,/SL/proper/44971.mp4
proper,video,/SL/proper/44973.mp4
proper,video,/SL/proper/44975.mp4
prostitute,video,/SL/prostitute/45051.mp4
prostitute,video,/SL/prostitute/45052.mp4
prostitute,video,/SL/prostitute/45054.mp4
prostitute,video,/SL/prostitute/45057.mp4
protect,video,/SL/protect/45060.mp4
protect,video,/SL/protect/45061.mp4
protect,video,/SL/protect/45062.mp4
protect,video,/SL/protect/45064.mp4
protect,video,/SL/protect/45067.mp4
protect,video,/SL/protect/66343.mp4
proud,video,/SL/proud/45090.mp4
proud,video,/SL/proud/45091.mp4
proud,video,/SL/proud/45092.mp4
proud,video,/SL/proud/45094.mp4
proud,video,/SL/proud/45096.mp4
prove,video,/SL/prove/45098.mp4
prove,video,/SL/prove/45099.mp4
prove,video,/SL/prove/45100.mp4
prove,video,/SL/prove/45101.mp4
prove,video,/SL/prove/45104.mp4
provide,video,/SL/provide/45110.mp4
provide,video,/SL/provide/45111.mp4
provide,video,/SL/provide/45113.mp4
provide,video,/SL/provide/45114.mp4
provide,video,/SL/provide/45117.mp4
provide,video,/SL/provide/66346.mp4
psychologist,video,/SL/psychologist/45164.mp4
psychologist,video,/SL/psychologist/45166.mp4
psychologist,video,/SL/psychologist/45168.mp4
psychology,video,/SL/psychology/45171.mp4
psychology,video,/SL/psychology/45172.mp4
psychology,video,/SL/psychology/45173.mp4
psychology,video,/SL/psychology/45175.mp4
psychology,video,/SL/psychology/45177.mp4
psychology,video,/SL/psychology/45180.mp4
public,video,/SL/public/45193.mp4
public,video,/SL/public/45194.mp4
public,video,/SL/public/45196.mp4
public,video,/SL/public/45198.mp4
public,video,/SL/public/45199.mp4
publish,video,/SL/publish/45218.mp4
publish,video,/SL/publish/45219.mp4
publish,video,/SL/publish/45220.mp4
publish,video,/SL/publish/45221.mp4
publish,video,/SL/publish/45223.mp4
publish,video,/SL/publish/45224.mp4
pull,video,/SL/pull/45261.mp4
pull,video,/SL/pull/45262.mp4
pull,video,/SL/pull/45263.mp4
pull,video,/SL/pull/45264.mp4
pull,video,/SL/pull/45265.mp4
pull,video,/SL/pull/45267.mp4
pull,video,/SL/pull/45273.mp4
pull,video,/SL/pull/66351.mp4
pull,video,/SL/pull/69439.mp4
pumpkin,video,/SL/pumpkin/45324.mp4
pumpkin,video,/SL/pumpkin/45325.mp4
pumpkin,video,/SL/pumpkin/45326.mp4
pumpkin,video,/SL/pumpkin/45327.mp4
pumpkin,video,/SL/pumpkin/45330.mp4
pumpkin,video,/SL/pumpkin/66352.mp4
punish,video,/SL/punish/45363.mp4
punish,video,/SL/punish/45364.mp4
punish,video,/SL/punish/45365.mp4
punish,video,/SL/punish/45366.mp4
punish,video,/SL/punish/45367.mp4
punish,video,/SL/punish/45369.mp4
punish,video,/SL/punish/66354.mp4
purchase,video,/SL/purchase/45410.mp4
purchase,video,/SL/purchase/45411.mp4
purchase,video,/SL/purchase/45413.mp4
purchase,video,/SL/purchase/45416.mp4
pure,video,/SL/pure/45419.mp4
pure,video,/SL/pure/45420.mp4
pure,video,/SL/pure/45423.mp4
pure,video,/SL/pure/45425.mp4
purple,video,/SL/purple/45433.mp4
purple,video,/SL/purple/45434.mp4
purple,video,/SL/purple/45435.mp4
purple,video,/SL/purple/45436.mp4
purple,video,/SL/purple/45438.mp4
purple,video,/SL/purple/45443.mp4
purple,video,/SL/purple/66355.mp4
purple,video,/SL/purple/69440.mp4
purpose,video,/SL/purpose/45448.mp4
purpose,video,/SL/purpose/45449.mp4
purpose,video,/SL/purpose/45450.mp4
purpose,video,/SL/purpose/45451.mp4
purpose,video,/SL/purpose/45453.mp4
purpose,video,/SL/purpose/45455.mp4
pursue,video,/SL/pursue/45468.mp4
pursue,video,/SL/pursue/45469.mp4
pursue,video,/SL/pursue/45471.mp4
pursue,video,/SL/pursue/45473.mp4
push,video,/SL/push/45479.mp4
push,video,/SL/push/45480.mp4
push,video,/SL/push/45481.mp4
push,video,/SL/push/45482.mp4
push,video,/SL/push/45483.mp4
push,video,/SL/push/45487.mp4
push,video,/SL/push/66356.mp4
put,video,/SL/put/45511.mp4
put,video,/SL/put/45512.mp4
put,video,/SL/put/45513.mp4
put,video,/SL/put/45514.mp4
put,video,/SL/put/45515.mp4
put,video,/SL/put/45519.mp4
put,video,/SL/put/69441.mp4
put off,video,/SL/put off/45525.mp4
put off,video,/SL/put off/45526.mp4
put off,video,/SL/put off/45527.mp4
put off,video,/SL/put off/45529.mp4
put off,video,/SL/put off/45530.mp4
put off,video,/SL/put off/45532.mp4
puzzled,video,/SL/puzzled/45571.mp4
puzzled,video,/SL/puzzled/45572.mp4
puzzled,video,/SL/puzzled/45573.mp4
puzzled,video,/SL/puzzled/45574.mp4
puzzled,video,/SL/puzzled/45575.mp4
puzzled,video,/SL/puzzled/45577.mp4
puzzled,video,/SL/puzzled/66359.mp4
q,video,/SL/q/45597.mp4
q,video,/SL/q/45598.mp4
q,video,/SL/q/45599.mp4
q,video,/SL/q/45601.mp4
q,video,/SL/q/66055.mp4
quality,video,/SL/quality/45637.mp4
quality,video,/SL/quality/45638.mp4
quality,video,/SL/quality/45639.mp4
quality,video,/SL/quality/45640.mp4
quality,video,/SL/quality/66360.mp4
quarrel,video,/SL/quarrel/45652.mp4
quarrel,video,/SL/quarrel/45655.mp4
quarrel,video,/SL/quarrel/45656.mp4
quarrel,video,/SL/quarrel/45658.mp4
quarter,video,/SL/quarter/45663.mp4
quarter,video,/SL/quarter/45664.mp4
quarter,video,/SL/quarter/45665.mp4
quarter,video,/SL/quarter/45669.mp4
quarter,video,/SL/quarter/45673.mp4
queen,video,/SL/queen/45685.mp4
queen,video,/SL/queen/45686.mp4
queen,video,/SL/queen/45687.mp4
queen,video,/SL/queen/45688.mp4
queen,video,/SL/queen/45689.mp4
queen,video,/SL/queen/45692.mp4
queen,video,/SL/queen/66362.mp4
question,video,/SL/question/45714.mp4
question,video,/SL/question/45715.mp4
question,video,/SL/question/45717.mp4
question,video,/SL/question/45719.mp4
question,video,/SL/question/45723.mp4
question,video,/SL/question/69442.mp4
quick,video,/SL/quick/45742.mp4
quick,video,/SL/quick/45743.mp4
quick,video,/SL/quick/45744.mp4
quick,video,/SL/quick/45746.mp4
quick,video,/SL/quick/45747.mp4
quick,video,/SL/quick/45749.mp4
quick,video,/SL/quick/66363.mp4
quick,video,/SL/quick/66364.mp4
quiet,video,/SL/quiet/45757.mp4
quiet,video,/SL/quiet/45758.mp4
quiet,video,/SL/quiet/45759.mp4
quiet,video,/SL/quiet/45760.mp4
quiet,video,/SL/quiet/45761.mp4
quiet,video,/SL/quiet/45762.mp4
quiet,video,/SL/quiet/45767.mp4
quiet,video,/SL/quiet/66365.mp4
quit,video,/SL/quit/45780.mp4
quit,video,/SL/quit/45781.mp4
quit,video,/SL/quit/45782.mp4
quit,video,/SL/quit/45783.mp4
quit,video,/SL/quit/45784.mp4
quit,video,/SL/quit/45785.mp4
quit,video,/SL/quit/45786.mp4
quit,video,/SL/quit/45789.mp4
quote,video,/SL/quote/45819.mp4
quote,video,/SL/quote/45820.mp4
quote,video,/SL/quote/45821.mp4
quote,video,/SL/quote/45822.mp4
quote,video,/SL/quote/45823.mp4
quote,video,/SL/quote/45824.mp4
quote,video,/SL/quote/45826.mp4
r,video,/SL/r/47983.mp4
r,video,/SL/r/47984.mp4
r,video,/SL/r/47985.mp4
r,video,/SL/r/47987.mp4
r,video,/SL/r/66056.mp4
rabbit,video,/SL/rabbit/45836.mp4
rabbit,video,/SL/rabbit/45837.mp4
rabbit,video,/SL/rabbit/45838.mp4
rabbit,video,/SL/rabbit/45839.mp4
rabbit,video,/SL/rabbit/45840.mp4
rabbit,video,/SL/rabbit/45842.mp4
rabbit,video,/SL/rabbit/45843.mp4
rabbit,video,/SL/rabbit/45851.mp4
raccoon,video,/SL/raccoon/45853.mp4
raccoon,video,/SL/raccoon/45854.mp4
raccoon,video,/SL/raccoon/45855.mp4
raccoon,video,/SL/raccoon/45857.mp4
raccoon,video,/SL/raccoon/45861.mp4
raccoon,video,/SL/raccoon/66367.mp4
raccoon,video,/SL/raccoon/66368.mp4
race,video,/SL/race/45864.mp4
race,video,/SL/race/45865.mp4
race,video,/SL/race/45866.mp4
race,video,/SL/race/45867.mp4
race,video,/SL/race/45870.mp4
race,video,/SL/race/45873.mp4
radio,video,/SL/radio/45907.mp4
radio,video,/SL/radio/45908.mp4
radio,video,/SL/radio/45909.mp4
radio,video,/SL/radio/45910.mp4
radio,video,/SL/radio/45912.mp4
radio,video,/SL/radio/45916.mp4
rage,video,/SL/rage/45928.mp4
rage,video,/SL/rage/45929.mp4
rage,video,/SL/rage/45930.mp4
rage,video,/SL/rage/45932.mp4
rage,video,/SL/rage/45936.mp4
rain,video,/SL/rain/45993.mp4
rain,video,/SL/rain/45994.mp4
rain,video,/SL/rain/45995.mp4
rain,video,/SL/rain/45996.mp4
rain,video,/SL/rain/45998.mp4
rain,video,/SL/rain/46001.mp4
rain,video,/SL/rain/66369.mp4
rainbow,video,/SL/rainbow/45967.mp4
rainbow,video,/SL/rainbow/45968.mp4
rainbow,video,/SL/rainbow/45969.mp4
rainbow,video,/SL/rainbow/45971.mp4
rainbow,video,/SL/rainbow/45975.mp4
rake,video,/SL/rake/46054.mp4
rake,video,/SL/rake/46055.mp4
rake,video,/SL/rake/46056.mp4
rake,video,/SL/rake/46057.mp4
rake,video,/SL/rake/46058.mp4
rake,video,/SL/rake/46060.mp4
rake,video,/SL/rake/66370.mp4
rat,video,/SL/rat/46174.mp4
rat,video,/SL/rat/46175.mp4
rat,video,/SL/rat/46176.mp4
rat,video,/SL/rat/46178.mp4
rat,video,/SL/rat/46179.mp4
rat,video,/SL/rat/46182.mp4
rather,video,/SL/rather/46165.mp4
rather,video,/SL/rather/46166.mp4
rather,video,/SL/rather/46170.mp4
rather,video,/SL/rather/46173.mp4
read,video,/SL/read/46266.mp4
read,video,/SL/read/46267.mp4
read,video,/SL/read/46268.mp4
read,video,/SL/read/46269.mp4
read,video,/SL/read/46272.mp4
read,video,/SL/read/46276.mp4
ready,video,/SL/ready/46288.mp4
ready,video,/SL/ready/46289.mp4
ready,video,/SL/ready/46291.mp4
ready,video,/SL/ready/46292.mp4
ready,video,/SL/ready/46293.mp4
ready,video,/SL/ready/46296.mp4
ready,video,/SL/ready/46299.mp4
ready,video,/SL/ready/46300.mp4
ready,video,/SL/ready/46305.mp4
ready,video,/SL/ready/66374.mp4
real,video,/SL/real/46314.mp4
real,video,/SL/real/46315.mp4
real,video,/SL/real/46317.mp4
real,video,/SL/real/46319.mp4
realize,video,/SL/realize/46327.mp4
realize,video,/SL/realize/46330.mp4
realize,video,/SL/realize/46333.mp4
realize,video,/SL/realize/46336.mp4
really,video,/SL/really/46368.mp4
really,video,/SL/really/46369.mp4
really,video,/SL/really/46372.mp4
really,video,/SL/really/46373.mp4
really,video,/SL/really/46374.mp4
really,video,/SL/really/46375.mp4
really,video,/SL/really/69445.mp4
reason,video,/SL/reason/46428.mp4
reason,video,/SL/reason/46429.mp4
reason,video,/SL/reason/46430.mp4
reason,video,/SL/reason/46431.mp4
reason,video,/SL/reason/46433.mp4
reason,video,/SL/reason/46436.mp4
reason,video,/SL/reason/66375.mp4
receive,video,/SL/receive/46491.mp4
receive,video,/SL/receive/46492.mp4
receive,video,/SL/receive/46493.mp4
receive,video,/SL/receive/46495.mp4
receive,video,/SL/receive/46497.mp4
recent,video,/SL/recent/46500.mp4
recent,video,/SL/recent/46501.mp4
recent,video,/SL/recent/46502.mp4
recent,video,/SL/recent/46503.mp4
recent,video,/SL/recent/46506.mp4
recent,video,/SL/recent/66376.mp4
recent,video,/SL/recent/66377.mp4
recliner,video,/SL/recliner/46574.mp4
recliner,video,/SL/recliner/46575.mp4
recliner,video,/SL/recliner/46578.mp4
recliner,video,/SL/recliner/46580.mp4
recognize,video,/SL/recognize/46588.mp4
recognize,video,/SL/recognize/46589.mp4
recognize,video,/SL/recognize/46590.mp4
recognize,video,/SL/recognize/46592.mp4
recognize,video,/SL/recognize/46596.mp4
recommend,video,/SL/recommend/46606.mp4
recommend,video,/SL/recommend/46607.mp4
recommend,video,/SL/recommend/46609.mp4
recommend,video,/SL/recommend/46611.mp4
recover,video,/SL/recover/46658.mp4
recover,video,/SL/recover/46659.mp4
recover,video,/SL/recover/46660.mp4
recover,video,/SL/recover/46661.mp4
recover,video,/SL/recover/46663.mp4
recover,video,/SL/recover/46665.mp4
red,video,/SL/red/46731.mp4
red,video,/SL/red/46732.mp4
red,video,/SL/red/46733.mp4
red,video,/SL/red/46734.mp4
red,video,/SL/red/46737.mp4
red,video,/SL/red/46742.mp4
red,video,/SL/red/69446.mp4
reduce,video,/SL/reduce/46752.mp4
reduce,video,/SL/reduce/46753.mp4
reduce,video,/SL/reduce/46754.mp4
reduce,video,/SL/reduce/46759.mp4
reduce,video,/SL/reduce/46762.mp4
refer,video,/SL/refer/46791.mp4
refer,video,/SL/refer/46792.mp4
refer,video,/SL/refer/46793.mp4
refer,video,/SL/refer/46795.mp4
refer,video,/SL/refer/46797.mp4
referee,video,/SL/referee/46775.mp4
referee,video,/SL/referee/46776.mp4
referee,video,/SL/referee/46779.mp4
referee,video,/SL/referee/46780.mp4
referee,video,/SL/referee/46783.mp4
refuse,video,/SL/refuse/46863.mp4
refuse,video,/SL/refuse/46864.mp4
refuse,video,/SL/refuse/46865.mp4
refuse,video,/SL/refuse/46867.mp4
refuse,video,/SL/refuse/46870.mp4
refuse,video,/SL/refuse/66381.mp4
regular,video,/SL/regular/46927.mp4
regular,video,/SL/regular/46928.mp4
regular,video,/SL/regular/46930.mp4
regular,video,/SL/regular/66383.mp4
rehearse,video,/SL/rehearse/46957.mp4
rehearse,video,/SL/rehearse/46958.mp4
rehearse,video,/SL/rehearse/46959.mp4
rehearse,video,/SL/rehearse/46960.mp4
rehearse,video,/SL/rehearse/46961.mp4
rehearse,video,/SL/rehearse/46962.mp4
rehearse,video,/SL/rehearse/46963.mp4
rehearse,video,/SL/rehearse/46965.mp4
reject,video,/SL/reject/47000.mp4
reject,video,/SL/reject/47001.mp4
reject,video,/SL/reject/47002.mp4
reject,video,/SL/reject/47003.mp4
reject,video,/SL/reject/47004.mp4
reject,video,/SL/reject/47005.mp4
relate,video,/SL/relate/47028.mp4
relate,video,/SL/relate/47029.mp4
relate,video,/SL/relate/47030.mp4
relate,video,/SL/relate/47032.mp4
relate,video,/SL/relate/47034.mp4
relationship,video,/SL/relationship/47038.mp4
relationship,video,/SL/relationship/47039.mp4
relationship,video,/SL/relationship/47040.mp4
relationship,video,/SL/relationship/47042.mp4
relationship,video,/SL/relationship/66384.mp4
relax,video,/SL/relax/47059.mp4
relax,video,/SL/relax/47060.mp4
relax,video,/SL/relax/47063.mp4
relax,video,/SL/relax/47066.mp4
release,video,/SL/release/47075.mp4
release,video,/SL/release/47076.mp4
release,video,/SL/release/47077.mp4
release,video,/SL/release/47081.mp4
release,video,/SL/release/47083.mp4
relief,video,/SL/relief/47093.mp4
relief,video,/SL/relief/47094.mp4
relief,video,/SL/relief/47095.mp4
relief,video,/SL/relief/47096.mp4
relief,video,/SL/relief/47097.mp4
relief,video,/SL/relief/66385.mp4
religion,video,/SL/religion/47104.mp4
religion,video,/SL/religion/47105.mp4
religion,video,/SL/religion/47106.mp4
religion,video,/SL/religion/47107.mp4
religion,video,/SL/religion/47109.mp4
religion,video,/SL/religion/47112.mp4
religion,video,/SL/religion/66386.mp4
rely,video,/SL/rely/47136.mp4
rely,video,/SL/rely/47137.mp4
rely,video,/SL/rely/47139.mp4
rely,video,/SL/rely/47140.mp4
rely,video,/SL/rely/47142.mp4
remember,video,/SL/remember/47175.mp4
remember,video,/SL/remember/47176.mp4
remember,video,/SL/remember/47177.mp4
remember,video,/SL/remember/47178.mp4
remember,video,/SL/remember/47183.mp4
remember,video,/SL/remember/47187.mp4
remember,video,/SL/remember/66387.mp4
remote control,video,/SL/remote control/47221.mp4
remote control,video,/SL/remote control/47222.mp4
remote control,video,/SL/remote control/47224.mp4
remote control,video,/SL/remote control/47225.mp4
remote control,video,/SL/remote control/66389.mp4
remove,video,/SL/remove/47237.mp4
remove,video,/SL/remove/47238.mp4
remove,video,/SL/remove/47239.mp4
remove,video,/SL/remove/47240.mp4
remove,video,/SL/remove/47242.mp4
remove,video,/SL/remove/47244.mp4
remove,video,/SL/remove/66390.mp4
rent,video,/SL/rent/47271.mp4
rent,video,/SL/rent/47272.mp4
rent,video,/SL/rent/47273.mp4
rent,video,/SL/rent/47277.mp4
rent,video,/SL/rent/47279.mp4
repeat,video,/SL/repeat/47300.mp4
repeat,video,/SL/repeat/47301.mp4
repeat,video,/SL/repeat/47302.mp4
repeat,video,/SL/repeat/47305.mp4
repeat,video,/SL/repeat/47307.mp4
replace,video,/SL/replace/47332.mp4
replace,video,/SL/replace/47333.mp4
replace,video,/SL/replace/47335.mp4
replace,video,/SL/replace/47337.mp4
replace,video,/SL/replace/66392.mp4
reply,video,/SL/reply/47342.mp4
reply,video,/SL/reply/47343.mp4
reply,video,/SL/reply/47345.mp4
reply,video,/SL/reply/47347.mp4
report,video,/SL/report/47357.mp4
report,video,/SL/report/47358.mp4
report,video,/SL/report/47362.mp4
represent,video,/SL/represent/47380.mp4
represent,video,/SL/represent/47381.mp4
represent,video,/SL/represent/47382.mp4
represent,video,/SL/represent/47383.mp4
represent,video,/SL/represent/47384.mp4
represent,video,/SL/represent/47385.mp4
represent,video,/SL/represent/47387.mp4
reputation,video,/SL/reputation/47440.mp4
reputation,video,/SL/reputation/47441.mp4
reputation,video,/SL/reputation/47442.mp4
reputation,video,/SL/reputation/47444.mp4
reputation,video,/SL/reputation/47447.mp4
request,video,/SL/request/47450.mp4
request,video,/SL/request/47451.mp4
request,video,/SL/request/47452.mp4
request,video,/SL/request/47453.mp4
request,video,/SL/request/47457.mp4
require,video,/SL/require/47460.mp4
require,video,/SL/require/47461.mp4
require,video,/SL/require/47462.mp4
require,video,/SL/require/47463.mp4
require,video,/SL/require/47464.mp4
require,video,/SL/require/47465.mp4
require,video,/SL/require/47466.mp4
require,video,/SL/require/47469.mp4
rescue,video,/SL/rescue/47479.mp4
rescue,video,/SL/rescue/47480.mp4
rescue,video,/SL/rescue/47482.mp4
rescue,video,/SL/rescue/47484.mp4
research,video,/SL/research/47490.mp4
research,video,/SL/research/47492.mp4
research,video,/SL/research/47493.mp4
research,video,/SL/research/47494.mp4
research,video,/SL/research/47496.mp4
research,video,/SL/research/47501.mp4
research,video,/SL/research/66393.mp4
resign,video,/SL/resign/47554.mp4
resign,video,/SL/resign/47555.mp4
resign,video,/SL/resign/47557.mp4
resign,video,/SL/resign/47561.mp4
resign,video,/SL/resign/66394.mp4
resist,video,/SL/resist/47569.mp4
resist,video,/SL/resist/47572.mp4
resist,video,/SL/resist/66395.mp4
respect,video,/SL/respect/47604.mp4
respect,video,/SL/respect/47605.mp4
respect,video,/SL/respect/47606.mp4
respect,video,/SL/respect/47611.mp4
respect,video,/SL/respect/47612.mp4
respect,video,/SL/respect/47615.mp4
respect,video,/SL/respect/66396.mp4
responsibility,video,/SL/responsibility/47640.mp4
responsibility,video,/SL/responsibility/47641.mp4
responsibility,video,/SL/responsibility/47642.mp4
responsibility,video,/SL/responsibility/47643.mp4
responsibility,video,/SL/responsibility/47644.mp4
responsibility,video,/SL/responsibility/66397.mp4
responsible,video,/SL/responsible/47645.mp4
responsible,video,/SL/responsible/47646.mp4
responsible,video,/SL/responsible/47648.mp4
responsible,video,/SL/responsible/47652.mp4
rest,video,/SL/rest/47668.mp4
rest,video,/SL/rest/47669.mp4
rest,video,/SL/rest/47671.mp4
rest,video,/SL/rest/47672.mp4
rest,video,/SL/rest/47675.mp4
rest,video,/SL/rest/47676.mp4
restaurant,video,/SL/restaurant/47656.mp4
restaurant,video,/SL/restaurant/47657.mp4
restaurant,video,/SL/restaurant/47658.mp4
restaurant,video,/SL/restaurant/47659.mp4
restaurant,video,/SL/restaurant/47661.mp4
restaurant,video,/SL/restaurant/47666.mp4
restaurant,video,/SL/restaurant/66398.mp4
restroom,video,/SL/restroom/47722.mp4
restroom,video,/SL/restroom/47724.mp4
restroom,video,/SL/restroom/47727.mp4
result,video,/SL/result/47731.mp4
result,video,/SL/result/47732.mp4
result,video,/SL/result/47733.mp4
result,video,/SL/result/47734.mp4
result,video,/SL/result/47736.mp4
result,video,/SL/result/47738.mp4
result,video,/SL/result/66399.mp4
retire,video,/SL/retire/47786.mp4
retire,video,/SL/retire/47787.mp4
retire,video,/SL/retire/47788.mp4
retire,video,/SL/retire/47789.mp4
retire,video,/SL/retire/47790.mp4
retire,video,/SL/retire/47794.mp4
retire,video,/SL/retire/66400.mp4
retreat,video,/SL/retreat/47803.mp4
retreat,video,/SL/retreat/47804.mp4
retreat,video,/SL/retreat/47806.mp4
retreat,video,/SL/retreat/47809.mp4
reveal,video,/SL/reveal/47840.mp4
reveal,video,/SL/reveal/47841.mp4
reveal,video,/SL/reveal/47846.mp4
reveal,video,/SL/reveal/47847.mp4
reveal,video,/SL/reveal/47851.mp4
revenge,video,/SL/revenge/47858.mp4
revenge,video,/SL/revenge/47859.mp4
revenge,video,/SL/revenge/47862.mp4
revenge,video,/SL/revenge/47864.mp4
revenge,video,/SL/revenge/66402.mp4
revenge,video,/SL/revenge/66403.mp4
review,video,/SL/review/47901.mp4
review,video,/SL/review/47902.mp4
review,video,/SL/review/47903.mp4
review,video,/SL/review/47904.mp4
review,video,/SL/review/47905.mp4
review,video,/SL/review/47906.mp4
review,video,/SL/review/47913.mp4
rich,video,/SL/rich/48020.mp4
rich,video,/SL/rich/48021.mp4
rich,video,/SL/rich/48022.mp4
rich,video,/SL/rich/48023.mp4
rich,video,/SL/rich/48027.mp4
rich,video,/SL/rich/48029.mp4
rich,video,/SL/rich/48032.mp4
ride,video,/SL/ride/48042.mp4
ride,video,/SL/ride/48043.mp4
ride,video,/SL/ride/48044.mp4
ride,video,/SL/ride/48050.mp4
ride,video,/SL/ride/48051.mp4
ride,video,/SL/ride/48054.mp4
ride,video,/SL/ride/48055.mp4
ride,video,/SL/ride/66405.mp4
ridiculous,video,/SL/ridiculous/48073.mp4
ridiculous,video,/SL/ridiculous/48074.mp4
ridiculous,video,/SL/ridiculous/48077.mp4
ridiculous,video,/SL/ridiculous/66407.mp4
right,video,/SL/right/48105.mp4
right,video,/SL/right/48106.mp4
right,video,/SL/right/48107.mp4
right,video,/SL/right/48108.mp4
right,video,/SL/right/48109.mp4
right,video,/SL/right/48114.mp4
right,video,/SL/right/48115.mp4
right,video,/SL/right/48124.mp4
right,video,/SL/right/48126.mp4
ring,video,/SL/ring/48159.mp4
ring,video,/SL/ring/48160.mp4
ring,video,/SL/ring/48163.mp4
ring,video,/SL/ring/48164.mp4
ring,video,/SL/ring/48166.mp4
ring,video,/SL/ring/48175.mp4
rise,video,/SL/rise/48209.mp4
rise,video,/SL/rise/48210.mp4
rise,video,/SL/rise/48212.mp4
rise,video,/SL/rise/48214.mp4
rise,video,/SL/rise/48215.mp4
rise,video,/SL/rise/48216.mp4
rise,video,/SL/rise/48218.mp4
rise,video,/SL/rise/48219.mp4
rise,video,/SL/rise/48224.mp4
river,video,/SL/river/48252.mp4
river,video,/SL/river/48253.mp4
river,video,/SL/river/48254.mp4
river,video,/SL/river/48255.mp4
river,video,/SL/river/48258.mp4
river,video,/SL/river/66410.mp4
road,video,/SL/road/48273.mp4
road,video,/SL/road/48274.mp4
road,video,/SL/road/48277.mp4
road,video,/SL/road/48279.mp4
roar,video,/SL/roar/48298.mp4
roar,video,/SL/roar/48299.mp4
roar,video,/SL/roar/48301.mp4
roar,video,/SL/roar/48303.mp4
rob,video,/SL/rob/48325.mp4
rob,video,/SL/rob/48327.mp4
rob,video,/SL/rob/48328.mp4
rob,video,/SL/rob/48329.mp4
rob,video,/SL/rob/48330.mp4
rob,video,/SL/rob/48331.mp4
rob,video,/SL/rob/48334.mp4
rob,video,/SL/rob/48336.mp4
robber,video,/SL/robber/48306.mp4
robber,video,/SL/robber/48307.mp4
robber,video,/SL/robber/48308.mp4
robber,video,/SL/robber/48311.mp4
robber,video,/SL/robber/48313.mp4
robot,video,/SL/robot/48340.mp4
robot,video,/SL/robot/48341.mp4
robot,video,/SL/robot/48342.mp4
robot,video,/SL/robot/48343.mp4
robot,video,/SL/robot/48344.mp4
robot,video,/SL/robot/48346.mp4
rock,video,/SL/rock/48371.mp4
rock,video,/SL/rock/48373.mp4
rock,video,/SL/rock/48374.mp4
rock,video,/SL/rock/48375.mp4
rock,video,/SL/rock/48376.mp4
rock,video,/SL/rock/48378.mp4
rock,video,/SL/rock/66411.mp4
role,video,/SL/role/48404.mp4
role,video,/SL/role/48405.mp4
role,video,/SL/role/48406.mp4
role,video,/SL/role/48407.mp4
role,video,/SL/role/48408.mp4
role,video,/SL/role/48411.mp4
roof,video,/SL/roof/48489.mp4
roof,video,/SL/roof/48490.mp4
roof,video,/SL/roof/48492.mp4
roof,video,/SL/roof/48494.mp4
roof,video,/SL/roof/48499.mp4
room,video,/SL/room/48509.mp4
room,video,/SL/room/48510.mp4
room,video,/SL/room/48511.mp4
room,video,/SL/room/48512.mp4
room,video,/SL/room/48513.mp4
room,video,/SL/room/48514.mp4
room,video,/SL/room/48515.mp4
room,video,/SL/room/48516.mp4
room,video,/SL/room/48517.mp4
room,video,/SL/room/48521.mp4
room,video,/SL/room/66415.mp4
room,video,/SL/room/66416.mp4
roommate,video,/SL/roommate/48522.mp4
roommate,video,/SL/roommate/48523.mp4
roommate,video,/SL/roommate/48524.mp4
roommate,video,/SL/roommate/48525.mp4
roommate,video,/SL/roommate/48526.mp4
roommate,video,/SL/roommate/66417.mp4
rooster,video,/SL/rooster/48538.mp4
rooster,video,/SL/rooster/48539.mp4
rooster,video,/SL/rooster/48540.mp4
rooster,video,/SL/rooster/48541.mp4
rooster,video,/SL/rooster/48542.mp4
rooster,video,/SL/rooster/48545.mp4
rope,video,/SL/rope/48557.mp4
rope,video,/SL/rope/48558.mp4
rope,video,/SL/rope/48559.mp4
rope,video,/SL/rope/48560.mp4
rope,video,/SL/rope/48563.mp4
rose,video,/SL/rose/48566.mp4
rose,video,/SL/rose/48567.mp4
rose,video,/SL/rose/48568.mp4
rose,video,/SL/rose/48569.mp4
rose,video,/SL/rose/48570.mp4
rose,video,/SL/rose/48573.mp4
rough,video,/SL/rough/48606.mp4
rough,video,/SL/rough/48607.mp4
rough,video,/SL/rough/48608.mp4
rough,video,/SL/rough/48609.mp4
rough,video,/SL/rough/48610.mp4
rough,video,/SL/rough/48611.mp4
rough,video,/SL/rough/48614.mp4
rough,video,/SL/rough/66418.mp4
rubber,video,/SL/rubber/48684.mp4
rubber,video,/SL/rubber/48685.mp4
rubber,video,/SL/rubber/48686.mp4
rubber,video,/SL/rubber/48687.mp4
rubber,video,/SL/rubber/48688.mp4
rubber,video,/SL/rubber/48691.mp4
rude,video,/SL/rude/48704.mp4
rude,video,/SL/rude/48705.mp4
rude,video,/SL/rude/48706.mp4
rude,video,/SL/rude/48710.mp4
rude,video,/SL/rude/48711.mp4
rude,video,/SL/rude/48713.mp4
rude,video,/SL/rude/48719.mp4
ruin,video,/SL/ruin/48731.mp4
ruin,video,/SL/ruin/48732.mp4
ruin,video,/SL/ruin/48733.mp4
ruin,video,/SL/ruin/48734.mp4
ruin,video,/SL/ruin/48737.mp4
rule,video,/SL/rule/48740.mp4
rule,video,/SL/rule/48741.mp4
rule,video,/SL/rule/48743.mp4
rule,video,/SL/rule/48744.mp4
rule,video,/SL/rule/48747.mp4
rule,video,/SL/rule/48752.mp4
rule,video,/SL/rule/66419.mp4
run,video,/SL/run/48797.mp4
run,video,/SL/run/48798.mp4
run,video,/SL/run/48800.mp4
run,video,/SL/run/48801.mp4
run,video,/SL/run/48804.mp4
run,video,/SL/run/48805.mp4
run,video,/SL/run/48809.mp4
run,video,/SL/run/48810.mp4
run,video,/SL/run/48827.mp4
rush,video,/SL/rush/48890.mp4
rush,video,/SL/rush/48891.mp4
rush,video,/SL/rush/48892.mp4
rush,video,/SL/rush/48893.mp4
rush,video,/SL/rush/48894.mp4
rush,video,/SL/rush/48897.mp4
russia,video,/SL/russia/48899.mp4
russia,video,/SL/russia/48901.mp4
russia,video,/SL/russia/48902.mp4
russia,video,/SL/russia/48903.mp4
russia,video,/SL/russia/48904.mp4
russia,video,/SL/russia/48905.mp4
russia,video,/SL/russia/48907.mp4
russia,video,/SL/russia/48908.mp4
russia,video,/SL/russia/48913.mp4
s,video,/SL/s/51426.mp4
s,video,/SL/s/51427.mp4
s,video,/SL/s/51428.mp4
s,video,/SL/s/51430.mp4
s,video,/SL/s/66057.mp4
sad,video,/SL/sad/48971.mp4
sad,video,/SL/sad/48972.mp4
sad,video,/SL/sad/48973.mp4
sad,video,/SL/sad/48974.mp4
sad,video,/SL/sad/48976.mp4
sad,video,/SL/sad/48978.mp4
sad,video,/SL/sad/48983.mp4
sad,video,/SL/sad/69450.mp4
safe,video,/SL/safe/48995.mp4
safe,video,/SL/safe/48996.mp4
safe,video,/SL/safe/48997.mp4
safe,video,/SL/safe/49002.mp4
safe,video,/SL/safe/49006.mp4
salad,video,/SL/salad/49077.mp4
salad,video,/SL/salad/49078.mp4
salad,video,/SL/salad/49079.mp4
salad,video,/SL/salad/49081.mp4
salad,video,/SL/salad/49084.mp4
salad,video,/SL/salad/66421.mp4
salary,video,/SL/salary/49089.mp4
salary,video,/SL/salary/49090.mp4
salary,video,/SL/salary/49092.mp4
salary,video,/SL/salary/49093.mp4
salary,video,/SL/salary/49094.mp4
salt,video,/SL/salt/49129.mp4
salt,video,/SL/salt/49130.mp4
salt,video,/SL/salt/49131.mp4
salt,video,/SL/salt/49132.mp4
salt,video,/SL/salt/49134.mp4
salt,video,/SL/salt/49140.mp4
salt,video,/SL/salt/66422.mp4
salt,video,/SL/salt/69451.mp4
salute,video,/SL/salute/49149.mp4
salute,video,/SL/salute/49150.mp4
salute,video,/SL/salute/49152.mp4
salute,video,/SL/salute/49156.mp4
same,video,/SL/same/49173.mp4
same,video,/SL/same/49174.mp4
same,video,/SL/same/49175.mp4
same,video,/SL/same/49176.mp4
same,video,/SL/same/49178.mp4
same,video,/SL/same/49181.mp4
same,video,/SL/same/49182.mp4
same,video,/SL/same/49183.mp4
same,video,/SL/same/49188.mp4
sandwich,video,/SL/sandwich/49245.mp4
sandwich,video,/SL/sandwich/49246.mp4
sandwich,video,/SL/sandwich/49247.mp4
sandwich,video,/SL/sandwich/49248.mp4
sandwich,video,/SL/sandwich/49250.mp4
sandwich,video,/SL/sandwich/49251.mp4
sandwich,video,/SL/sandwich/49252.mp4
sandwich,video,/SL/sandwich/49255.mp4
sandwich,video,/SL/sandwich/66423.mp4
sandwich,video,/SL/sandwich/66424.mp4
satisfy,video,/SL/satisfy/49318.mp4
satisfy,video,/SL/satisfy/49319.mp4
satisfy,video,/SL/satisfy/49320.mp4
satisfy,video,/SL/satisfy/49324.mp4
satisfy,video,/SL/satisfy/66427.mp4
saturday,video,/SL/saturday/49328.mp4
saturday,video,/SL/saturday/49329.mp4
saturday,video,/SL/saturday/49330.mp4
saturday,video,/SL/saturday/49334.mp4
saturday,video,/SL/saturday/49335.mp4
saturday,video,/SL/saturday/49338.mp4
saturday,video,/SL/saturday/66428.mp4
sauce,video,/SL/sauce/49342.mp4
sauce,video,/SL/sauce/49343.mp4
sauce,video,/SL/sauce/49345.mp4
sauce,video,/SL/sauce/49349.mp4
sausage,video,/SL/sausage/49358.mp4
sausage,video,/SL/sausage/49359.mp4
sausage,video,/SL/sausage/49362.mp4
sausage,video,/SL/sausage/49365.mp4
save,video,/SL/save/49371.mp4
save,video,/SL/save/49372.mp4
save,video,/SL/save/49374.mp4
save,video,/SL/save/49378.mp4
save,video,/SL/save/49379.mp4
save,video,/SL/save/49380.mp4
save,video,/SL/save/49383.mp4
save,video,/SL/save/49384.mp4
saw,video,/SL/saw/49408.mp4
saw,video,/SL/saw/49410.mp4
saw,video,/SL/saw/49411.mp4
saw,video,/SL/saw/49421.mp4
say,video,/SL/say/49430.mp4
say,video,/SL/say/49431.mp4
say,video,/SL/say/49432.mp4
say,video,/SL/say/49433.mp4
say,video,/SL/say/49436.mp4
say,video,/SL/say/66429.mp4
say,video,/SL/say/69454.mp4
scan,video,/SL/scan/49459.mp4
scan,video,/SL/scan/49460.mp4
scan,video,/SL/scan/49465.mp4
scared,video,/SL/scared/49477.mp4
scared,video,/SL/scared/49478.mp4
scared,video,/SL/scared/49479.mp4
scared,video,/SL/scared/49480.mp4
scared,video,/SL/scared/49482.mp4
scared,video,/SL/scared/49483.mp4
scared,video,/SL/scared/49487.mp4
scared,video,/SL/scared/66432.mp4
schedule,video,/SL/schedule/49538.mp4
schedule,video,/SL/schedule/49539.mp4
schedule,video,/SL/schedule/49540.mp4
schedule,video,/SL/schedule/49542.mp4
schedule,video,/SL/schedule/49547.mp4
school,video,/SL/school/49595.mp4
school,video,/SL/school/49596.mp4
school,video,/SL/school/49597.mp4
school,video,/SL/school/49598.mp4
school,video,/SL/school/49599.mp4
school,video,/SL/school/49600.mp4
school,video,/SL/school/49602.mp4
school,video,/SL/school/49606.mp4
school,video,/SL/school/69455.mp4
science,video,/SL/science/49631.mp4
science,video,/SL/science/49632.mp4
science,video,/SL/science/49633.mp4
science,video,/SL/science/49634.mp4
science,video,/SL/science/49635.mp4
science,video,/SL/science/49636.mp4
science,video,/SL/science/49637.mp4
science,video,/SL/science/49640.mp4
scientist,video,/SL/scientist/49644.mp4
scientist,video,/SL/scientist/49645.mp4
scientist,video,/SL/scientist/49646.mp4
scientist,video,/SL/scientist/49647.mp4
scientist,video,/SL/scientist/49648.mp4
scientist,video,/SL/scientist/49651.mp4
scissors,video,/SL/scissors/49653.mp4
scissors,video,/SL/scissors/49654.mp4
scissors,video,/SL/scissors/49655.mp4
scissors,video,/SL/scissors/49656.mp4
scissors,video,/SL/scissors/49657.mp4
scissors,video,/SL/scissors/49658.mp4
scissors,video,/SL/scissors/49659.mp4
scissors,video,/SL/scissors/49663.mp4
scissors,video,/SL/scissors/66433.mp4
scold,video,/SL/scold/49670.mp4
scold,video,/SL/scold/49671.mp4
scold,video,/SL/scold/49672.mp4
scold,video,/SL/scold/49673.mp4
scold,video,/SL/scold/49675.mp4
scold,video,/SL/scold/65577.mp4
score,video,/SL/score/49691.mp4
score,video,/SL/score/49692.mp4
score,video,/SL/score/49693.mp4
score,video,/SL/score/49694.mp4
score,video,/SL/score/49695.mp4
score,video,/SL/score/49696.mp4
score,video,/SL/score/49697.mp4
score,video,/SL/score/49699.mp4
score,video,/SL/score/49700.mp4
score,video,/SL/score/49702.mp4
score,video,/SL/score/49706.mp4
score,video,/SL/score/66434.mp4
scotland,video,/SL/scotland/49727.mp4
scotland,video,/SL/scotland/49728.mp4
scotland,video,/SL/scotland/49729.mp4
scotland,video,/SL/scotland/49730.mp4
scotland,video,/SL/scotland/49731.mp4
scotland,video,/SL/scotland/49732.mp4
scotland,video,/SL/scotland/49737.mp4
scream,video,/SL/scream/49779.mp4
scream,video,/SL/scream/49783.mp4
scream,video,/SL/scream/49786.mp4
screwdriver,video,/SL/screwdriver/49804.mp4
screwdriver,video,/SL/screwdriver/49805.mp4
screwdriver,video,/SL/screwdriver/49806.mp4
screwdriver,video,/SL/screwdriver/49807.mp4
screwdriver,video,/SL/screwdriver/49809.mp4
screwdriver,video,/SL/screwdriver/49814.mp4
sculpture,video,/SL/sculpture/49885.mp4
sculpture,video,/SL/sculpture/49886.mp4
sculpture,video,/SL/sculpture/49887.mp4
sculpture,video,/SL/sculpture/49888.mp4
sculpture,video,/SL/sculpture/49889.mp4
sculpture,video,/SL/sculpture/49890.mp4
sea,video,/SL/sea/49898.mp4
sea,video,/SL/sea/49899.mp4
sea,video,/SL/sea/49900.mp4
sea,video,/SL/sea/49902.mp4
sea,video,/SL/sea/69459.mp4
search,video,/SL/search/49931.mp4
search,video,/SL/search/49933.mp4
search,video,/SL/search/49934.mp4
search,video,/SL/search/49936.mp4
search,video,/SL/search/49941.mp4
second,video,/SL/second/50006.mp4
second,video,/SL/second/50007.mp4
second,video,/SL/second/50014.mp4
second,video,/SL/second/50020.mp4
second,video,/SL/second/50023.mp4
second,video,/SL/second/66439.mp4
secret,video,/SL/secret/50053.mp4
secret,video,/SL/secret/50054.mp4
secret,video,/SL/secret/50055.mp4
secret,video,/SL/secret/50058.mp4
secret,video,/SL/secret/50059.mp4
secret,video,/SL/secret/50061.mp4
secret,video,/SL/secret/50066.mp4
secret,video,/SL/secret/66440.mp4
secretary,video,/SL/secretary/50037.mp4
secretary,video,/SL/secretary/50038.mp4
secretary,video,/SL/secretary/50039.mp4
secretary,video,/SL/secretary/50040.mp4
secretary,video,/SL/secretary/50041.mp4
secretary,video,/SL/secretary/50044.mp4
secretary,video,/SL/secretary/50045.mp4
secretary,video,/SL/secretary/50046.mp4
secretary,video,/SL/secretary/50052.mp4
secretary,video,/SL/secretary/66441.mp4
see,video,/SL/see/50120.mp4
see,video,/SL/see/50122.mp4
see,video,/SL/see/50125.mp4
see,video,/SL/see/50128.mp4
see,video,/SL/see/69460.mp4
seem,video,/SL/seem/50139.mp4
seem,video,/SL/seem/50140.mp4
seem,video,/SL/seem/50143.mp4
seem,video,/SL/seem/50144.mp4
seem,video,/SL/seem/50146.mp4
seem,video,/SL/seem/66442.mp4
seldom,video,/SL/seldom/50198.mp4
seldom,video,/SL/seldom/50199.mp4
seldom,video,/SL/seldom/50201.mp4
selfish,video,/SL/selfish/50244.mp4
selfish,video,/SL/selfish/50245.mp4
selfish,video,/SL/selfish/50246.mp4
selfish,video,/SL/selfish/50249.mp4
selfish,video,/SL/selfish/50252.mp4
sell,video,/SL/sell/50266.mp4
sell,video,/SL/sell/50267.mp4
sell,video,/SL/sell/50268.mp4
sell,video,/SL/sell/50269.mp4
sell,video,/SL/sell/50271.mp4
sell,video,/SL/sell/50274.mp4
sell,video,/SL/sell/69461.mp4
senate,video,/SL/senate/50317.mp4
senate,video,/SL/senate/50318.mp4
senate,video,/SL/senate/50319.mp4
senate,video,/SL/senate/50321.mp4
senate,video,/SL/senate/50324.mp4
senate,video,/SL/senate/66444.mp4
send,video,/SL/send/50330.mp4
send,video,/SL/send/50331.mp4
send,video,/SL/send/50332.mp4
send,video,/SL/send/50336.mp4
send,video,/SL/send/50341.mp4
senior,video,/SL/senior/50363.mp4
senior,video,/SL/senior/50364.mp4
senior,video,/SL/senior/50365.mp4
senior,video,/SL/senior/50367.mp4
senior,video,/SL/senior/50370.mp4
senior,video,/SL/senior/50372.mp4
sensitive,video,/SL/sensitive/50398.mp4
sensitive,video,/SL/sensitive/50399.mp4
sensitive,video,/SL/sensitive/50402.mp4
sensitive,video,/SL/sensitive/50405.mp4
sensitive,video,/SL/sensitive/66447.mp4
sentence,video,/SL/sentence/50408.mp4
sentence,video,/SL/sentence/50409.mp4
sentence,video,/SL/sentence/50410.mp4
sentence,video,/SL/sentence/50411.mp4
sentence,video,/SL/sentence/50414.mp4
sentence,video,/SL/sentence/50415.mp4
sentence,video,/SL/sentence/50420.mp4
separate,video,/SL/separate/50432.mp4
separate,video,/SL/separate/50433.mp4
separate,video,/SL/separate/50436.mp4
separate,video,/SL/separate/50437.mp4
separate,video,/SL/separate/50439.mp4
separate,video,/SL/separate/50443.mp4
september,video,/SL/september/50453.mp4
september,video,/SL/september/50454.mp4
september,video,/SL/september/50456.mp4
september,video,/SL/september/50459.mp4
september,video,/SL/september/50460.mp4
sequence,video,/SL/sequence/50466.mp4
sequence,video,/SL/sequence/50467.mp4
sequence,video,/SL/sequence/50469.mp4
sequence,video,/SL/sequence/50471.mp4
sequence,video,/SL/sequence/50472.mp4
serious,video,/SL/serious/50503.mp4
serious,video,/SL/serious/50505.mp4
serious,video,/SL/serious/50506.mp4
serious,video,/SL/serious/50508.mp4
serious,video,/SL/serious/50512.mp4
serious,video,/SL/serious/66448.mp4
serve,video,/SL/serve/50529.mp4
serve,video,/SL/serve/50532.mp4
serve,video,/SL/serve/50534.mp4
serve,video,/SL/serve/50537.mp4
serve,video,/SL/serve/66449.mp4
service,video,/SL/service/50547.mp4
service,video,/SL/service/50548.mp4
service,video,/SL/service/50549.mp4
service,video,/SL/service/50550.mp4
service,video,/SL/service/50551.mp4
service,video,/SL/service/50553.mp4
service,video,/SL/service/50555.mp4
settle,video,/SL/settle/50582.mp4
settle,video,/SL/settle/50583.mp4
settle,video,/SL/settle/50584.mp4
settle,video,/SL/settle/50587.mp4
settle,video,/SL/settle/66452.mp4
seven,video,/SL/seven/50617.mp4
seven,video,/SL/seven/50618.mp4
seven,video,/SL/seven/50620.mp4
seven,video,/SL/seven/50623.mp4
seven,video,/SL/seven/66453.mp4
seven,video,/SL/seven/69463.mp4
several,video,/SL/several/50704.mp4
several,video,/SL/several/50705.mp4
several,video,/SL/several/50707.mp4
several,video,/SL/several/66458.mp4
sew,video,/SL/sew/50721.mp4
sew,video,/SL/sew/50722.mp4
sew,video,/SL/sew/50723.mp4
sew,video,/SL/sew/50727.mp4
sew,video,/SL/sew/66459.mp4
shame,video,/SL/shame/50813.mp4
shame,video,/SL/shame/50814.mp4
shame,video,/SL/shame/50815.mp4
shame,video,/SL/shame/50817.mp4
shame,video,/SL/shame/50819.mp4
shampoo,video,/SL/shampoo/50826.mp4
shampoo,video,/SL/shampoo/50827.mp4
shampoo,video,/SL/shampoo/50828.mp4
shampoo,video,/SL/shampoo/50830.mp4
shampoo,video,/SL/shampoo/50832.mp4
shape,video,/SL/shape/50835.mp4
shape,video,/SL/shape/50836.mp4
shape,video,/SL/shape/50837.mp4
shape,video,/SL/shape/50838.mp4
shape,video,/SL/shape/50841.mp4
shape,video,/SL/shape/50845.mp4
shape,video,/SL/shape/69465.mp4
share,video,/SL/share/50849.mp4
share,video,/SL/share/50850.mp4
share,video,/SL/share/50851.mp4
share,video,/SL/share/50855.mp4
share,video,/SL/share/50856.mp4
share,video,/SL/share/50862.mp4
share,video,/SL/share/66461.mp4
shave,video,/SL/shave/50895.mp4
shave,video,/SL/shave/50896.mp4
shave,video,/SL/shave/50902.mp4
shave,video,/SL/shave/50904.mp4
she,video,/SL/she/50948.mp4
she,video,/SL/she/50949.mp4
she,video,/SL/she/50951.mp4
she,video,/SL/she/50952.mp4
she,video,/SL/she/50954.mp4
she,video,/SL/she/69466.mp4
sheep,video,/SL/sheep/50934.mp4
sheep,video,/SL/sheep/50935.mp4
sheep,video,/SL/sheep/50936.mp4
sheep,video,/SL/sheep/50938.mp4
sheep,video,/SL/sheep/50942.mp4
shelf,video,/SL/shelf/50957.mp4
shelf,video,/SL/shelf/50958.mp4
shelf,video,/SL/shelf/50960.mp4
shelf,video,/SL/shelf/50964.mp4
shelf,video,/SL/shelf/69467.mp4
shine,video,/SL/shine/51020.mp4
shine,video,/SL/shine/51021.mp4
shine,video,/SL/shine/51022.mp4
shine,video,/SL/shine/51023.mp4
shine,video,/SL/shine/51024.mp4
shine,video,/SL/shine/51025.mp4
shine,video,/SL/shine/51026.mp4
shine,video,/SL/shine/51027.mp4
shine,video,/SL/shine/51029.mp4
shirt,video,/SL/shirt/51056.mp4
shirt,video,/SL/shirt/51057.mp4
shirt,video,/SL/shirt/51058.mp4
shirt,video,/SL/shirt/51059.mp4
shirt,video,/SL/shirt/51060.mp4
shirt,video,/SL/shirt/51061.mp4
shirt,video,/SL/shirt/51063.mp4
shirt,video,/SL/shirt/51064.mp4
shirt,video,/SL/shirt/51066.mp4
shirt,video,/SL/shirt/51067.mp4
shirt,video,/SL/shirt/51068.mp4
shirt,video,/SL/shirt/51081.mp4
shock,video,/SL/shock/51102.mp4
shock,video,/SL/shock/51103.mp4
shock,video,/SL/shock/51104.mp4
shock,video,/SL/shock/51105.mp4
shock,video,/SL/shock/51106.mp4
shock,video,/SL/shock/51107.mp4
shock,video,/SL/shock/51108.mp4
shock,video,/SL/shock/51114.mp4
shock,video,/SL/shock/66466.mp4
shoes,video,/SL/shoes/51128.mp4
shoes,video,/SL/shoes/51129.mp4
shoes,video,/SL/shoes/51130.mp4
shoes,video,/SL/shoes/51131.mp4
shoes,video,/SL/shoes/51133.mp4
shoes,video,/SL/shoes/51140.mp4
shoot,video,/SL/shoot/51154.mp4
shoot,video,/SL/shoot/51155.mp4
shoot,video,/SL/shoot/51156.mp4
shoot,video,/SL/shoot/51160.mp4
shoot,video,/SL/shoot/51165.mp4
shop,video,/SL/shop/51177.mp4
shop,video,/SL/shop/51178.mp4
shop,video,/SL/shop/51180.mp4
shop,video,/SL/shop/51181.mp4
shop,video,/SL/shop/51185.mp4
shop,video,/SL/shop/66468.mp4
shopping,video,/SL/shopping/51197.mp4
shopping,video,/SL/shopping/51198.mp4
shopping,video,/SL/shopping/51199.mp4
short,video,/SL/short/51220.mp4
short,video,/SL/short/51221.mp4
short,video,/SL/short/51223.mp4
short,video,/SL/short/51224.mp4
short,video,/SL/short/51225.mp4
short,video,/SL/short/51226.mp4
short,video,/SL/short/51227.mp4
short,video,/SL/short/51231.mp4
short,video,/SL/short/51232.mp4
short,video,/SL/short/51233.mp4
short,video,/SL/short/51235.mp4
short,video,/SL/short/51236.mp4
short,video,/SL/short/66469.mp4
should,video,/SL/should/51287.mp4
should,video,/SL/should/51288.mp4
should,video,/SL/should/51289.mp4
should,video,/SL/should/51290.mp4
should,video,/SL/should/51292.mp4
should,video,/SL/should/51295.mp4
shoulder,video,/SL/shoulder/51276.mp4
shoulder,video,/SL/shoulder/51278.mp4
shoulder,video,/SL/shoulder/51281.mp4
shoulder,video,/SL/shoulder/66472.mp4
shout,video,/SL/shout/51300.mp4
shout,video,/SL/shout/51303.mp4
shout,video,/SL/shout/51306.mp4
shovel,video,/SL/shovel/51313.mp4
shovel,video,/SL/shovel/51315.mp4
shovel,video,/SL/shovel/51317.mp4
show,video,/SL/show/51345.mp4
show,video,/SL/show/51346.mp4
show,video,/SL/show/51347.mp4
show,video,/SL/show/51348.mp4
show,video,/SL/show/51353.mp4
show,video,/SL/show/51355.mp4
show,video,/SL/show/51356.mp4
show,video,/SL/show/51360.mp4
show,video,/SL/show/66473.mp4
shower,video,/SL/shower/51329.mp4
shower,video,/SL/shower/51330.mp4
shower,video,/SL/shower/51331.mp4
shower,video,/SL/shower/51335.mp4
shower,video,/SL/shower/51340.mp4
shrimp,video,/SL/shrimp/51396.mp4
shrimp,video,/SL/shrimp/51397.mp4
shrimp,video,/SL/shrimp/51398.mp4
shrimp,video,/SL/shrimp/51400.mp4
shrimp,video,/SL/shrimp/51403.mp4
shrimp,video,/SL/shrimp/51404.mp4
shrimp,video,/SL/shrimp/51408.mp4
shy,video,/SL/shy/51475.mp4
shy,video,/SL/shy/51476.mp4
shy,video,/SL/shy/51477.mp4
shy,video,/SL/shy/51478.mp4
shy,video,/SL/shy/51479.mp4
shy,video,/SL/shy/51480.mp4
shy,video,/SL/shy/66474.mp4
sick,video,/SL/sick/51501.mp4
sick,video,/SL/sick/51502.mp4
sick,video,/SL/sick/51503.mp4
sick,video,/SL/sick/51504.mp4
sick,video,/SL/sick/51505.mp4
sick,video,/SL/sick/51506.mp4
sick,video,/SL/sick/51507.mp4
sick,video,/SL/sick/51517.mp4
sick,video,/SL/sick/66475.mp4
sick,video,/SL/sick/69470.mp4
side,video,/SL/side/51544.mp4
side,video,/SL/side/51545.mp4
side,video,/SL/side/51548.mp4
side,video,/SL/side/51552.mp4
side,video,/SL/side/66477.mp4
sign,video,/SL/sign/51614.mp4
sign,video,/SL/sign/51615.mp4
sign,video,/SL/sign/51616.mp4
sign,video,/SL/sign/51617.mp4
sign,video,/SL/sign/51621.mp4
sign,video,/SL/sign/51622.mp4
sign,video,/SL/sign/51628.mp4
sign,video,/SL/sign/51637.mp4
sign,video,/SL/sign/66478.mp4
sign language,video,/SL/sign language/51658.mp4
sign language,video,/SL/sign language/51660.mp4
sign language,video,/SL/sign language/51662.mp4
sign language,video,/SL/sign language/51664.mp4
sign language,video,/SL/sign language/51667.mp4
silent,video,/SL/silent/51686.mp4
silent,video,/SL/silent/51687.mp4
silent,video,/SL/silent/51688.mp4
silent,video,/SL/silent/51690.mp4
silent,video,/SL/silent/51696.mp4
silly,video,/SL/silly/51703.mp4
silly,video,/SL/silly/51704.mp4
silly,video,/SL/silly/51705.mp4
silly,video,/SL/silly/51706.mp4
silly,video,/SL/silly/51708.mp4
silly,video,/SL/silly/51709.mp4
silly,video,/SL/silly/51710.mp4
silly,video,/SL/silly/51712.mp4
silly,video,/SL/silly/51713.mp4
silly,video,/SL/silly/66481.mp4
silver,video,/SL/silver/51716.mp4
silver,video,/SL/silver/51717.mp4
silver,video,/SL/silver/51718.mp4
silver,video,/SL/silver/51719.mp4
silver,video,/SL/silver/51721.mp4
silver,video,/SL/silver/51726.mp4
similar,video,/SL/similar/51728.mp4
similar,video,/SL/similar/51729.mp4
similar,video,/SL/similar/51730.mp4
similar,video,/SL/similar/51731.mp4
similar,video,/SL/similar/51732.mp4
similar,video,/SL/similar/51733.mp4
similar,video,/SL/similar/51734.mp4
similar,video,/SL/similar/51738.mp4
simple,video,/SL/simple/51749.mp4
simple,video,/SL/simple/51750.mp4
simple,video,/SL/simple/51751.mp4
simple,video,/SL/simple/51753.mp4
simple,video,/SL/simple/51755.mp4
simple,video,/SL/simple/51757.mp4
sin,video,/SL/sin/51826.mp4
sin,video,/SL/sin/51827.mp4
sin,video,/SL/sin/51829.mp4
sin,video,/SL/sin/51831.mp4
since,video,/SL/since/51773.mp4
since,video,/SL/since/51774.mp4
since,video,/SL/since/51775.mp4
since,video,/SL/since/51778.mp4
since,video,/SL/since/51781.mp4
since,video,/SL/since/66482.mp4
since,video,/SL/since/66483.mp4
since,video,/SL/since/69472.mp4
sing,video,/SL/sing/51803.mp4
sing,video,/SL/sing/51804.mp4
sing,video,/SL/sing/51806.mp4
sing,video,/SL/sing/51807.mp4
sing,video,/SL/sing/51810.mp4
singer,video,/SL/singer/51796.mp4
singer,video,/SL/singer/51798.mp4
singer,video,/SL/singer/51800.mp4
singer,video,/SL/singer/51801.mp4
single,video,/SL/single/51814.mp4
single,video,/SL/single/51815.mp4
single,video,/SL/single/51817.mp4
single,video,/SL/single/51818.mp4
single,video,/SL/single/51824.mp4
single,video,/SL/single/66484.mp4
siren,video,/SL/siren/51871.mp4
siren,video,/SL/siren/51872.mp4
siren,video,/SL/siren/51873.mp4
siren,video,/SL/siren/51874.mp4
siren,video,/SL/siren/51876.mp4
siren,video,/SL/siren/66486.mp4
siren,video,/SL/siren/66487.mp4
sister,video,/SL/sister/51883.mp4
sister,video,/SL/sister/51884.mp4
sister,video,/SL/sister/51885.mp4
sister,video,/SL/sister/51886.mp4
sister,video,/SL/sister/51887.mp4
sister,video,/SL/sister/51888.mp4
sister,video,/SL/sister/51889.mp4
sister,video,/SL/sister/66488.mp4
sit,video,/SL/sit/51916.mp4
sit,video,/SL/sit/51917.mp4
sit,video,/SL/sit/51918.mp4
sit,video,/SL/sit/51919.mp4
sit,video,/SL/sit/51921.mp4
sit,video,/SL/sit/51927.mp4
situation,video,/SL/situation/51933.mp4
situation,video,/SL/situation/51934.mp4
situation,video,/SL/situation/51935.mp4
situation,video,/SL/situation/51937.mp4
situation,video,/SL/situation/51940.mp4
situation,video,/SL/situation/66489.mp4
six,video,/SL/six/51954.mp4
six,video,/SL/six/51955.mp4
six,video,/SL/six/51957.mp4
six,video,/SL/six/51960.mp4
six,video,/SL/six/66490.mp4
six,video,/SL/six/69474.mp4
sixteen,video,/SL/sixteen/51979.mp4
sixteen,video,/SL/sixteen/51981.mp4
sixteen,video,/SL/sixteen/51982.mp4
sixteen,video,/SL/sixteen/51984.mp4
sixteen,video,/SL/sixteen/51986.mp4
sixteen,video,/SL/sixteen/66494.mp4
size,video,/SL/size/52046.mp4
size,video,/SL/size/52047.mp4
size,video,/SL/size/52048.mp4
size,video,/SL/size/52049.mp4
size,video,/SL/size/52051.mp4
size,video,/SL/size/69475.mp4
skate,video,/SL/skate/52072.mp4
skate,video,/SL/skate/52073.mp4
skate,video,/SL/skate/52076.mp4
skate,video,/SL/skate/69476.mp4
skeleton,video,/SL/skeleton/52082.mp4
skeleton,video,/SL/skeleton/52083.mp4
skeleton,video,/SL/skeleton/52086.mp4
skeleton,video,/SL/skeleton/52087.mp4
skeleton,video,/SL/skeleton/52089.mp4
sketch,video,/SL/sketch/52103.mp4
sketch,video,/SL/sketch/52104.mp4
sketch,video,/SL/sketch/52105.mp4
sketch,video,/SL/sketch/52107.mp4
sketch,video,/SL/sketch/52108.mp4
sketch,video,/SL/sketch/52110.mp4
ski,video,/SL/ski/52122.mp4
ski,video,/SL/ski/52128.mp4
skill,video,/SL/skill/52143.mp4
skill,video,/SL/skill/52144.mp4
skill,video,/SL/skill/52147.mp4
skill,video,/SL/skill/66502.mp4
skin,video,/SL/skin/52158.mp4
skin,video,/SL/skin/52159.mp4
skin,video,/SL/skin/52160.mp4
skin,video,/SL/skin/52161.mp4
skin,video,/SL/skin/52163.mp4
skin,video,/SL/skin/52167.mp4
skinny,video,/SL/skinny/52169.mp4
skinny,video,/SL/skinny/52170.mp4
skinny,video,/SL/skinny/52171.mp4
skinny,video,/SL/skinny/52174.mp4
skinny,video,/SL/skinny/52175.mp4
skinny,video,/SL/skinny/52179.mp4
skip,video,/SL/skip/52181.mp4
skip,video,/SL/skip/52185.mp4
skip,video,/SL/skip/52188.mp4
skip,video,/SL/skip/66504.mp4
skirt,video,/SL/skirt/52198.mp4
skirt,video,/SL/skirt/52199.mp4
skirt,video,/SL/skirt/52200.mp4
skirt,video,/SL/skirt/52201.mp4
skirt,video,/SL/skirt/52203.mp4
skirt,video,/SL/skirt/52208.mp4
skunk,video,/SL/skunk/52214.mp4
skunk,video,/SL/skunk/52215.mp4
skunk,video,/SL/skunk/52216.mp4
skunk,video,/SL/skunk/52217.mp4
skunk,video,/SL/skunk/52221.mp4
sky,video,/SL/sky/52228.mp4
sky,video,/SL/sky/52229.mp4
sky,video,/SL/sky/52230.mp4
sky,video,/SL/sky/52231.mp4
sky,video,/SL/sky/52232.mp4
sky,video,/SL/sky/52233.mp4
sky,video,/SL/sky/52235.mp4
sky,video,/SL/sky/52238.mp4
sky,video,/SL/sky/69477.mp4
slave,video,/SL/slave/52288.mp4
slave,video,/SL/slave/52289.mp4
slave,video,/SL/slave/52290.mp4
slave,video,/SL/slave/52291.mp4
slave,video,/SL/slave/52293.mp4
slave,video,/SL/slave/52296.mp4
sleep,video,/SL/sleep/52316.mp4
sleep,video,/SL/sleep/52317.mp4
sleep,video,/SL/sleep/52318.mp4
sleep,video,/SL/sleep/52320.mp4
sleep,video,/SL/sleep/52324.mp4
sleep,video,/SL/sleep/69479.mp4
sleepy,video,/SL/sleepy/52344.mp4
sleepy,video,/SL/sleepy/52345.mp4
sleepy,video,/SL/sleepy/52348.mp4
sleepy,video,/SL/sleepy/52349.mp4
sleepy,video,/SL/sleepy/52354.mp4
slice,video,/SL/slice/52373.mp4
slice,video,/SL/slice/52378.mp4
slice,video,/SL/slice/52382.mp4
slice,video,/SL/slice/66505.mp4
slip,video,/SL/slip/52430.mp4
slip,video,/SL/slip/52434.mp4
slip,video,/SL/slip/52435.mp4
slip,video,/SL/slip/52441.mp4
slip,video,/SL/slip/52442.mp4
slip,video,/SL/slip/66507.mp4
slow,video,/SL/slow/52506.mp4
slow,video,/SL/slow/52507.mp4
slow,video,/SL/slow/52508.mp4
slow,video,/SL/slow/52509.mp4
slow,video,/SL/slow/52510.mp4
slow,video,/SL/slow/52512.mp4
slow,video,/SL/slow/52515.mp4
slow,video,/SL/slow/66508.mp4
small,video,/SL/small/52551.mp4
small,video,/SL/small/52552.mp4
small,video,/SL/small/52554.mp4
small,video,/SL/small/52555.mp4
small,video,/SL/small/52556.mp4
small,video,/SL/small/52557.mp4
small,video,/SL/small/52560.mp4
small,video,/SL/small/52566.mp4
smart,video,/SL/smart/52575.mp4
smart,video,/SL/smart/52576.mp4
smart,video,/SL/smart/52578.mp4
smart,video,/SL/smart/52579.mp4
smart,video,/SL/smart/52580.mp4
smart,video,/SL/smart/52581.mp4
smart,video,/SL/smart/52584.mp4
smart,video,/SL/smart/52589.mp4
smell,video,/SL/smell/52603.mp4
smell,video,/SL/smell/52604.mp4
smell,video,/SL/smell/52606.mp4
smell,video,/SL/smell/52609.mp4
smell,video,/SL/smell/66510.mp4
smile,video,/SL/smile/52615.mp4
smile,video,/SL/smile/52616.mp4
smile,video,/SL/smile/52617.mp4
smile,video,/SL/smile/52621.mp4
smile,video,/SL/smile/52623.mp4
smile,video,/SL/smile/66511.mp4
smile,video,/SL/smile/66512.mp4
smoking,video,/SL/smoking/52651.mp4
smoking,video,/SL/smoking/52656.mp4
smooth,video,/SL/smooth/52660.mp4
smooth,video,/SL/smooth/52662.mp4
smooth,video,/SL/smooth/52663.mp4
smooth,video,/SL/smooth/52665.mp4
smooth,video,/SL/smooth/52668.mp4
snack,video,/SL/snack/52686.mp4
snack,video,/SL/snack/52687.mp4
snack,video,/SL/snack/52688.mp4
snack,video,/SL/snack/52691.mp4
snack,video,/SL/snack/52694.mp4
snake,video,/SL/snake/52711.mp4
snake,video,/SL/snake/52712.mp4
snake,video,/SL/snake/52713.mp4
snake,video,/SL/snake/52714.mp4
snake,video,/SL/snake/52716.mp4
snake,video,/SL/snake/52720.mp4
snake,video,/SL/snake/66515.mp4
sneeze,video,/SL/sneeze/52764.mp4
sneeze,video,/SL/sneeze/52765.mp4
sneeze,video,/SL/sneeze/52767.mp4
sneeze,video,/SL/sneeze/52770.mp4
snob,video,/SL/snob/52796.mp4
snob,video,/SL/snob/52797.mp4
snob,video,/SL/snob/52798.mp4
snob,video,/SL/snob/52799.mp4
snob,video,/SL/snob/52800.mp4
snob,video,/SL/snob/52802.mp4
snow,video,/SL/snow/52857.mp4
snow,video,/SL/snow/52858.mp4
snow,video,/SL/snow/52859.mp4
snow,video,/SL/snow/52860.mp4
snow,video,/SL/snow/52862.mp4
snow,video,/SL/snow/52863.mp4
snow,video,/SL/snow/52867.mp4
snow,video,/SL/snow/66518.mp4
snow,video,/SL/snow/66519.mp4
snow,video,/SL/snow/69481.mp4
snowman,video,/SL/snowman/52871.mp4
snowman,video,/SL/snowman/52874.mp4
snowman,video,/SL/snowman/52877.mp4
snowman,video,/SL/snowman/66520.mp4
snowman,video,/SL/snowman/66521.mp4
soap,video,/SL/soap/52917.mp4
soap,video,/SL/soap/52918.mp4
soap,video,/SL/soap/52919.mp4
soap,video,/SL/soap/52920.mp4
soap,video,/SL/soap/52921.mp4
soap,video,/SL/soap/52926.mp4
soap,video,/SL/soap/66522.mp4
soccer,video,/SL/soccer/52940.mp4
soccer,video,/SL/soccer/52941.mp4
soccer,video,/SL/soccer/52943.mp4
soccer,video,/SL/soccer/52947.mp4
soccer,video,/SL/soccer/66523.mp4
society,video,/SL/society/52992.mp4
society,video,/SL/society/52993.mp4
society,video,/SL/society/52997.mp4
society,video,/SL/society/53000.mp4
society,video,/SL/society/66526.mp4
socks,video,/SL/socks/53013.mp4
socks,video,/SL/socks/53014.mp4
socks,video,/SL/socks/53015.mp4
socks,video,/SL/socks/53016.mp4
socks,video,/SL/socks/53022.mp4
socks,video,/SL/socks/66527.mp4
soda,video,/SL/soda/53024.mp4
soda,video,/SL/soda/53025.mp4
soda,video,/SL/soda/53026.mp4
soda,video,/SL/soda/53027.mp4
soda,video,/SL/soda/53028.mp4
soda,video,/SL/soda/53030.mp4
soda,video,/SL/soda/69482.mp4
sofa,video,/SL/sofa/53037.mp4
sofa,video,/SL/sofa/53038.mp4
sofa,video,/SL/sofa/53039.mp4
sofa,video,/SL/sofa/53040.mp4
sofa,video,/SL/sofa/53041.mp4
soft,video,/SL/soft/53064.mp4
soft,video,/SL/soft/53065.mp4
soft,video,/SL/soft/53066.mp4
soft,video,/SL/soft/53067.mp4
soft,video,/SL/soft/53068.mp4
soft,video,/SL/soft/53069.mp4
soft,video,/SL/soft/53070.mp4
soft,video,/SL/soft/53073.mp4
soft,video,/SL/soft/69483.mp4
soldier,video,/SL/soldier/53119.mp4
soldier,video,/SL/soldier/53120.mp4
soldier,video,/SL/soldier/53123.mp4
soldier,video,/SL/soldier/53126.mp4
solid,video,/SL/solid/53153.mp4
solid,video,/SL/solid/53154.mp4
solid,video,/SL/solid/53155.mp4
solid,video,/SL/solid/53157.mp4
solid,video,/SL/solid/53160.mp4
solid,video,/SL/solid/66528.mp4
solve,video,/SL/solve/53178.mp4
solve,video,/SL/solve/53179.mp4
solve,video,/SL/solve/53180.mp4
solve,video,/SL/solve/53182.mp4
some,video,/SL/some/53207.mp4
some,video,/SL/some/53208.mp4
some,video,/SL/some/53209.mp4
some,video,/SL/some/53210.mp4
some,video,/SL/some/53212.mp4
some,video,/SL/some/53216.mp4
some,video,/SL/some/69484.mp4
someday,video,/SL/someday/53196.mp4
someday,video,/SL/someday/53198.mp4
someday,video,/SL/someday/53199.mp4
someday,video,/SL/someday/53200.mp4
someday,video,/SL/someday/53203.mp4
someone,video,/SL/someone/53218.mp4
someone,video,/SL/someone/53220.mp4
someone,video,/SL/someone/53223.mp4
something,video,/SL/something/53230.mp4
something,video,/SL/something/53231.mp4
something,video,/SL/something/53233.mp4
something,video,/SL/something/53235.mp4
sometimes,video,/SL/sometimes/53240.mp4
sometimes,video,/SL/sometimes/53241.mp4
sometimes,video,/SL/sometimes/53242.mp4
sometimes,video,/SL/sometimes/53243.mp4
sometimes,video,/SL/sometimes/53247.mp4
somewhere,video,/SL/somewhere/53252.mp4
somewhere,video,/SL/somewhere/53253.mp4
somewhere,video,/SL/somewhere/53255.mp4
somewhere,video,/SL/somewhere/53257.mp4
son,video,/SL/son/53268.mp4
son,video,/SL/son/53269.mp4
son,video,/SL/son/53270.mp4
son,video,/SL/son/53271.mp4
son,video,/SL/son/53273.mp4
son,video,/SL/son/53274.mp4
son,video,/SL/son/53275.mp4
son,video,/SL/son/53279.mp4
son,video,/SL/son/66531.mp4
son,video,/SL/son/66532.mp4
song,video,/SL/song/53261.mp4
song,video,/SL/song/53262.mp4
song,video,/SL/song/53264.mp4
song,video,/SL/song/53265.mp4
song,video,/SL/song/53267.mp4
soon,video,/SL/soon/53292.mp4
soon,video,/SL/soon/53293.mp4
soon,video,/SL/soon/53294.mp4
soon,video,/SL/soon/53295.mp4
soon,video,/SL/soon/53296.mp4
soon,video,/SL/soon/53300.mp4
soon,video,/SL/soon/53301.mp4
soon,video,/SL/soon/53304.mp4
soon,video,/SL/soon/53305.mp4
soon,video,/SL/soon/66533.mp4
soon,video,/SL/soon/66534.mp4
sore throat,video,/SL/sore throat/53340.mp4
sore throat,video,/SL/sore throat/53341.mp4
sore throat,video,/SL/sore throat/53343.mp4
sore throat,video,/SL/sore throat/53344.mp4
sore throat,video,/SL/sore throat/53345.mp4
sore throat,video,/SL/sore throat/53347.mp4
sorry,video,/SL/sorry/53365.mp4
sorry,video,/SL/sorry/53366.mp4
sorry,video,/SL/sorry/53367.mp4
sorry,video,/SL/sorry/53370.mp4
sorry,video,/SL/sorry/53371.mp4
sorry,video,/SL/sorry/53375.mp4
sorry,video,/SL/sorry/66536.mp4
soul,video,/SL/soul/53401.mp4
soul,video,/SL/soul/53404.mp4
soul,video,/SL/soul/53405.mp4
soul,video,/SL/soul/53406.mp4
soul,video,/SL/soul/53409.mp4
sound,video,/SL/sound/53414.mp4
sound,video,/SL/sound/53415.mp4
sound,video,/SL/sound/53416.mp4
sound,video,/SL/sound/53417.mp4
sound,video,/SL/sound/53420.mp4
sound,video,/SL/sound/53423.mp4
sound,video,/SL/sound/66537.mp4
soup,video,/SL/soup/53428.mp4
soup,video,/SL/soup/53429.mp4
soup,video,/SL/soup/53431.mp4
soup,video,/SL/soup/53434.mp4
soup,video,/SL/soup/66538.mp4
soup,video,/SL/soup/69485.mp4
sour,video,/SL/sour/53443.mp4
sour,video,/SL/sour/53444.mp4
sour,video,/SL/sour/53445.mp4
sour,video,/SL/sour/53447.mp4
sour,video,/SL/sour/53448.mp4
sour,video,/SL/sour/53449.mp4
sour,video,/SL/sour/53452.mp4
south,video,/SL/south/53482.mp4
south,video,/SL/south/53483.mp4
south,video,/SL/south/53484.mp4
south,video,/SL/south/53485.mp4
south,video,/SL/south/53486.mp4
south,video,/SL/south/53488.mp4
south,video,/SL/south/53493.mp4
south america,video,/SL/south america/53457.mp4
south america,video,/SL/south america/53458.mp4
south america,video,/SL/south america/53459.mp4
south america,video,/SL/south america/53460.mp4
south america,video,/SL/south america/53463.mp4
south america,video,/SL/south america/53464.mp4
spain,video,/SL/spain/53544.mp4
spain,video,/SL/spain/53545.mp4
spain,video,/SL/spain/53546.mp4
spain,video,/SL/spain/53547.mp4
spain,video,/SL/spain/53548.mp4
spain,video,/SL/spain/53552.mp4
spanish,video,/SL/spanish/53564.mp4
spanish,video,/SL/spanish/53565.mp4
spanish,video,/SL/spanish/53566.mp4
spanish,video,/SL/spanish/53570.mp4
spanish,video,/SL/spanish/66541.mp4
speak,video,/SL/speak/53620.mp4
speak,video,/SL/speak/53621.mp4
speak,video,/SL/speak/53622.mp4
speak,video,/SL/speak/53623.mp4
speak,video,/SL/speak/53626.mp4
special,video,/SL/special/53642.mp4
special,video,/SL/special/53643.mp4
special,video,/SL/special/53644.mp4
special,video,/SL/special/53646.mp4
special,video,/SL/special/53648.mp4
special,video,/SL/special/66542.mp4
special,video,/SL/special/66543.mp4
special,video,/SL/special/69486.mp4
specific,video,/SL/specific/53667.mp4
specific,video,/SL/specific/53668.mp4
specific,video,/SL/specific/53670.mp4
specific,video,/SL/specific/53671.mp4
specific,video,/SL/specific/53672.mp4
specific,video,/SL/specific/53675.mp4
speech,video,/SL/speech/53696.mp4
speech,video,/SL/speech/53697.mp4
speech,video,/SL/speech/53698.mp4
speech,video,/SL/speech/53699.mp4
speech,video,/SL/speech/53700.mp4
speech,video,/SL/speech/53701.mp4
speech,video,/SL/speech/53706.mp4
speech,video,/SL/speech/53707.mp4
speech,video,/SL/speech/53709.mp4
speech,video,/SL/speech/53710.mp4
speed,video,/SL/speed/53736.mp4
speed,video,/SL/speed/53737.mp4
speed,video,/SL/speed/53738.mp4
speed,video,/SL/speed/53741.mp4
speed,video,/SL/speed/53744.mp4
spell,video,/SL/spell/53771.mp4
spell,video,/SL/spell/53772.mp4
spell,video,/SL/spell/53773.mp4
spell,video,/SL/spell/53775.mp4
spell,video,/SL/spell/53778.mp4
spell,video,/SL/spell/69487.mp4
spider,video,/SL/spider/53825.mp4
spider,video,/SL/spider/53826.mp4
spider,video,/SL/spider/53827.mp4
spider,video,/SL/spider/53829.mp4
spider,video,/SL/spider/53831.mp4
spider,video,/SL/spider/66546.mp4
spill,video,/SL/spill/53850.mp4
spill,video,/SL/spill/53851.mp4
spill,video,/SL/spill/53854.mp4
spill,video,/SL/spill/53855.mp4
spin,video,/SL/spin/53872.mp4
spin,video,/SL/spin/53873.mp4
spin,video,/SL/spin/53874.mp4
spin,video,/SL/spin/53875.mp4
spin,video,/SL/spin/53876.mp4
spin,video,/SL/spin/53878.mp4
spin,video,/SL/spin/53879.mp4
spin,video,/SL/spin/53881.mp4
spirit,video,/SL/spirit/53901.mp4
spirit,video,/SL/spirit/53902.mp4
spirit,video,/SL/spirit/53903.mp4
spirit,video,/SL/spirit/53906.mp4
spirit,video,/SL/spirit/53907.mp4
spirit,video,/SL/spirit/53908.mp4
spirit,video,/SL/spirit/53910.mp4
spit,video,/SL/spit/53921.mp4
spit,video,/SL/spit/53922.mp4
spit,video,/SL/spit/53924.mp4
spit,video,/SL/spit/53926.mp4
spoon,video,/SL/spoon/54004.mp4
spoon,video,/SL/spoon/54007.mp4
spoon,video,/SL/spoon/54008.mp4
spoon,video,/SL/spoon/54014.mp4
spray,video,/SL/spray/54074.mp4
spray,video,/SL/spray/54076.mp4
spray,video,/SL/spray/54077.mp4
spray,video,/SL/spray/54080.mp4
spray,video,/SL/spray/54081.mp4
spray,video,/SL/spray/54082.mp4
spray,video,/SL/spray/54083.mp4
spray,video,/SL/spray/54087.mp4
spread,video,/SL/spread/54090.mp4
spread,video,/SL/spread/54092.mp4
spread,video,/SL/spread/54093.mp4
spread,video,/SL/spread/54095.mp4
spring,video,/SL/spring/54116.mp4
spring,video,/SL/spring/54117.mp4
spring,video,/SL/spring/54118.mp4
spring,video,/SL/spring/54119.mp4
spring,video,/SL/spring/54121.mp4
spring,video,/SL/spring/54124.mp4
sprint,video,/SL/sprint/54138.mp4
sprint,video,/SL/sprint/54139.mp4
sprint,video,/SL/sprint/54140.mp4
sprint,video,/SL/sprint/54143.mp4
sprint,video,/SL/sprint/54144.mp4
sprint,video,/SL/sprint/54146.mp4
square,video,/SL/square/54170.mp4
square,video,/SL/square/54172.mp4
square,video,/SL/square/54173.mp4
square,video,/SL/square/54174.mp4
square,video,/SL/square/54176.mp4
square,video,/SL/square/54180.mp4
squeeze,video,/SL/squeeze/54189.mp4
squeeze,video,/SL/squeeze/54190.mp4
squeeze,video,/SL/squeeze/54191.mp4
squeeze,video,/SL/squeeze/54192.mp4
squeeze,video,/SL/squeeze/54195.mp4
squirrel,video,/SL/squirrel/54205.mp4
squirrel,video,/SL/squirrel/54206.mp4
squirrel,video,/SL/squirrel/54207.mp4
squirrel,video,/SL/squirrel/54208.mp4
squirrel,video,/SL/squirrel/54209.mp4
squirrel,video,/SL/squirrel/54213.mp4
squirrel,video,/SL/squirrel/66551.mp4
stadium,video,/SL/stadium/54248.mp4
stadium,video,/SL/stadium/54249.mp4
stadium,video,/SL/stadium/54250.mp4
stadium,video,/SL/stadium/54251.mp4
stadium,video,/SL/stadium/54252.mp4
stadium,video,/SL/stadium/54254.mp4
staff,video,/SL/staff/54256.mp4
staff,video,/SL/staff/54257.mp4
staff,video,/SL/staff/54258.mp4
staff,video,/SL/staff/54260.mp4
staff,video,/SL/staff/54264.mp4
stairs,video,/SL/stairs/54296.mp4
stairs,video,/SL/stairs/54297.mp4
stairs,video,/SL/stairs/54298.mp4
stairs,video,/SL/stairs/54300.mp4
stairs,video,/SL/stairs/54302.mp4
stairs,video,/SL/stairs/66552.mp4
stamp,video,/SL/stamp/54341.mp4
stamp,video,/SL/stamp/54343.mp4
stamp,video,/SL/stamp/54347.mp4
stamp,video,/SL/stamp/54348.mp4
stamp,video,/SL/stamp/54349.mp4
stand,video,/SL/stand/54377.mp4
stand,video,/SL/stand/54378.mp4
stand,video,/SL/stand/54381.mp4
stand,video,/SL/stand/54385.mp4
stand,video,/SL/stand/66553.mp4
standard,video,/SL/standard/54363.mp4
standard,video,/SL/standard/54364.mp4
standard,video,/SL/standard/54366.mp4
standard,video,/SL/standard/54368.mp4
standard,video,/SL/standard/54370.mp4
star,video,/SL/star/54437.mp4
star,video,/SL/star/54438.mp4
star,video,/SL/star/54439.mp4
star,video,/SL/star/54440.mp4
star,video,/SL/star/54443.mp4
star,video,/SL/star/54444.mp4
star,video,/SL/star/54447.mp4
stare,video,/SL/stare/54424.mp4
stare,video,/SL/stare/54425.mp4
stare,video,/SL/stare/54426.mp4
stare,video,/SL/stare/54427.mp4
stare,video,/SL/stare/54428.mp4
stare,video,/SL/stare/54431.mp4
stare,video,/SL/stare/54433.mp4
start,video,/SL/start/54457.mp4
start,video,/SL/start/54458.mp4
start,video,/SL/start/54461.mp4
start,video,/SL/start/54464.mp4
statistics,video,/SL/statistics/54530.mp4
statistics,video,/SL/statistics/54531.mp4
statistics,video,/SL/statistics/54533.mp4
statistics,video,/SL/statistics/54536.mp4
stay,video,/SL/stay/54554.mp4
stay,video,/SL/stay/54555.mp4
stay,video,/SL/stay/54556.mp4
stay,video,/SL/stay/54557.mp4
stay,video,/SL/stay/54558.mp4
stay,video,/SL/stay/54561.mp4
stay,video,/SL/stay/54562.mp4
stay,video,/SL/stay/54563.mp4
stay,video,/SL/stay/54567.mp4
steal,video,/SL/steal/54588.mp4
steal,video,/SL/steal/54589.mp4
steal,video,/SL/steal/54591.mp4
steal,video,/SL/steal/54592.mp4
steal,video,/SL/steal/54593.mp4
steal,video,/SL/steal/54597.mp4
steal,video,/SL/steal/54600.mp4
steel,video,/SL/steel/54609.mp4
steel,video,/SL/steel/54610.mp4
steel,video,/SL/steel/54612.mp4
steel,video,/SL/steel/54613.mp4
steel,video,/SL/steel/54614.mp4
steel,video,/SL/steel/54616.mp4
stepfather,video,/SL/stepfather/54667.mp4
stepfather,video,/SL/stepfather/54672.mp4
sticky,video,/SL/sticky/54762.mp4
sticky,video,/SL/sticky/54763.mp4
sticky,video,/SL/sticky/54764.mp4
sticky,video,/SL/sticky/54766.mp4
sticky,video,/SL/sticky/54768.mp4
still,video,/SL/still/54780.mp4
still,video,/SL/still/54781.mp4
still,video,/SL/still/54787.mp4
still,video,/SL/still/54791.mp4
still,video,/SL/still/66555.mp4
sting,video,/SL/sting/54805.mp4
sting,video,/SL/sting/54807.mp4
sting,video,/SL/sting/54810.mp4
stink,video,/SL/stink/54820.mp4
stink,video,/SL/stink/54821.mp4
stink,video,/SL/stink/54822.mp4
stink,video,/SL/stink/54823.mp4
stink,video,/SL/stink/54825.mp4
stink,video,/SL/stink/54828.mp4
stink,video,/SL/stink/66557.mp4
stink,video,/SL/stink/66558.mp4
stir,video,/SL/stir/54832.mp4
stir,video,/SL/stir/54833.mp4
stir,video,/SL/stir/54834.mp4
stir,video,/SL/stir/54837.mp4
stitch,video,/SL/stitch/54840.mp4
stitch,video,/SL/stitch/54841.mp4
stitch,video,/SL/stitch/54843.mp4
stitch,video,/SL/stitch/54845.mp4
stomach,video,/SL/stomach/54878.mp4
stomach,video,/SL/stomach/54879.mp4
stomach,video,/SL/stomach/54880.mp4
stomach,video,/SL/stomach/54882.mp4
stomach,video,/SL/stomach/54883.mp4
stomach,video,/SL/stomach/54886.mp4
stomach,video,/SL/stomach/66560.mp4
stop,video,/SL/stop/54922.mp4
stop,video,/SL/stop/54923.mp4
stop,video,/SL/stop/54925.mp4
stop,video,/SL/stop/54928.mp4
stop,video,/SL/stop/54932.mp4
store,video,/SL/store/54955.mp4
store,video,/SL/store/54956.mp4
store,video,/SL/store/54957.mp4
store,video,/SL/store/54962.mp4
store,video,/SL/store/54965.mp4
store,video,/SL/store/54966.mp4
store,video,/SL/store/69489.mp4
story,video,/SL/story/54995.mp4
story,video,/SL/story/54998.mp4
story,video,/SL/story/54999.mp4
story,video,/SL/story/55000.mp4
story,video,/SL/story/55003.mp4
story,video,/SL/story/66561.mp4
story,video,/SL/story/66562.mp4
straight,video,/SL/straight/55043.mp4
straight,video,/SL/straight/55044.mp4
straight,video,/SL/straight/55045.mp4
straight,video,/SL/straight/55048.mp4
straight,video,/SL/straight/55050.mp4
straight,video,/SL/straight/55055.mp4
straight,video,/SL/straight/55056.mp4
straight,video,/SL/straight/66563.mp4
strange,video,/SL/strange/55070.mp4
strange,video,/SL/strange/55071.mp4
strange,video,/SL/strange/55072.mp4
strange,video,/SL/strange/55074.mp4
strange,video,/SL/strange/55077.mp4
strange,video,/SL/strange/66564.mp4
strange,video,/SL/strange/69491.mp4
straw,video,/SL/straw/55117.mp4
straw,video,/SL/straw/55118.mp4
straw,video,/SL/straw/55119.mp4
straw,video,/SL/straw/55120.mp4
straw,video,/SL/straw/55122.mp4
straw,video,/SL/straw/55123.mp4
straw,video,/SL/straw/55126.mp4
strawberry,video,/SL/strawberry/55105.mp4
strawberry,video,/SL/strawberry/55106.mp4
strawberry,video,/SL/strawberry/55110.mp4
strawberry,video,/SL/strawberry/55111.mp4
strawberry,video,/SL/strawberry/55114.mp4
strawberry,video,/SL/strawberry/66567.mp4
strawberry,video,/SL/strawberry/66568.mp4
strawberry,video,/SL/strawberry/69492.mp4
street,video,/SL/street/55150.mp4
street,video,/SL/street/55151.mp4
street,video,/SL/street/55152.mp4
street,video,/SL/street/55154.mp4
street,video,/SL/street/55157.mp4
street,video,/SL/street/66569.mp4
stress,video,/SL/stress/55176.mp4
stress,video,/SL/stress/55177.mp4
stress,video,/SL/stress/55178.mp4
stress,video,/SL/stress/55179.mp4
stress,video,/SL/stress/55181.mp4
stress,video,/SL/stress/55182.mp4
stress,video,/SL/stress/55184.mp4
stress,video,/SL/stress/66570.mp4
stretch,video,/SL/stretch/55188.mp4
stretch,video,/SL/stretch/55189.mp4
stretch,video,/SL/stretch/55191.mp4
stretch,video,/SL/stretch/55195.mp4
strict,video,/SL/strict/55198.mp4
strict,video,/SL/strict/55199.mp4
strict,video,/SL/strict/55200.mp4
strict,video,/SL/strict/55202.mp4
strict,video,/SL/strict/55206.mp4
strict,video,/SL/strict/66571.mp4
strong,video,/SL/strong/55276.mp4
strong,video,/SL/strong/55277.mp4
strong,video,/SL/strong/55278.mp4
strong,video,/SL/strong/55279.mp4
strong,video,/SL/strong/55283.mp4
strong,video,/SL/strong/55286.mp4
strong,video,/SL/strong/66572.mp4
strong,video,/SL/strong/69493.mp4
structure,video,/SL/structure/55288.mp4
structure,video,/SL/structure/55289.mp4
structure,video,/SL/structure/55290.mp4
structure,video,/SL/structure/55291.mp4
structure,video,/SL/structure/55292.mp4
structure,video,/SL/structure/55294.mp4
structure,video,/SL/structure/55295.mp4
struggle,video,/SL/struggle/55299.mp4
struggle,video,/SL/struggle/55300.mp4
struggle,video,/SL/struggle/55301.mp4
struggle,video,/SL/struggle/55302.mp4
struggle,video,/SL/struggle/55304.mp4
struggle,video,/SL/struggle/55308.mp4
struggle,video,/SL/struggle/66573.mp4
stubborn,video,/SL/stubborn/55313.mp4
stubborn,video,/SL/stubborn/55314.mp4
stubborn,video,/SL/stubborn/55315.mp4
stubborn,video,/SL/stubborn/55316.mp4
stubborn,video,/SL/stubborn/55318.mp4
stubborn,video,/SL/stubborn/55321.mp4
stubborn,video,/SL/stubborn/66574.mp4
stuck,video,/SL/stuck/55323.mp4
stuck,video,/SL/stuck/55324.mp4
stuck,video,/SL/stuck/55326.mp4
stuck,video,/SL/stuck/55328.mp4
student,video,/SL/student/55337.mp4
student,video,/SL/student/55338.mp4
student,video,/SL/student/55339.mp4
student,video,/SL/student/55340.mp4
student,video,/SL/student/55341.mp4
student,video,/SL/student/55343.mp4
student,video,/SL/student/55348.mp4
student,video,/SL/student/69494.mp4
study,video,/SL/study/55361.mp4
study,video,/SL/study/55362.mp4
study,video,/SL/study/55363.mp4
study,video,/SL/study/55364.mp4
study,video,/SL/study/55365.mp4
study,video,/SL/study/55366.mp4
study,video,/SL/study/55368.mp4
study,video,/SL/study/55369.mp4
study,video,/SL/study/55375.mp4
study,video,/SL/study/66575.mp4
stupid,video,/SL/stupid/55419.mp4
stupid,video,/SL/stupid/55421.mp4
stupid,video,/SL/stupid/55423.mp4
stupid,video,/SL/stupid/55425.mp4
stupid,video,/SL/stupid/55431.mp4
subtract,video,/SL/subtract/55533.mp4
subtract,video,/SL/subtract/55534.mp4
subtract,video,/SL/subtract/55535.mp4
subtract,video,/SL/subtract/55536.mp4
subtract,video,/SL/subtract/55539.mp4
subtract,video,/SL/subtract/66577.mp4
subway,video,/SL/subway/55553.mp4
subway,video,/SL/subway/55554.mp4
subway,video,/SL/subway/55555.mp4
subway,video,/SL/subway/55557.mp4
subway,video,/SL/subway/55560.mp4
sue,video,/SL/sue/55627.mp4
sue,video,/SL/sue/55628.mp4
sue,video,/SL/sue/55630.mp4
sue,video,/SL/sue/55631.mp4
sue,video,/SL/sue/55632.mp4
suffer,video,/SL/suffer/55636.mp4
suffer,video,/SL/suffer/55637.mp4
suffer,video,/SL/suffer/55638.mp4
suffer,video,/SL/suffer/55640.mp4
suffer,video,/SL/suffer/55644.mp4
sugar,video,/SL/sugar/55658.mp4
sugar,video,/SL/sugar/55659.mp4
sugar,video,/SL/sugar/55660.mp4
sugar,video,/SL/sugar/55661.mp4
sugar,video,/SL/sugar/55662.mp4
sugar,video,/SL/sugar/55663.mp4
sugar,video,/SL/sugar/55664.mp4
sugar,video,/SL/sugar/55668.mp4
suggest,video,/SL/suggest/55670.mp4
suggest,video,/SL/suggest/55671.mp4
suggest,video,/SL/suggest/55672.mp4
suggest,video,/SL/suggest/55673.mp4
suggest,video,/SL/suggest/55674.mp4
suggest,video,/SL/suggest/55675.mp4
suggest,video,/SL/suggest/55678.mp4
summer,video,/SL/summer/55731.mp4
summer,video,/SL/summer/55732.mp4
summer,video,/SL/summer/55733.mp4
summer,video,/SL/summer/55735.mp4
summer,video,/SL/summer/55738.mp4
summer,video,/SL/summer/66579.mp4
summer,video,/SL/summer/69495.mp4
summon,video,/SL/summon/55746.mp4
summon,video,/SL/summon/55747.mp4
summon,video,/SL/summon/55750.mp4
summon,video,/SL/summon/55751.mp4
summon,video,/SL/summon/55755.mp4
sun,video,/SL/sun/55803.mp4
sun,video,/SL/sun/55804.mp4
sun,video,/SL/sun/55805.mp4
sun,video,/SL/sun/55806.mp4
sun,video,/SL/sun/55808.mp4
sun,video,/SL/sun/55814.mp4
sunday,video,/SL/sunday/55769.mp4
sunday,video,/SL/sunday/55770.mp4
sunday,video,/SL/sunday/55771.mp4
sunday,video,/SL/sunday/55772.mp4
sunday,video,/SL/sunday/55773.mp4
sunday,video,/SL/sunday/55776.mp4
sunday,video,/SL/sunday/55777.mp4
sunday,video,/SL/sunday/55782.mp4
sunrise,video,/SL/sunrise/55841.mp4
sunrise,video,/SL/sunrise/55842.mp4
sunrise,video,/SL/sunrise/55849.mp4
sunrise,video,/SL/sunrise/66580.mp4
sunset,video,/SL/sunset/55854.mp4
sunset,video,/SL/sunset/55855.mp4
sunset,video,/SL/sunset/55856.mp4
sunset,video,/SL/sunset/55857.mp4
sunset,video,/SL/sunset/55859.mp4
sunset,video,/SL/sunset/55860.mp4
sunset,video,/SL/sunset/55864.mp4
sunset,video,/SL/sunset/66581.mp4
sunshine,video,/SL/sunshine/55866.mp4
sunshine,video,/SL/sunshine/55867.mp4
sunshine,video,/SL/sunshine/55868.mp4
sunshine,video,/SL/sunshine/55869.mp4
sunshine,video,/SL/sunshine/55871.mp4
superman,video,/SL/superman/55910.mp4
superman,video,/SL/superman/55911.mp4
superman,video,/SL/superman/55913.mp4
superman,video,/SL/superman/55917.mp4
support,video,/SL/support/55976.mp4
support,video,/SL/support/55977.mp4
support,video,/SL/support/55978.mp4
support,video,/SL/support/55979.mp4
support,video,/SL/support/55981.mp4
support,video,/SL/support/55984.mp4
suppose,video,/SL/suppose/55996.mp4
suppose,video,/SL/suppose/55999.mp4
suppose,video,/SL/suppose/56003.mp4
suppose,video,/SL/suppose/69497.mp4
sure,video,/SL/sure/56029.mp4
sure,video,/SL/sure/56030.mp4
sure,video,/SL/sure/56031.mp4
sure,video,/SL/sure/56035.mp4
sure,video,/SL/sure/56038.mp4
surface,video,/SL/surface/56047.mp4
surface,video,/SL/surface/56048.mp4
surface,video,/SL/surface/56049.mp4
surface,video,/SL/surface/56051.mp4
surface,video,/SL/surface/56052.mp4
surface,video,/SL/surface/56054.mp4
surgeon,video,/SL/surgeon/56073.mp4
surgeon,video,/SL/surgeon/56076.mp4
surgeon,video,/SL/surgeon/56078.mp4
surgery,video,/SL/surgery/56081.mp4
surgery,video,/SL/surgery/56082.mp4
surgery,video,/SL/surgery/56083.mp4
surgery,video,/SL/surgery/56084.mp4
surgery,video,/SL/surgery/56085.mp4
surgery,video,/SL/surgery/56086.mp4
surgery,video,/SL/surgery/56089.mp4
surprise,video,/SL/surprise/56105.mp4
surprise,video,/SL/surprise/56106.mp4
surprise,video,/SL/surprise/56107.mp4
surprise,video,/SL/surprise/56108.mp4
surprise,video,/SL/surprise/56111.mp4
surprise,video,/SL/surprise/66583.mp4
surrender,video,/SL/surrender/56114.mp4
surrender,video,/SL/surrender/56115.mp4
surrender,video,/SL/surrender/56117.mp4
surrender,video,/SL/surrender/56119.mp4
suspect,video,/SL/suspect/56158.mp4
suspect,video,/SL/suspect/56159.mp4
suspect,video,/SL/suspect/56160.mp4
suspect,video,/SL/suspect/56161.mp4
suspect,video,/SL/suspect/56162.mp4
suspect,video,/SL/suspect/56163.mp4
suspect,video,/SL/suspect/56167.mp4
suspend,video,/SL/suspend/56175.mp4
suspend,video,/SL/suspend/56176.mp4
suspend,video,/SL/suspend/56177.mp4
suspend,video,/SL/suspend/56178.mp4
suspend,video,/SL/suspend/56180.mp4
swallow,video,/SL/swallow/56193.mp4
swallow,video,/SL/swallow/56194.mp4
swallow,video,/SL/swallow/56195.mp4
swallow,video,/SL/swallow/56196.mp4
swallow,video,/SL/swallow/56198.mp4
swallow,video,/SL/swallow/56199.mp4
swallow,video,/SL/swallow/56202.mp4
sweater,video,/SL/sweater/56247.mp4
sweater,video,/SL/sweater/56248.mp4
sweater,video,/SL/sweater/56249.mp4
sweater,video,/SL/sweater/56251.mp4
sweater,video,/SL/sweater/56254.mp4
sweater,video,/SL/sweater/66584.mp4
sweden,video,/SL/sweden/56271.mp4
sweden,video,/SL/sweden/56272.mp4
sweden,video,/SL/sweden/56273.mp4
sweden,video,/SL/sweden/56276.mp4
sweep,video,/SL/sweep/56281.mp4
sweep,video,/SL/sweep/56282.mp4
sweep,video,/SL/sweep/56284.mp4
sweep,video,/SL/sweep/56290.mp4
sweet,video,/SL/sweet/56306.mp4
sweet,video,/SL/sweet/56307.mp4
sweet,video,/SL/sweet/56308.mp4
sweet,video,/SL/sweet/56309.mp4
sweet,video,/SL/sweet/56312.mp4
sweet,video,/SL/sweet/56313.mp4
sweet,video,/SL/sweet/56314.mp4
sweet,video,/SL/sweet/56317.mp4
sweet,video,/SL/sweet/66585.mp4
sweet,video,/SL/sweet/69499.mp4
sweetheart,video,/SL/sweetheart/56295.mp4
sweetheart,video,/SL/sweetheart/56296.mp4
sweetheart,video,/SL/sweetheart/56297.mp4
sweetheart,video,/SL/sweetheart/56298.mp4
sweetheart,video,/SL/sweetheart/56300.mp4
sweetheart,video,/SL/sweetheart/56305.mp4
swim,video,/SL/swim/56341.mp4
swim,video,/SL/swim/56343.mp4
swim,video,/SL/swim/56344.mp4
swim,video,/SL/swim/56348.mp4
swimming,video,/SL/swimming/56354.mp4
swimming,video,/SL/swimming/56355.mp4
swimming,video,/SL/swimming/56356.mp4
swimming,video,/SL/swimming/56357.mp4
swimming,video,/SL/swimming/56359.mp4
swimming,video,/SL/swimming/56360.mp4
swimsuit,video,/SL/swimsuit/56367.mp4
swimsuit,video,/SL/swimsuit/56370.mp4
swimsuit,video,/SL/swimsuit/56371.mp4
swimsuit,video,/SL/swimsuit/56372.mp4
swimsuit,video,/SL/swimsuit/56373.mp4
swing,video,/SL/swing/56387.mp4
swing,video,/SL/swing/56388.mp4
swing,video,/SL/swing/56390.mp4
swing,video,/SL/swing/56394.mp4
switzerland,video,/SL/switzerland/56423.mp4
switzerland,video,/SL/switzerland/56424.mp4
switzerland,video,/SL/switzerland/56425.mp4
switzerland,video,/SL/switzerland/56426.mp4
switzerland,video,/SL/switzerland/56427.mp4
switzerland,video,/SL/switzerland/56429.mp4
symbol,video,/SL/symbol/56461.mp4
symbol,video,/SL/symbol/56462.mp4
symbol,video,/SL/symbol/56463.mp4
symbol,video,/SL/symbol/56464.mp4
symbol,video,/SL/symbol/56465.mp4
symbol,video,/SL/symbol/56466.mp4
symbol,video,/SL/symbol/56471.mp4
sympathy,video,/SL/sympathy/56481.mp4
sympathy,video,/SL/sympathy/56482.mp4
sympathy,video,/SL/sympathy/56483.mp4
sympathy,video,/SL/sympathy/56485.mp4
sympathy,video,/SL/sympathy/56488.mp4
t,video,/SL/t/58323.mp4
t,video,/SL/t/58324.mp4
t,video,/SL/t/58325.mp4
t,video,/SL/t/58327.mp4
t,video,/SL/t/66058.mp4
table,video,/SL/table/56556.mp4
table,video,/SL/table/56557.mp4
table,video,/SL/table/56558.mp4
table,video,/SL/table/56560.mp4
table,video,/SL/table/56563.mp4
table,video,/SL/table/56579.mp4
take,video,/SL/take/56692.mp4
take,video,/SL/take/56693.mp4
take,video,/SL/take/56694.mp4
take,video,/SL/take/56695.mp4
take,video,/SL/take/56696.mp4
take,video,/SL/take/56697.mp4
take,video,/SL/take/56698.mp4
take,video,/SL/take/56699.mp4
take,video,/SL/take/56700.mp4
take,video,/SL/take/56701.mp4
take,video,/SL/take/56702.mp4
take,video,/SL/take/56704.mp4
take,video,/SL/take/56705.mp4
take,video,/SL/take/69500.mp4
take turns,video,/SL/take turns/56762.mp4
take turns,video,/SL/take turns/56763.mp4
take turns,video,/SL/take turns/56764.mp4
take turns,video,/SL/take turns/56765.mp4
take turns,video,/SL/take turns/56766.mp4
take turns,video,/SL/take turns/56767.mp4
take turns,video,/SL/take turns/56768.mp4
take turns,video,/SL/take turns/56769.mp4
take up,video,/SL/take up/56771.mp4
take up,video,/SL/take up/56772.mp4
take up,video,/SL/take up/56773.mp4
take up,video,/SL/take up/56774.mp4
take up,video,/SL/take up/56775.mp4
tale,video,/SL/tale/56779.mp4
tale,video,/SL/tale/56780.mp4
tale,video,/SL/tale/56782.mp4
tale,video,/SL/tale/56783.mp4
tale,video,/SL/tale/56784.mp4
tale,video,/SL/tale/56787.mp4
talent,video,/SL/talent/56792.mp4
talent,video,/SL/talent/56793.mp4
talent,video,/SL/talent/56795.mp4
talent,video,/SL/talent/56798.mp4
talk,video,/SL/talk/56811.mp4
talk,video,/SL/talk/56813.mp4
talk,video,/SL/talk/56816.mp4
talk,video,/SL/talk/56819.mp4
talk,video,/SL/talk/56820.mp4
talk,video,/SL/talk/56821.mp4
talk,video,/SL/talk/56830.mp4
tall,video,/SL/tall/56837.mp4
tall,video,/SL/tall/56838.mp4
tall,video,/SL/tall/56839.mp4
tall,video,/SL/tall/56840.mp4
tall,video,/SL/tall/56841.mp4
tall,video,/SL/tall/56842.mp4
tall,video,/SL/tall/56843.mp4
tall,video,/SL/tall/56844.mp4
tall,video,/SL/tall/56846.mp4
tall,video,/SL/tall/56848.mp4
tall,video,/SL/tall/56852.mp4
tall,video,/SL/tall/66591.mp4
tall,video,/SL/tall/66592.mp4
tan,video,/SL/tan/56874.mp4
tan,video,/SL/tan/56875.mp4
tan,video,/SL/tan/56876.mp4
tan,video,/SL/tan/56878.mp4
tan,video,/SL/tan/56881.mp4
taste,video,/SL/taste/56970.mp4
taste,video,/SL/taste/56971.mp4
taste,video,/SL/taste/56972.mp4
taste,video,/SL/taste/56973.mp4
taste,video,/SL/taste/56975.mp4
taste,video,/SL/taste/56978.mp4
tea,video,/SL/tea/57076.mp4
tea,video,/SL/tea/57077.mp4
tea,video,/SL/tea/57078.mp4
tea,video,/SL/tea/57079.mp4
tea,video,/SL/tea/57080.mp4
tea,video,/SL/tea/57082.mp4
tea,video,/SL/tea/57087.mp4
teach,video,/SL/teach/57058.mp4
teach,video,/SL/teach/57059.mp4
teach,video,/SL/teach/57060.mp4
teach,video,/SL/teach/57061.mp4
teach,video,/SL/teach/57063.mp4
teach,video,/SL/teach/57064.mp4
teach,video,/SL/teach/57068.mp4
teacher,video,/SL/teacher/57039.mp4
teacher,video,/SL/teacher/57040.mp4
teacher,video,/SL/teacher/57041.mp4
teacher,video,/SL/teacher/57042.mp4
teacher,video,/SL/teacher/57044.mp4
teacher,video,/SL/teacher/57045.mp4
teacher,video,/SL/teacher/57051.mp4
teacher,video,/SL/teacher/66593.mp4
team,video,/SL/team/57090.mp4
team,video,/SL/team/57091.mp4
team,video,/SL/team/57092.mp4
team,video,/SL/team/57093.mp4
team,video,/SL/team/57096.mp4
team,video,/SL/team/57099.mp4
tease,video,/SL/tease/57132.mp4
tease,video,/SL/tease/57133.mp4
tease,video,/SL/tease/57134.mp4
tease,video,/SL/tease/57136.mp4
tease,video,/SL/tease/57137.mp4
tease,video,/SL/tease/57138.mp4
tease,video,/SL/tease/57139.mp4
tease,video,/SL/tease/57141.mp4
technology,video,/SL/technology/57168.mp4
technology,video,/SL/technology/57169.mp4
technology,video,/SL/technology/57170.mp4
technology,video,/SL/technology/57171.mp4
technology,video,/SL/technology/57172.mp4
technology,video,/SL/technology/57175.mp4
teeth,video,/SL/teeth/57205.mp4
teeth,video,/SL/teeth/57206.mp4
teeth,video,/SL/teeth/57208.mp4
teeth,video,/SL/teeth/57211.mp4
telephone,video,/SL/telephone/57236.mp4
telephone,video,/SL/telephone/57237.mp4
telephone,video,/SL/telephone/57238.mp4
telephone,video,/SL/telephone/57239.mp4
telephone,video,/SL/telephone/57241.mp4
telephone,video,/SL/telephone/57243.mp4
telescope,video,/SL/telescope/57251.mp4
telescope,video,/SL/telescope/57252.mp4
telescope,video,/SL/telescope/57253.mp4
telescope,video,/SL/telescope/57255.mp4
telescope,video,/SL/telescope/57257.mp4
television,video,/SL/television/57261.mp4
television,video,/SL/television/57262.mp4
television,video,/SL/television/57263.mp4
television,video,/SL/television/57265.mp4
television,video,/SL/television/57266.mp4
television,video,/SL/television/57271.mp4
tell,video,/SL/tell/57276.mp4
tell,video,/SL/tell/57277.mp4
tell,video,/SL/tell/57278.mp4
tell,video,/SL/tell/57282.mp4
tell,video,/SL/tell/57283.mp4
tell,video,/SL/tell/57284.mp4
tell,video,/SL/tell/57285.mp4
tell,video,/SL/tell/57286.mp4
tell,video,/SL/tell/57287.mp4
tell,video,/SL/tell/57291.mp4
temperature,video,/SL/temperature/57300.mp4
temperature,video,/SL/temperature/57301.mp4
temperature,video,/SL/temperature/57302.mp4
temperature,video,/SL/temperature/57303.mp4
temperature,video,/SL/temperature/57304.mp4
temperature,video,/SL/temperature/57306.mp4
temperature,video,/SL/temperature/57307.mp4
temperature,video,/SL/temperature/57313.mp4
temple,video,/SL/temple/57321.mp4
temple,video,/SL/temple/57322.mp4
temple,video,/SL/temple/57323.mp4
temple,video,/SL/temple/57324.mp4
temple,video,/SL/temple/57327.mp4
temple,video,/SL/temple/57329.mp4
tempt,video,/SL/tempt/57349.mp4
tempt,video,/SL/tempt/57351.mp4
tempt,video,/SL/tempt/57354.mp4
ten,video,/SL/ten/57391.mp4
ten,video,/SL/ten/57392.mp4
ten,video,/SL/ten/57393.mp4
ten,video,/SL/ten/57395.mp4
ten,video,/SL/ten/57397.mp4
tend,video,/SL/tend/57378.mp4
tend,video,/SL/tend/57380.mp4
tend,video,/SL/tend/57385.mp4
tender,video,/SL/tender/57368.mp4
tender,video,/SL/tender/57369.mp4
tender,video,/SL/tender/57371.mp4
tender,video,/SL/tender/57373.mp4
tender,video,/SL/tender/57374.mp4
tender,video,/SL/tender/57375.mp4
tennis,video,/SL/tennis/57410.mp4
tennis,video,/SL/tennis/57411.mp4
tennis,video,/SL/tennis/57412.mp4
tennis,video,/SL/tennis/57413.mp4
tennis,video,/SL/tennis/57415.mp4
tennis,video,/SL/tennis/57417.mp4
tent,video,/SL/tent/57436.mp4
tent,video,/SL/tent/57437.mp4
tent,video,/SL/tent/57438.mp4
tent,video,/SL/tent/57439.mp4
tent,video,/SL/tent/57441.mp4
tent,video,/SL/tent/57442.mp4
tent,video,/SL/tent/57447.mp4
tent,video,/SL/tent/69501.mp4
terrible,video,/SL/terrible/57483.mp4
terrible,video,/SL/terrible/57484.mp4
terrible,video,/SL/terrible/57486.mp4
terrible,video,/SL/terrible/57487.mp4
terrible,video,/SL/terrible/57489.mp4
terrible,video,/SL/terrible/57492.mp4
test,video,/SL/test/57527.mp4
test,video,/SL/test/57528.mp4
test,video,/SL/test/57529.mp4
test,video,/SL/test/57530.mp4
test,video,/SL/test/57531.mp4
test,video,/SL/test/57534.mp4
test,video,/SL/test/57535.mp4
test,video,/SL/test/57541.mp4
testify,video,/SL/testify/57543.mp4
testify,video,/SL/testify/57545.mp4
testify,video,/SL/testify/57546.mp4
testify,video,/SL/testify/57548.mp4
testify,video,/SL/testify/57552.mp4
texas,video,/SL/texas/57567.mp4
texas,video,/SL/texas/57568.mp4
texas,video,/SL/texas/57570.mp4
text,video,/SL/text/57579.mp4
text,video,/SL/text/57580.mp4
text,video,/SL/text/57582.mp4
text,video,/SL/text/57584.mp4
text,video,/SL/text/66595.mp4
text,video,/SL/text/66596.mp4
thailand,video,/SL/thailand/57596.mp4
thailand,video,/SL/thailand/57597.mp4
thailand,video,/SL/thailand/57598.mp4
thailand,video,/SL/thailand/57600.mp4
thailand,video,/SL/thailand/57601.mp4
thailand,video,/SL/thailand/57603.mp4
than,video,/SL/than/57605.mp4
than,video,/SL/than/57606.mp4
than,video,/SL/than/57610.mp4
than,video,/SL/than/66597.mp4
thank you,video,/SL/thank you/57655.mp4
thank you,video,/SL/thank you/57656.mp4
thank you,video,/SL/thank you/57657.mp4
thank you,video,/SL/thank you/57659.mp4
thank you,video,/SL/thank you/57667.mp4
thank you,video,/SL/thank you/66598.mp4
thank you,video,/SL/thank you/69502.mp4
thankful,video,/SL/thankful/57612.mp4
thankful,video,/SL/thankful/57613.mp4
thankful,video,/SL/thankful/57617.mp4
thankful,video,/SL/thankful/57618.mp4
thankful,video,/SL/thankful/57619.mp4
thanksgiving,video,/SL/thanksgiving/57628.mp4
thanksgiving,video,/SL/thanksgiving/57629.mp4
thanksgiving,video,/SL/thanksgiving/57630.mp4
thanksgiving,video,/SL/thanksgiving/57631.mp4
thanksgiving,video,/SL/thanksgiving/57632.mp4
thanksgiving,video,/SL/thanksgiving/57633.mp4
thanksgiving,video,/SL/thanksgiving/57634.mp4
thanksgiving,video,/SL/thanksgiving/57635.mp4
thanksgiving,video,/SL/thanksgiving/57638.mp4
thanksgiving,video,/SL/thanksgiving/57639.mp4
thanksgiving,video,/SL/thanksgiving/57640.mp4
thanksgiving,video,/SL/thanksgiving/57641.mp4
thanksgiving,video,/SL/thanksgiving/57647.mp4
that,video,/SL/that/57670.mp4
that,video,/SL/that/57671.mp4
that,video,/SL/that/57677.mp4
that,video,/SL/that/66599.mp4
theater,video,/SL/theater/57706.mp4
theater,video,/SL/theater/57707.mp4
theater,video,/SL/theater/57709.mp4
theater,video,/SL/theater/57712.mp4
their,video,/SL/their/57725.mp4
their,video,/SL/their/57726.mp4
their,video,/SL/their/57728.mp4
their,video,/SL/their/57729.mp4
their,video,/SL/their/57730.mp4
them,video,/SL/them/57751.mp4
them,video,/SL/them/57752.mp4
them,video,/SL/them/57754.mp4
them,video,/SL/them/57756.mp4
them,video,/SL/them/69503.mp4
theme,video,/SL/theme/57744.mp4
theme,video,/SL/theme/57745.mp4
theme,video,/SL/theme/57746.mp4
theme,video,/SL/theme/57748.mp4
theme,video,/SL/theme/57750.mp4
themselves,video,/SL/themselves/57758.mp4
themselves,video,/SL/themselves/57759.mp4
themselves,video,/SL/themselves/57762.mp4
themselves,video,/SL/themselves/57763.mp4
themselves,video,/SL/themselves/57764.mp4
themselves,video,/SL/themselves/57765.mp4
themselves,video,/SL/themselves/57768.mp4
then,video,/SL/then/57771.mp4
then,video,/SL/then/57772.mp4
then,video,/SL/then/57774.mp4
then,video,/SL/then/57777.mp4
then,video,/SL/then/66602.mp4
theory,video,/SL/theory/57782.mp4
theory,video,/SL/theory/57783.mp4
theory,video,/SL/theory/57784.mp4
theory,video,/SL/theory/57785.mp4
theory,video,/SL/theory/57788.mp4
theory,video,/SL/theory/57789.mp4
theory,video,/SL/theory/57791.mp4
theory,video,/SL/theory/57794.mp4
theory,video,/SL/theory/66603.mp4
theory,video,/SL/theory/66604.mp4
therapy,video,/SL/therapy/57802.mp4
therapy,video,/SL/therapy/57803.mp4
therapy,video,/SL/therapy/57804.mp4
therapy,video,/SL/therapy/57806.mp4
therapy,video,/SL/therapy/57807.mp4
therapy,video,/SL/therapy/66605.mp4
there,video,/SL/there/57825.mp4
there,video,/SL/there/57826.mp4
there,video,/SL/there/57827.mp4
there,video,/SL/there/57828.mp4
there,video,/SL/there/57829.mp4
there,video,/SL/there/57832.mp4
therefore,video,/SL/therefore/57819.mp4
therefore,video,/SL/therefore/57820.mp4
therefore,video,/SL/therefore/57822.mp4
thermometer,video,/SL/thermometer/57840.mp4
thermometer,video,/SL/thermometer/57842.mp4
thermometer,video,/SL/thermometer/57843.mp4
thermometer,video,/SL/thermometer/57849.mp4
thermometer,video,/SL/thermometer/57850.mp4
they,video,/SL/they/57874.mp4
they,video,/SL/they/57875.mp4
they,video,/SL/they/57876.mp4
they,video,/SL/they/57880.mp4
they,video,/SL/they/57883.mp4
thick,video,/SL/thick/57890.mp4
thick,video,/SL/thick/57892.mp4
thick,video,/SL/thick/57893.mp4
thick,video,/SL/thick/57896.mp4
thick,video,/SL/thick/57901.mp4
thin,video,/SL/thin/57933.mp4
thin,video,/SL/thin/57934.mp4
thin,video,/SL/thin/57935.mp4
thin,video,/SL/thin/57936.mp4
thin,video,/SL/thin/57937.mp4
thin,video,/SL/thin/57939.mp4
thin,video,/SL/thin/57940.mp4
thin,video,/SL/thin/57941.mp4
thin,video,/SL/thin/57942.mp4
thin,video,/SL/thin/57943.mp4
thin,video,/SL/thin/57947.mp4
thin,video,/SL/thin/57948.mp4
thin,video,/SL/thin/57949.mp4
thin,video,/SL/thin/57953.mp4
thin,video,/SL/thin/66606.mp4
thin,video,/SL/thin/66607.mp4
thing,video,/SL/thing/57922.mp4
thing,video,/SL/thing/57923.mp4
thing,video,/SL/thing/57925.mp4
thing,video,/SL/thing/57928.mp4
thing,video,/SL/thing/66608.mp4
thing,video,/SL/thing/69504.mp4
think,video,/SL/think/57973.mp4
think,video,/SL/think/57974.mp4
think,video,/SL/think/57975.mp4
think,video,/SL/think/57977.mp4
think,video,/SL/think/57982.mp4
think,video,/SL/think/66609.mp4
think,video,/SL/think/69505.mp4
third,video,/SL/third/58006.mp4
third,video,/SL/third/58008.mp4
third,video,/SL/third/58009.mp4
third,video,/SL/third/58013.mp4
third,video,/SL/third/58014.mp4
third,video,/SL/third/58016.mp4
third,video,/SL/third/66614.mp4
thirsty,video,/SL/thirsty/58024.mp4
thirsty,video,/SL/thirsty/58025.mp4
thirsty,video,/SL/thirsty/58026.mp4
thirsty,video,/SL/thirsty/58027.mp4
thirsty,video,/SL/thirsty/58029.mp4
thirsty,video,/SL/thirsty/58031.mp4
thirsty,video,/SL/thirsty/66615.mp4
thirsty,video,/SL/thirsty/69506.mp4
this,video,/SL/this/58072.mp4
this,video,/SL/this/58077.mp4
this,video,/SL/this/66628.mp4
this,video,/SL/this/69507.mp4
thousand,video,/SL/thousand/58132.mp4
thousand,video,/SL/thousand/58133.mp4
thousand,video,/SL/thousand/58136.mp4
thousand,video,/SL/thousand/58137.mp4
thousand,video,/SL/thousand/58139.mp4
thousand,video,/SL/thousand/66629.mp4
three,video,/SL/three/58182.mp4
three,video,/SL/three/58183.mp4
three,video,/SL/three/58185.mp4
three,video,/SL/three/58186.mp4
three,video,/SL/three/58188.mp4
three,video,/SL/three/66630.mp4
three,video,/SL/three/69508.mp4
thrill,video,/SL/thrill/58243.mp4
thrill,video,/SL/thrill/58244.mp4
thrill,video,/SL/thrill/58245.mp4
thrill,video,/SL/thrill/58247.mp4
thrill,video,/SL/thrill/66634.mp4
throat,video,/SL/throat/58252.mp4
throat,video,/SL/throat/58253.mp4
throat,video,/SL/throat/58254.mp4
throat,video,/SL/throat/58256.mp4
throat,video,/SL/throat/58258.mp4
through,video,/SL/through/58274.mp4
through,video,/SL/through/58275.mp4
through,video,/SL/through/58276.mp4
through,video,/SL/through/58278.mp4
through,video,/SL/through/58281.mp4
throw,video,/SL/throw/58293.mp4
throw,video,/SL/throw/58294.mp4
throw,video,/SL/throw/58295.mp4
throw,video,/SL/throw/58296.mp4
throw,video,/SL/throw/58300.mp4
throw,video,/SL/throw/58303.mp4
throw,video,/SL/throw/66636.mp4
thursday,video,/SL/thursday/58360.mp4
thursday,video,/SL/thursday/58361.mp4
thursday,video,/SL/thursday/58362.mp4
thursday,video,/SL/thursday/58363.mp4
thursday,video,/SL/thursday/58365.mp4
thursday,video,/SL/thursday/58366.mp4
thursday,video,/SL/thursday/58370.mp4
thursday,video,/SL/thursday/66637.mp4
thursday,video,/SL/thursday/66638.mp4
thursday,video,/SL/thursday/66639.mp4
thursday,video,/SL/thursday/66640.mp4
ticket,video,/SL/ticket/58387.mp4
ticket,video,/SL/ticket/58388.mp4
ticket,video,/SL/ticket/58389.mp4
ticket,video,/SL/ticket/58390.mp4
ticket,video,/SL/ticket/58391.mp4
ticket,video,/SL/ticket/58392.mp4
ticket,video,/SL/ticket/58393.mp4
ticket,video,/SL/ticket/58397.mp4
tie,video,/SL/tie/58427.mp4
tie,video,/SL/tie/58428.mp4
tie,video,/SL/tie/58430.mp4
tie,video,/SL/tie/58432.mp4
tie,video,/SL/tie/58434.mp4
tie,video,/SL/tie/58435.mp4
tie,video,/SL/tie/58439.mp4
tie,video,/SL/tie/66642.mp4
tiger,video,/SL/tiger/58444.mp4
tiger,video,/SL/tiger/58445.mp4
tiger,video,/SL/tiger/58446.mp4
tiger,video,/SL/tiger/58447.mp4
tiger,video,/SL/tiger/58448.mp4
tiger,video,/SL/tiger/58449.mp4
tiger,video,/SL/tiger/58450.mp4
tiger,video,/SL/tiger/58452.mp4
tiger,video,/SL/tiger/66643.mp4
tiger,video,/SL/tiger/69510.mp4
time,video,/SL/time/58497.mp4
time,video,/SL/time/58498.mp4
time,video,/SL/time/58499.mp4
time,video,/SL/time/58502.mp4
time,video,/SL/time/58503.mp4
time,video,/SL/time/58508.mp4
time,video,/SL/time/66644.mp4
time,video,/SL/time/69511.mp4
tiptoe,video,/SL/tiptoe/58575.mp4
tiptoe,video,/SL/tiptoe/58579.mp4
tiptoe,video,/SL/tiptoe/58580.mp4
tiptoe,video,/SL/tiptoe/58582.mp4
tired,video,/SL/tired/58589.mp4
tired,video,/SL/tired/58590.mp4
tired,video,/SL/tired/58591.mp4
tired,video,/SL/tired/58592.mp4
tired,video,/SL/tired/58593.mp4
tired,video,/SL/tired/58594.mp4
tired,video,/SL/tired/58600.mp4
tissue,video,/SL/tissue/58611.mp4
tissue,video,/SL/tissue/58612.mp4
tissue,video,/SL/tissue/58613.mp4
tissue,video,/SL/tissue/58614.mp4
tissue,video,/SL/tissue/58616.mp4
tissue,video,/SL/tissue/66649.mp4
title,video,/SL/title/58620.mp4
title,video,/SL/title/58621.mp4
title,video,/SL/title/58623.mp4
title,video,/SL/title/58626.mp4
title,video,/SL/title/66650.mp4
to,video,/SL/to/58721.mp4
to,video,/SL/to/58722.mp4
to,video,/SL/to/58723.mp4
to,video,/SL/to/58724.mp4
to,video,/SL/to/58725.mp4
to,video,/SL/to/58726.mp4
to,video,/SL/to/58727.mp4
to,video,/SL/to/58730.mp4
toast,video,/SL/toast/58649.mp4
toast,video,/SL/toast/58651.mp4
toast,video,/SL/toast/58652.mp4
toast,video,/SL/toast/58653.mp4
toast,video,/SL/toast/58654.mp4
toast,video,/SL/toast/58655.mp4
toast,video,/SL/toast/58657.mp4
toast,video,/SL/toast/58658.mp4
toast,video,/SL/toast/58661.mp4
toast,video,/SL/toast/66652.mp4
tobacco,video,/SL/tobacco/58664.mp4
tobacco,video,/SL/tobacco/58665.mp4
tobacco,video,/SL/tobacco/58667.mp4
tobacco,video,/SL/tobacco/58669.mp4
today,video,/SL/today/58677.mp4
today,video,/SL/today/58678.mp4
today,video,/SL/today/58679.mp4
today,video,/SL/today/58681.mp4
today,video,/SL/today/58682.mp4
today,video,/SL/today/58683.mp4
today,video,/SL/today/58684.mp4
today,video,/SL/today/58687.mp4
today,video,/SL/today/69512.mp4
together,video,/SL/together/58706.mp4
together,video,/SL/together/58707.mp4
together,video,/SL/together/58708.mp4
together,video,/SL/together/58709.mp4
together,video,/SL/together/58710.mp4
together,video,/SL/together/58714.mp4
together,video,/SL/together/66653.mp4
toilet,video,/SL/toilet/58732.mp4
toilet,video,/SL/toilet/58733.mp4
toilet,video,/SL/toilet/58734.mp4
toilet,video,/SL/toilet/58735.mp4
toilet,video,/SL/toilet/58736.mp4
toilet,video,/SL/toilet/58742.mp4
toilet paper,video,/SL/toilet paper/58745.mp4
toilet paper,video,/SL/toilet paper/58746.mp4
toilet paper,video,/SL/toilet paper/58747.mp4
toilet paper,video,/SL/toilet paper/58748.mp4
toilet paper,video,/SL/toilet paper/58750.mp4
tolerate,video,/SL/tolerate/58769.mp4
tolerate,video,/SL/tolerate/58770.mp4
tolerate,video,/SL/tolerate/58771.mp4
tolerate,video,/SL/tolerate/58772.mp4
tolerate,video,/SL/tolerate/58774.mp4
tomato,video,/SL/tomato/58784.mp4
tomato,video,/SL/tomato/58785.mp4
tomato,video,/SL/tomato/58786.mp4
tomato,video,/SL/tomato/58787.mp4
tomato,video,/SL/tomato/58788.mp4
tomato,video,/SL/tomato/58791.mp4
tomato,video,/SL/tomato/58795.mp4
tomato,video,/SL/tomato/66654.mp4
tomorrow,video,/SL/tomorrow/58805.mp4
tomorrow,video,/SL/tomorrow/58806.mp4
tomorrow,video,/SL/tomorrow/58807.mp4
tomorrow,video,/SL/tomorrow/58808.mp4
tomorrow,video,/SL/tomorrow/58810.mp4
tomorrow,video,/SL/tomorrow/58814.mp4
tomorrow,video,/SL/tomorrow/66655.mp4
tongue,video,/SL/tongue/58822.mp4
tongue,video,/SL/tongue/58824.mp4
tongue,video,/SL/tongue/58826.mp4
tongue,video,/SL/tongue/58829.mp4
tongue,video,/SL/tongue/66656.mp4
tonight,video,/SL/tonight/58834.mp4
tonight,video,/SL/tonight/58835.mp4
tonight,video,/SL/tonight/58836.mp4
tonight,video,/SL/tonight/58838.mp4
tonight,video,/SL/tonight/58840.mp4
tooth,video,/SL/tooth/58908.mp4
tooth,video,/SL/tooth/58909.mp4
tooth,video,/SL/tooth/58910.mp4
tooth,video,/SL/tooth/58911.mp4
tooth,video,/SL/tooth/58913.mp4
tooth,video,/SL/tooth/58915.mp4
toothbrush,video,/SL/toothbrush/58895.mp4
toothbrush,video,/SL/toothbrush/58897.mp4
toothbrush,video,/SL/toothbrush/58899.mp4
toothbrush,video,/SL/toothbrush/58902.mp4
toothbrush,video,/SL/toothbrush/66657.mp4
top,video,/SL/top/58935.mp4
top,video,/SL/top/58936.mp4
top,video,/SL/top/58937.mp4
top,video,/SL/top/58940.mp4
top,video,/SL/top/58944.mp4
top,video,/SL/top/66658.mp4
topic,video,/SL/topic/58946.mp4
topic,video,/SL/topic/58947.mp4
topic,video,/SL/topic/58948.mp4
topic,video,/SL/topic/58949.mp4
topic,video,/SL/topic/58951.mp4
topic,video,/SL/topic/58953.mp4
topic,video,/SL/topic/66659.mp4
tornado,video,/SL/tornado/58972.mp4
tornado,video,/SL/tornado/58977.mp4
tornado,video,/SL/tornado/58979.mp4
tornado,video,/SL/tornado/58980.mp4
tornado,video,/SL/tornado/58983.mp4
torture,video,/SL/torture/59001.mp4
torture,video,/SL/torture/59002.mp4
torture,video,/SL/torture/59003.mp4
torture,video,/SL/torture/59005.mp4
total,video,/SL/total/59032.mp4
total,video,/SL/total/59033.mp4
total,video,/SL/total/59034.mp4
total,video,/SL/total/59037.mp4
total,video,/SL/total/59039.mp4
touch,video,/SL/touch/59051.mp4
touch,video,/SL/touch/59052.mp4
touch,video,/SL/touch/59053.mp4
touch,video,/SL/touch/59055.mp4
touch,video,/SL/touch/59058.mp4
tough,video,/SL/tough/59071.mp4
tough,video,/SL/tough/59072.mp4
tough,video,/SL/tough/59073.mp4
tough,video,/SL/tough/59079.mp4
tough,video,/SL/tough/59080.mp4
tough,video,/SL/tough/59082.mp4
tournament,video,/SL/tournament/59103.mp4
tournament,video,/SL/tournament/59104.mp4
tournament,video,/SL/tournament/59105.mp4
tournament,video,/SL/tournament/59106.mp4
tournament,video,/SL/tournament/59107.mp4
tournament,video,/SL/tournament/59108.mp4
tournament,video,/SL/tournament/59110.mp4
towel,video,/SL/towel/59122.mp4
towel,video,/SL/towel/59123.mp4
towel,video,/SL/towel/59124.mp4
towel,video,/SL/towel/59127.mp4
towel,video,/SL/towel/59129.mp4
tower,video,/SL/tower/59133.mp4
tower,video,/SL/tower/59135.mp4
tower,video,/SL/tower/59139.mp4
town,video,/SL/town/59146.mp4
town,video,/SL/town/59147.mp4
town,video,/SL/town/59148.mp4
town,video,/SL/town/59149.mp4
town,video,/SL/town/59150.mp4
town,video,/SL/town/59151.mp4
town,video,/SL/town/59153.mp4
town,video,/SL/town/59155.mp4
town,video,/SL/town/66661.mp4
trade,video,/SL/trade/59204.mp4
trade,video,/SL/trade/59205.mp4
trade,video,/SL/trade/59206.mp4
trade,video,/SL/trade/59207.mp4
trade,video,/SL/trade/59208.mp4
trade,video,/SL/trade/59209.mp4
trade,video,/SL/trade/59210.mp4
trade,video,/SL/trade/59211.mp4
trade,video,/SL/trade/59212.mp4
trade,video,/SL/trade/59214.mp4
trade,video,/SL/trade/59215.mp4
trade,video,/SL/trade/59216.mp4
trade,video,/SL/trade/59219.mp4
tradition,video,/SL/tradition/59228.mp4
tradition,video,/SL/tradition/59229.mp4
tradition,video,/SL/tradition/59233.mp4
tradition,video,/SL/tradition/59237.mp4
tradition,video,/SL/tradition/66663.mp4
traffic,video,/SL/traffic/59246.mp4
traffic,video,/SL/traffic/59248.mp4
traffic,video,/SL/traffic/59249.mp4
traffic,video,/SL/traffic/59251.mp4
traffic,video,/SL/traffic/59252.mp4
traffic,video,/SL/traffic/66664.mp4
train,video,/SL/train/59307.mp4
train,video,/SL/train/59308.mp4
train,video,/SL/train/59309.mp4
train,video,/SL/train/59310.mp4
train,video,/SL/train/59314.mp4
train,video,/SL/train/59316.mp4
train,video,/SL/train/59319.mp4
train,video,/SL/train/59320.mp4
train,video,/SL/train/66665.mp4
tranquil,video,/SL/tranquil/59349.mp4
tranquil,video,/SL/tranquil/59350.mp4
tranquil,video,/SL/tranquil/59352.mp4
tranquil,video,/SL/tranquil/59353.mp4
tranquil,video,/SL/tranquil/59354.mp4
transfer,video,/SL/transfer/59367.mp4
transfer,video,/SL/transfer/59368.mp4
transfer,video,/SL/transfer/59369.mp4
transfer,video,/SL/transfer/59370.mp4
transfer,video,/SL/transfer/59371.mp4
transfer,video,/SL/transfer/59373.mp4
transfer,video,/SL/transfer/59378.mp4
transfer,video,/SL/transfer/66667.mp4
transform,video,/SL/transform/59383.mp4
transform,video,/SL/transform/59384.mp4
transform,video,/SL/transform/59386.mp4
transform,video,/SL/transform/59389.mp4
translate,video,/SL/translate/59405.mp4
translate,video,/SL/translate/59406.mp4
translate,video,/SL/translate/59407.mp4
translate,video,/SL/translate/59409.mp4
translate,video,/SL/translate/59411.mp4
translate,video,/SL/translate/66669.mp4
translate,video,/SL/translate/66670.mp4
travel,video,/SL/travel/59495.mp4
travel,video,/SL/travel/59496.mp4
travel,video,/SL/travel/59497.mp4
travel,video,/SL/travel/59499.mp4
travel,video,/SL/travel/59500.mp4
travel,video,/SL/travel/59502.mp4
travel,video,/SL/travel/59503.mp4
travel,video,/SL/travel/59506.mp4
travel,video,/SL/travel/66672.mp4
tree,video,/SL/tree/59546.mp4
tree,video,/SL/tree/59547.mp4
tree,video,/SL/tree/59548.mp4
tree,video,/SL/tree/59551.mp4
tree,video,/SL/tree/59555.mp4
tree,video,/SL/tree/66673.mp4
triangle,video,/SL/triangle/59596.mp4
triangle,video,/SL/triangle/59597.mp4
triangle,video,/SL/triangle/59598.mp4
triangle,video,/SL/triangle/59602.mp4
triangle,video,/SL/triangle/59603.mp4
triangle,video,/SL/triangle/59609.mp4
trip,video,/SL/trip/59666.mp4
trip,video,/SL/trip/59669.mp4
trip,video,/SL/trip/59670.mp4
trip,video,/SL/trip/59672.mp4
trip,video,/SL/trip/59673.mp4
trophy,video,/SL/trophy/59723.mp4
trophy,video,/SL/trophy/59724.mp4
trophy,video,/SL/trophy/59725.mp4
trophy,video,/SL/trophy/59727.mp4
trophy,video,/SL/trophy/59729.mp4
trouble,video,/SL/trouble/59735.mp4
trouble,video,/SL/trouble/59736.mp4
trouble,video,/SL/trouble/59741.mp4
trouble,video,/SL/trouble/59744.mp4
trouble,video,/SL/trouble/66676.mp4
truck,video,/SL/truck/59764.mp4
truck,video,/SL/truck/59765.mp4
truck,video,/SL/truck/59768.mp4
truck,video,/SL/truck/59774.mp4
truck,video,/SL/truck/66677.mp4
truck,video,/SL/truck/66678.mp4
true,video,/SL/true/59791.mp4
true,video,/SL/true/59792.mp4
true,video,/SL/true/59793.mp4
true,video,/SL/true/59795.mp4
true,video,/SL/true/59797.mp4
trust,video,/SL/trust/59829.mp4
trust,video,/SL/trust/59830.mp4
trust,video,/SL/trust/59831.mp4
trust,video,/SL/trust/59833.mp4
trust,video,/SL/trust/59834.mp4
trust,video,/SL/trust/59836.mp4
truth,video,/SL/truth/59839.mp4
truth,video,/SL/truth/59840.mp4
truth,video,/SL/truth/59842.mp4
truth,video,/SL/truth/59843.mp4
truth,video,/SL/truth/59846.mp4
try,video,/SL/try/59848.mp4
try,video,/SL/try/59849.mp4
try,video,/SL/try/59851.mp4
try,video,/SL/try/59854.mp4
try,video,/SL/try/66680.mp4
try,video,/SL/try/66681.mp4
tuesday,video,/SL/tuesday/59903.mp4
tuesday,video,/SL/tuesday/59904.mp4
tuesday,video,/SL/tuesday/59905.mp4
tuesday,video,/SL/tuesday/59906.mp4
tuesday,video,/SL/tuesday/59907.mp4
tuesday,video,/SL/tuesday/59909.mp4
tuesday,video,/SL/tuesday/59910.mp4
tuesday,video,/SL/tuesday/59913.mp4
turkey,video,/SL/turkey/59952.mp4
turkey,video,/SL/turkey/59953.mp4
turkey,video,/SL/turkey/59954.mp4
turkey,video,/SL/turkey/59956.mp4
turkey,video,/SL/turkey/59959.mp4
turkey,video,/SL/turkey/59966.mp4
turkey,video,/SL/turkey/66683.mp4
turn,video,/SL/turn/59991.mp4
turn,video,/SL/turn/59992.mp4
turn,video,/SL/turn/59996.mp4
turn,video,/SL/turn/66684.mp4
turtle,video,/SL/turtle/60044.mp4
turtle,video,/SL/turtle/60045.mp4
turtle,video,/SL/turtle/60046.mp4
turtle,video,/SL/turtle/60048.mp4
turtle,video,/SL/turtle/60052.mp4
tutor,video,/SL/tutor/60057.mp4
tutor,video,/SL/tutor/60058.mp4
tutor,video,/SL/tutor/60059.mp4
tutor,video,/SL/tutor/60062.mp4
tutor,video,/SL/tutor/60064.mp4
tv,video,/SL/tv/60075.mp4
tv,video,/SL/tv/69520.mp4
twin,video,/SL/twin/60155.mp4
twin,video,/SL/twin/60156.mp4
twin,video,/SL/twin/60157.mp4
twin,video,/SL/twin/60159.mp4
twin,video,/SL/twin/60161.mp4
twin,video,/SL/twin/60164.mp4
two,video,/SL/two/60220.mp4
two,video,/SL/two/60221.mp4
two,video,/SL/two/60224.mp4
two,video,/SL/two/60225.mp4
two,video,/SL/two/60227.mp4
two,video,/SL/two/69521.mp4
type,video,/SL/type/60304.mp4
type,video,/SL/type/60305.mp4
type,video,/SL/type/60308.mp4
type,video,/SL/type/60309.mp4
type,video,/SL/type/60312.mp4
u,video,/SL/u/60358.mp4
u,video,/SL/u/60359.mp4
u,video,/SL/u/60360.mp4
u,video,/SL/u/60362.mp4
u,video,/SL/u/66059.mp4
ugly,video,/SL/ugly/60346.mp4
ugly,video,/SL/ugly/60347.mp4
ugly,video,/SL/ugly/60348.mp4
ugly,video,/SL/ugly/60349.mp4
ugly,video,/SL/ugly/60350.mp4
ugly,video,/SL/ugly/60351.mp4
ugly,video,/SL/ugly/60352.mp4
ugly,video,/SL/ugly/60353.mp4
ugly,video,/SL/ugly/60354.mp4
ugly,video,/SL/ugly/60357.mp4
umbrella,video,/SL/umbrella/60379.mp4
umbrella,video,/SL/umbrella/60380.mp4
umbrella,video,/SL/umbrella/60381.mp4
umbrella,video,/SL/umbrella/60383.mp4
umbrella,video,/SL/umbrella/60385.mp4
umbrella,video,/SL/umbrella/66699.mp4
uncle,video,/SL/uncle/60457.mp4
uncle,video,/SL/uncle/60458.mp4
uncle,video,/SL/uncle/60459.mp4
uncle,video,/SL/uncle/60460.mp4
uncle,video,/SL/uncle/60461.mp4
uncle,video,/SL/uncle/60462.mp4
uncle,video,/SL/uncle/60465.mp4
under,video,/SL/under/60520.mp4
under,video,/SL/under/60521.mp4
under,video,/SL/under/60522.mp4
under,video,/SL/under/60527.mp4
under,video,/SL/under/60531.mp4
understand,video,/SL/understand/60545.mp4
understand,video,/SL/understand/60546.mp4
understand,video,/SL/understand/60547.mp4
understand,video,/SL/understand/60548.mp4
understand,video,/SL/understand/60551.mp4
understand,video,/SL/understand/60556.mp4
understand,video,/SL/understand/66704.mp4
underwear,video,/SL/underwear/60571.mp4
underwear,video,/SL/underwear/60572.mp4
underwear,video,/SL/underwear/60574.mp4
underwear,video,/SL/underwear/60575.mp4
underwear,video,/SL/underwear/60576.mp4
underwear,video,/SL/underwear/60579.mp4
underwear,video,/SL/underwear/60583.mp4
underwear,video,/SL/underwear/66705.mp4
unique,video,/SL/unique/60702.mp4
unique,video,/SL/unique/60703.mp4
unique,video,/SL/unique/60704.mp4
unique,video,/SL/unique/60705.mp4
unique,video,/SL/unique/60708.mp4
unique,video,/SL/unique/60709.mp4
united states,video,/SL/united states/60722.mp4
united states,video,/SL/united states/60723.mp4
united states,video,/SL/united states/60724.mp4
united states,video,/SL/united states/60728.mp4
united states,video,/SL/united states/60730.mp4
university,video,/SL/university/60760.mp4
university,video,/SL/university/60761.mp4
university,video,/SL/university/60762.mp4
university,video,/SL/university/60763.mp4
university,video,/SL/university/60765.mp4
university,video,/SL/university/60768.mp4
university,video,/SL/university/66707.mp4
until,video,/SL/until/60851.mp4
until,video,/SL/until/60852.mp4
until,video,/SL/until/60853.mp4
until,video,/SL/until/60854.mp4
until,video,/SL/until/60855.mp4
until,video,/SL/until/60856.mp4
until,video,/SL/until/60860.mp4
until,video,/SL/until/66708.mp4
up,video,/SL/up/60907.mp4
up,video,/SL/up/60909.mp4
up,video,/SL/up/60910.mp4
up,video,/SL/up/60911.mp4
up,video,/SL/up/60912.mp4
up,video,/SL/up/60915.mp4
up,video,/SL/up/66709.mp4
up,video,/SL/up/69522.mp4
upset,video,/SL/upset/60948.mp4
upset,video,/SL/upset/60949.mp4
upset,video,/SL/upset/60950.mp4
upset,video,/SL/upset/60951.mp4
upset,video,/SL/upset/60952.mp4
upset,video,/SL/upset/60953.mp4
upset,video,/SL/upset/60954.mp4
upset,video,/SL/upset/60956.mp4
upset,video,/SL/upset/66711.mp4
upset,video,/SL/upset/66712.mp4
upstairs,video,/SL/upstairs/60967.mp4
upstairs,video,/SL/upstairs/60968.mp4
upstairs,video,/SL/upstairs/60969.mp4
upstairs,video,/SL/upstairs/60970.mp4
use,video,/SL/use/61056.mp4
use,video,/SL/use/61057.mp4
use,video,/SL/use/61058.mp4
use,video,/SL/use/61062.mp4
use,video,/SL/use/61070.mp4
v,video,/SL/v/61561.mp4
v,video,/SL/v/61562.mp4
v,video,/SL/v/61563.mp4
v,video,/SL/v/61565.mp4
v,video,/SL/v/66060.mp4
vacant,video,/SL/vacant/61135.mp4
vacant,video,/SL/vacant/61136.mp4
vacant,video,/SL/vacant/61137.mp4
vacant,video,/SL/vacant/61138.mp4
vacant,video,/SL/vacant/61140.mp4
vacation,video,/SL/vacation/61142.mp4
vacation,video,/SL/vacation/61143.mp4
vacation,video,/SL/vacation/61144.mp4
vacation,video,/SL/vacation/61145.mp4
vacation,video,/SL/vacation/61146.mp4
vacation,video,/SL/vacation/61150.mp4
vacation,video,/SL/vacation/66715.mp4
vague,video,/SL/vague/61188.mp4
vague,video,/SL/vague/61189.mp4
vague,video,/SL/vague/61191.mp4
vague,video,/SL/vague/61193.mp4
valley,video,/SL/valley/61221.mp4
valley,video,/SL/valley/61222.mp4
valley,video,/SL/valley/61224.mp4
valley,video,/SL/valley/61226.mp4
value,video,/SL/value/61233.mp4
value,video,/SL/value/61236.mp4
value,video,/SL/value/61237.mp4
vampire,video,/SL/vampire/61246.mp4
vampire,video,/SL/vampire/61247.mp4
vampire,video,/SL/vampire/61249.mp4
vampire,video,/SL/vampire/61251.mp4
vampire,video,/SL/vampire/66718.mp4
vegetable,video,/SL/vegetable/61365.mp4
vegetable,video,/SL/vegetable/61366.mp4
vegetable,video,/SL/vegetable/61367.mp4
vegetable,video,/SL/vegetable/61368.mp4
vegetable,video,/SL/vegetable/61370.mp4
vegetable,video,/SL/vegetable/61371.mp4
vegetable,video,/SL/vegetable/66720.mp4
verb,video,/SL/verb/61442.mp4
verb,video,/SL/verb/61443.mp4
verb,video,/SL/verb/61444.mp4
verb,video,/SL/verb/61445.mp4
verb,video,/SL/verb/61449.mp4
very,video,/SL/very/61509.mp4
very,video,/SL/very/61510.mp4
very,video,/SL/very/61511.mp4
very,video,/SL/very/61512.mp4
very,video,/SL/very/61515.mp4
very,video,/SL/very/66722.mp4
very,video,/SL/very/69523.mp4
vice president,video,/SL/vice president/61588.mp4
vice president,video,/SL/vice president/61590.mp4
vice president,video,/SL/vice president/61592.mp4
vice president,video,/SL/vice president/61595.mp4
viewpoint,video,/SL/viewpoint/61697.mp4
viewpoint,video,/SL/viewpoint/61699.mp4
viewpoint,video,/SL/viewpoint/61700.mp4
viewpoint,video,/SL/viewpoint/61701.mp4
viewpoint,video,/SL/viewpoint/61702.mp4
violin,video,/SL/violin/61738.mp4
violin,video,/SL/violin/61739.mp4
violin,video,/SL/violin/61740.mp4
violin,video,/SL/violin/61741.mp4
violin,video,/SL/violin/61742.mp4
violin,video,/SL/violin/61743.mp4
violin,video,/SL/violin/61745.mp4
violin,video,/SL/violin/66729.mp4
visit,video,/SL/visit/61805.mp4
visit,video,/SL/visit/61806.mp4
visit,video,/SL/visit/61807.mp4
visit,video,/SL/visit/61808.mp4
visit,video,/SL/visit/61809.mp4
visit,video,/SL/visit/61810.mp4
visit,video,/SL/visit/61812.mp4
visit,video,/SL/visit/61819.mp4
visit,video,/SL/visit/66731.mp4
visitor,video,/SL/visitor/61826.mp4
visitor,video,/SL/visitor/61827.mp4
visitor,video,/SL/visitor/61829.mp4
visitor,video,/SL/visitor/61831.mp4
visitor,video,/SL/visitor/66732.mp4
visualize,video,/SL/visualize/61846.mp4
visualize,video,/SL/visualize/61848.mp4
visualize,video,/SL/visualize/61850.mp4
visualize,video,/SL/visualize/61851.mp4
visualize,video,/SL/visualize/66733.mp4
vlog,video,/SL/vlog/61869.mp4
vlog,video,/SL/vlog/61870.mp4
vlog,video,/SL/vlog/61871.mp4
vlog,video,/SL/vlog/61872.mp4
vlog,video,/SL/vlog/61874.mp4
vlog,video,/SL/vlog/66734.mp4
vocabulary,video,/SL/vocabulary/61879.mp4
vocabulary,video,/SL/vocabulary/61881.mp4
vocabulary,video,/SL/vocabulary/61882.mp4
vocabulary,video,/SL/vocabulary/61885.mp4
vocabulary,video,/SL/vocabulary/61886.mp4
vocabulary,video,/SL/vocabulary/61889.mp4
vocabulary,video,/SL/vocabulary/66735.mp4
voice,video,/SL/voice/61914.mp4
voice,video,/SL/voice/61915.mp4
voice,video,/SL/voice/61916.mp4
voice,video,/SL/voice/61917.mp4
voice,video,/SL/voice/61918.mp4
voice,video,/SL/voice/61919.mp4
voice,video,/SL/voice/61920.mp4
voice,video,/SL/voice/61921.mp4
voice,video,/SL/voice/61924.mp4
voice,video,/SL/voice/66736.mp4
volleyball,video,/SL/volleyball/61947.mp4
volleyball,video,/SL/volleyball/61948.mp4
volleyball,video,/SL/volleyball/61950.mp4
volleyball,video,/SL/volleyball/61952.mp4
volleyball,video,/SL/volleyball/61953.mp4
volunteer,video,/SL/volunteer/61966.mp4
volunteer,video,/SL/volunteer/61967.mp4
volunteer,video,/SL/volunteer/61968.mp4
volunteer,video,/SL/volunteer/61969.mp4
volunteer,video,/SL/volunteer/61971.mp4
volunteer,video,/SL/volunteer/61973.mp4
volunteer,video,/SL/volunteer/66739.mp4
vomit,video,/SL/vomit/61978.mp4
vomit,video,/SL/vomit/61979.mp4
vomit,video,/SL/vomit/61980.mp4
vomit,video,/SL/vomit/61982.mp4
vomit,video,/SL/vomit/61983.mp4
vomit,video,/SL/vomit/61984.mp4
vomit,video,/SL/vomit/61985.mp4
vomit,video,/SL/vomit/61986.mp4
vomit,video,/SL/vomit/61987.mp4
vomit,video,/SL/vomit/61990.mp4
vote,video,/SL/vote/61992.mp4
vote,video,/SL/vote/61993.mp4
vote,video,/SL/vote/61994.mp4
vote,video,/SL/vote/61995.mp4
vote,video,/SL/vote/61996.mp4
vote,video,/SL/vote/61997.mp4
vote,video,/SL/vote/62000.mp4
vote,video,/SL/vote/62003.mp4
w,video,/SL/w/63274.mp4
w,video,/SL/w/63275.mp4
w,video,/SL/w/63276.mp4
w,video,/SL/w/63278.mp4
w,video,/SL/w/66061.mp4
wait,video,/SL/wait/62097.mp4
wait,video,/SL/wait/62098.mp4
wait,video,/SL/wait/62100.mp4
wait,video,/SL/wait/62101.mp4
wait,video,/SL/wait/62102.mp4
wait,video,/SL/wait/62103.mp4
wait,video,/SL/wait/62106.mp4
wait,video,/SL/wait/62107.mp4
wait,video,/SL/wait/62113.mp4
wait,video,/SL/wait/66740.mp4
waiter,video,/SL/waiter/62087.mp4
waiter,video,/SL/waiter/62088.mp4
waiter,video,/SL/waiter/62092.mp4
wake up,video,/SL/wake up/62143.mp4
wake up,video,/SL/wake up/62145.mp4
wake up,video,/SL/wake up/62146.mp4
wake up,video,/SL/wake up/62147.mp4
wake up,video,/SL/wake up/62148.mp4
wake up,video,/SL/wake up/62150.mp4
walk,video,/SL/walk/62158.mp4
walk,video,/SL/walk/62159.mp4
walk,video,/SL/walk/62160.mp4
walk,video,/SL/walk/62163.mp4
walk,video,/SL/walk/62164.mp4
walk,video,/SL/walk/62168.mp4
walk,video,/SL/walk/62169.mp4
walk,video,/SL/walk/62170.mp4
walk,video,/SL/walk/62175.mp4
walk,video,/SL/walk/66742.mp4
walk,video,/SL/walk/66743.mp4
wall,video,/SL/wall/62196.mp4
wall,video,/SL/wall/62197.mp4
wall,video,/SL/wall/62199.mp4
wall,video,/SL/wall/62203.mp4
wall,video,/SL/wall/66744.mp4
wallet,video,/SL/wallet/62189.mp4
wallet,video,/SL/wallet/62190.mp4
wallet,video,/SL/wallet/62191.mp4
wallet,video,/SL/wallet/62192.mp4
wallet,video,/SL/wallet/62195.mp4
wallet,video,/SL/wallet/66745.mp4
wander,video,/SL/wander/62229.mp4
wander,video,/SL/wander/62230.mp4
wander,video,/SL/wander/62231.mp4
wander,video,/SL/wander/62232.mp4
wander,video,/SL/wander/62234.mp4
wander,video,/SL/wander/62236.mp4
want,video,/SL/want/62244.mp4
want,video,/SL/want/62245.mp4
want,video,/SL/want/62246.mp4
want,video,/SL/want/62247.mp4
want,video,/SL/want/62248.mp4
want,video,/SL/want/62249.mp4
want,video,/SL/want/62250.mp4
want,video,/SL/want/62251.mp4
want,video,/SL/want/62259.mp4
want,video,/SL/want/69524.mp4
war,video,/SL/war/62273.mp4
war,video,/SL/war/62274.mp4
war,video,/SL/war/62275.mp4
war,video,/SL/war/62276.mp4
war,video,/SL/war/62279.mp4
war,video,/SL/war/62284.mp4
war,video,/SL/war/66746.mp4
warm,video,/SL/warm/62289.mp4
warm,video,/SL/warm/62290.mp4
warm,video,/SL/warm/62291.mp4
warm,video,/SL/warm/62294.mp4
warm,video,/SL/warm/62297.mp4
warn,video,/SL/warn/62302.mp4
warn,video,/SL/warn/62303.mp4
warn,video,/SL/warn/62305.mp4
warn,video,/SL/warn/62309.mp4
warn,video,/SL/warn/66747.mp4
wash,video,/SL/wash/62356.mp4
wash,video,/SL/wash/62357.mp4
wash,video,/SL/wash/62358.mp4
wash,video,/SL/wash/62365.mp4
wash,video,/SL/wash/62367.mp4
wash,video,/SL/wash/62372.mp4
wash face,video,/SL/wash face/62349.mp4
wash face,video,/SL/wash face/66748.mp4
washington,video,/SL/washington/62393.mp4
washington,video,/SL/washington/62394.mp4
washington,video,/SL/washington/62395.mp4
washington,video,/SL/washington/62396.mp4
washington,video,/SL/washington/62398.mp4
waste,video,/SL/waste/62423.mp4
waste,video,/SL/waste/62424.mp4
waste,video,/SL/waste/62427.mp4
waste,video,/SL/waste/62430.mp4
waste,video,/SL/waste/66750.mp4
watch,video,/SL/watch/62439.mp4
watch,video,/SL/watch/62440.mp4
watch,video,/SL/watch/62443.mp4
watch,video,/SL/watch/62444.mp4
watch,video,/SL/watch/62445.mp4
watch,video,/SL/watch/62452.mp4
watch,video,/SL/watch/62453.mp4
watch,video,/SL/watch/62458.mp4
water,video,/SL/water/62499.mp4
water,video,/SL/water/62500.mp4
water,video,/SL/water/62501.mp4
water,video,/SL/water/62502.mp4
water,video,/SL/water/62503.mp4
water,video,/SL/water/62505.mp4
water,video,/SL/water/62506.mp4
water,video,/SL/water/62510.mp4
water,video,/SL/water/66752.mp4
waterfall,video,/SL/waterfall/62488.mp4
waterfall,video,/SL/waterfall/62489.mp4
waterfall,video,/SL/waterfall/62490.mp4
waterfall,video,/SL/waterfall/62492.mp4
waterfall,video,/SL/waterfall/62493.mp4
watermelon,video,/SL/watermelon/62516.mp4
watermelon,video,/SL/watermelon/62517.mp4
watermelon,video,/SL/watermelon/62519.mp4
watermelon,video,/SL/watermelon/62521.mp4
watermelon,video,/SL/watermelon/62524.mp4
way,video,/SL/way/62570.mp4
way,video,/SL/way/62571.mp4
way,video,/SL/way/62572.mp4
way,video,/SL/way/62573.mp4
way,video,/SL/way/62575.mp4
way,video,/SL/way/62577.mp4
we,video,/SL/we/62774.mp4
we,video,/SL/we/62775.mp4
we,video,/SL/we/62776.mp4
we,video,/SL/we/62777.mp4
we,video,/SL/we/62778.mp4
we,video,/SL/we/62780.mp4
we,video,/SL/we/66755.mp4
we,video,/SL/we/69527.mp4
weak,video,/SL/weak/62585.mp4
weak,video,/SL/weak/62586.mp4
weak,video,/SL/weak/62587.mp4
weak,video,/SL/weak/62588.mp4
weak,video,/SL/weak/62590.mp4
weak,video,/SL/weak/62591.mp4
weak,video,/SL/weak/62593.mp4
wear,video,/SL/wear/62614.mp4
wear,video,/SL/wear/62615.mp4
wear,video,/SL/wear/62618.mp4
wear,video,/SL/wear/62619.mp4
wear,video,/SL/wear/62622.mp4
wear,video,/SL/wear/66756.mp4
weather,video,/SL/weather/62638.mp4
weather,video,/SL/weather/62639.mp4
weather,video,/SL/weather/62641.mp4
weather,video,/SL/weather/62642.mp4
weather,video,/SL/weather/62643.mp4
weather,video,/SL/weather/62645.mp4
weather,video,/SL/weather/62646.mp4
weather,video,/SL/weather/62650.mp4
wedding,video,/SL/wedding/62689.mp4
wedding,video,/SL/wedding/62690.mp4
wedding,video,/SL/wedding/62691.mp4
wedding,video,/SL/wedding/62692.mp4
wedding,video,/SL/wedding/62693.mp4
wedding,video,/SL/wedding/62694.mp4
wedding,video,/SL/wedding/62697.mp4
wedding,video,/SL/wedding/66757.mp4
wednesday,video,/SL/wednesday/62707.mp4
wednesday,video,/SL/wednesday/62708.mp4
wednesday,video,/SL/wednesday/62709.mp4
wednesday,video,/SL/wednesday/62710.mp4
wednesday,video,/SL/wednesday/62711.mp4
wednesday,video,/SL/wednesday/62712.mp4
wednesday,video,/SL/wednesday/62713.mp4
wednesday,video,/SL/wednesday/62717.mp4
wednesday,video,/SL/wednesday/66758.mp4
week,video,/SL/week/62740.mp4
week,video,/SL/week/62741.mp4
week,video,/SL/week/62742.mp4
week,video,/SL/week/62743.mp4
week,video,/SL/week/62746.mp4
week,video,/SL/week/62747.mp4
week,video,/SL/week/62748.mp4
week,video,/SL/week/62752.mp4
week,video,/SL/week/66759.mp4
weekend,video,/SL/weekend/62730.mp4
weekend,video,/SL/weekend/62731.mp4
weekend,video,/SL/weekend/62732.mp4
weekend,video,/SL/weekend/62733.mp4
weekend,video,/SL/weekend/62734.mp4
weekend,video,/SL/weekend/62736.mp4
weekend,video,/SL/weekend/62738.mp4
weekend,video,/SL/weekend/66760.mp4
weekend,video,/SL/weekend/66761.mp4
weekly,video,/SL/weekly/62754.mp4
weekly,video,/SL/weekly/62756.mp4
weekly,video,/SL/weekly/62757.mp4
weekly,video,/SL/weekly/62761.mp4
weigh,video,/SL/weigh/62782.mp4
weigh,video,/SL/weigh/62783.mp4
weigh,video,/SL/weigh/62785.mp4
weight,video,/SL/weight/62790.mp4
weight,video,/SL/weight/62791.mp4
weight,video,/SL/weight/62792.mp4
weight,video,/SL/weight/62793.mp4
weight,video,/SL/weight/62796.mp4
weight,video,/SL/weight/62797.mp4
weird,video,/SL/weird/62818.mp4
weird,video,/SL/weird/62819.mp4
weird,video,/SL/weird/62821.mp4
weird,video,/SL/weird/62824.mp4
weird,video,/SL/weird/66762.mp4
welcome,video,/SL/welcome/62829.mp4
welcome,video,/SL/welcome/62833.mp4
welcome,video,/SL/welcome/62837.mp4
welcome,video,/SL/welcome/66763.mp4
welcome,video,/SL/welcome/66764.mp4
west,video,/SL/west/62906.mp4
west,video,/SL/west/62907.mp4
west,video,/SL/west/62908.mp4
west,video,/SL/west/62909.mp4
west,video,/SL/west/62910.mp4
west,video,/SL/west/62911.mp4
west,video,/SL/west/62912.mp4
west,video,/SL/west/62915.mp4
west,video,/SL/west/66765.mp4
wet,video,/SL/wet/62922.mp4
wet,video,/SL/wet/62923.mp4
wet,video,/SL/wet/62924.mp4
wet,video,/SL/wet/62925.mp4
wet,video,/SL/wet/62926.mp4
wet,video,/SL/wet/62927.mp4
wet,video,/SL/wet/62930.mp4
wet,video,/SL/wet/66766.mp4
wet,video,/SL/wet/66767.mp4
wet,video,/SL/wet/69529.mp4
whale,video,/SL/whale/62933.mp4
whale,video,/SL/whale/62934.mp4
whale,video,/SL/whale/62936.mp4
whale,video,/SL/whale/62937.mp4
whale,video,/SL/whale/62942.mp4
whale,video,/SL/whale/69530.mp4
what,video,/SL/what/62964.mp4
what,video,/SL/what/62965.mp4
what,video,/SL/what/62966.mp4
what,video,/SL/what/62967.mp4
what,video,/SL/what/62968.mp4
what,video,/SL/what/62970.mp4
what,video,/SL/what/62975.mp4
what,video,/SL/what/62979.mp4
what,video,/SL/what/62987.mp4
what,video,/SL/what/62988.mp4
what,video,/SL/what/66769.mp4
what,video,/SL/what/69531.mp4
whatever,video,/SL/whatever/62952.mp4
whatever,video,/SL/whatever/62953.mp4
whatever,video,/SL/whatever/62955.mp4
whatever,video,/SL/whatever/66772.mp4
wheelchair,video,/SL/wheelchair/63044.mp4
wheelchair,video,/SL/wheelchair/63046.mp4
wheelchair,video,/SL/wheelchair/63047.mp4
wheelchair,video,/SL/wheelchair/63050.mp4
when,video,/SL/when/63066.mp4
when,video,/SL/when/63067.mp4
when,video,/SL/when/63069.mp4
when,video,/SL/when/63070.mp4
when,video,/SL/when/63072.mp4
when,video,/SL/when/63077.mp4
when,video,/SL/when/66773.mp4
when,video,/SL/when/69532.mp4
where,video,/SL/where/63081.mp4
where,video,/SL/where/63082.mp4
where,video,/SL/where/63083.mp4
where,video,/SL/where/63084.mp4
where,video,/SL/where/63087.mp4
where,video,/SL/where/63091.mp4
where,video,/SL/where/66774.mp4
which,video,/SL/which/63104.mp4
which,video,/SL/which/63105.mp4
which,video,/SL/which/63106.mp4
which,video,/SL/which/63108.mp4
which,video,/SL/which/63113.mp4
which,video,/SL/which/66775.mp4
while,video,/SL/while/63119.mp4
while,video,/SL/while/63120.mp4
while,video,/SL/while/63122.mp4
while,video,/SL/while/63124.mp4
while,video,/SL/while/63126.mp4
while,video,/SL/while/66776.mp4
whistle,video,/SL/whistle/63186.mp4
whistle,video,/SL/whistle/63188.mp4
whistle,video,/SL/whistle/63190.mp4
white,video,/SL/white/63200.mp4
white,video,/SL/white/63201.mp4
white,video,/SL/white/63202.mp4
white,video,/SL/white/63203.mp4
white,video,/SL/white/63204.mp4
white,video,/SL/white/63205.mp4
white,video,/SL/white/63207.mp4
white,video,/SL/white/63208.mp4
white,video,/SL/white/63214.mp4
white,video,/SL/white/69533.mp4
who,video,/SL/who/63225.mp4
who,video,/SL/who/63226.mp4
who,video,/SL/who/63227.mp4
who,video,/SL/who/63228.mp4
who,video,/SL/who/63229.mp4
who,video,/SL/who/63230.mp4
who,video,/SL/who/63231.mp4
who,video,/SL/who/63232.mp4
who,video,/SL/who/63236.mp4
who,video,/SL/who/63237.mp4
who,video,/SL/who/63242.mp4
who,video,/SL/who/66778.mp4
who,video,/SL/who/66779.mp4
who,video,/SL/who/69534.mp4
why,video,/SL/why/63280.mp4
why,video,/SL/why/63281.mp4
why,video,/SL/why/63282.mp4
why,video,/SL/why/63283.mp4
why,video,/SL/why/63284.mp4
why,video,/SL/why/63285.mp4
why,video,/SL/why/63287.mp4
why,video,/SL/why/63288.mp4
why,video,/SL/why/63289.mp4
why,video,/SL/why/63292.mp4
why,video,/SL/why/66781.mp4
wide,video,/SL/wide/63310.mp4
wide,video,/SL/wide/63311.mp4
wide,video,/SL/wide/63312.mp4
wide,video,/SL/wide/63314.mp4
wide,video,/SL/wide/63316.mp4
wide,video,/SL/wide/66783.mp4
wife,video,/SL/wife/63326.mp4
wife,video,/SL/wife/63327.mp4
wife,video,/SL/wife/63328.mp4
wife,video,/SL/wife/63329.mp4
wife,video,/SL/wife/63330.mp4
wife,video,/SL/wife/63331.mp4
wife,video,/SL/wife/63332.mp4
wife,video,/SL/wife/63337.mp4
wife,video,/SL/wife/66784.mp4
wife,video,/SL/wife/66785.mp4
will,video,/SL/will/63360.mp4
will,video,/SL/will/63364.mp4
will,video,/SL/will/63374.mp4
will,video,/SL/will/69536.mp4
willing,video,/SL/willing/63377.mp4
willing,video,/SL/willing/63378.mp4
willing,video,/SL/willing/63380.mp4
willing,video,/SL/willing/63381.mp4
willing,video,/SL/willing/63383.mp4
willing,video,/SL/willing/66788.mp4
win,video,/SL/win/63468.mp4
win,video,/SL/win/63469.mp4
win,video,/SL/win/63470.mp4
win,video,/SL/win/63471.mp4
win,video,/SL/win/63473.mp4
win,video,/SL/win/63478.mp4
win,video,/SL/win/66789.mp4
wind,video,/SL/wind/63402.mp4
wind,video,/SL/wind/63403.mp4
wind,video,/SL/wind/63404.mp4
wind,video,/SL/wind/63405.mp4
wind,video,/SL/wind/63407.mp4
wind,video,/SL/wind/63408.mp4
wind,video,/SL/wind/63410.mp4
wind,video,/SL/wind/66790.mp4
window,video,/SL/window/63417.mp4
window,video,/SL/window/63418.mp4
window,video,/SL/window/63419.mp4
window,video,/SL/window/63422.mp4
window,video,/SL/window/63427.mp4
window,video,/SL/window/66791.mp4
wine,video,/SL/wine/63448.mp4
wine,video,/SL/wine/63449.mp4
wine,video,/SL/wine/63450.mp4
wine,video,/SL/wine/63452.mp4
wine,video,/SL/wine/63455.mp4
winter,video,/SL/winter/63495.mp4
winter,video,/SL/winter/63496.mp4
winter,video,/SL/winter/63497.mp4
winter,video,/SL/winter/63499.mp4
winter,video,/SL/winter/63502.mp4
winter,video,/SL/winter/63504.mp4
wish,video,/SL/wish/63556.mp4
wish,video,/SL/wish/63560.mp4
wish,video,/SL/wish/63563.mp4
wish,video,/SL/wish/69538.mp4
with,video,/SL/with/63587.mp4
with,video,/SL/with/63588.mp4
with,video,/SL/with/63589.mp4
with,video,/SL/with/63590.mp4
with,video,/SL/with/63592.mp4
with,video,/SL/with/63596.mp4
with,video,/SL/with/66795.mp4
with,video,/SL/with/69539.mp4
within,video,/SL/within/63598.mp4
within,video,/SL/within/63599.mp4
within,video,/SL/within/63600.mp4
within,video,/SL/within/63603.mp4
within,video,/SL/within/63604.mp4
without,video,/SL/without/63607.mp4
without,video,/SL/without/63608.mp4
without,video,/SL/without/63609.mp4
without,video,/SL/without/63610.mp4
without,video,/SL/without/63612.mp4
without,video,/SL/without/63615.mp4
without,video,/SL/without/66796.mp4
witness,video,/SL/witness/63622.mp4
witness,video,/SL/witness/63623.mp4
witness,video,/SL/witness/63628.mp4
witness,video,/SL/witness/63629.mp4
witness,video,/SL/witness/63630.mp4
witness,video,/SL/witness/63640.mp4
wolf,video,/SL/wolf/63653.mp4
wolf,video,/SL/wolf/63654.mp4
wolf,video,/SL/wolf/63655.mp4
wolf,video,/SL/wolf/63656.mp4
wolf,video,/SL/wolf/63657.mp4
wolf,video,/SL/wolf/63659.mp4
wolf,video,/SL/wolf/66797.mp4
woman,video,/SL/woman/63664.mp4
woman,video,/SL/woman/63665.mp4
woman,video,/SL/woman/63666.mp4
woman,video,/SL/woman/63667.mp4
woman,video,/SL/woman/63668.mp4
woman,video,/SL/woman/63669.mp4
woman,video,/SL/woman/63672.mp4
woman,video,/SL/woman/63673.mp4
woman,video,/SL/woman/63679.mp4
woman,video,/SL/woman/66798.mp4
woman,video,/SL/woman/66799.mp4
wonder,video,/SL/wonder/63695.mp4
wonder,video,/SL/wonder/63696.mp4
wonder,video,/SL/wonder/63697.mp4
wonder,video,/SL/wonder/63701.mp4
wonder,video,/SL/wonder/66800.mp4
wonderful,video,/SL/wonderful/63689.mp4
wonderful,video,/SL/wonderful/63690.mp4
wonderful,video,/SL/wonderful/63691.mp4
wonderful,video,/SL/wonderful/63693.mp4
wonderful,video,/SL/wonderful/63694.mp4
wonderful,video,/SL/wonderful/66801.mp4
wood,video,/SL/wood/63722.mp4
wood,video,/SL/wood/63723.mp4
wood,video,/SL/wood/63724.mp4
wood,video,/SL/wood/63726.mp4
wood,video,/SL/wood/63729.mp4
wood,video,/SL/wood/66802.mp4
word,video,/SL/word/63752.mp4
word,video,/SL/word/63753.mp4
word,video,/SL/word/63754.mp4
word,video,/SL/word/63755.mp4
word,video,/SL/word/63756.mp4
word,video,/SL/word/63760.mp4
word,video,/SL/word/63763.mp4
word,video,/SL/word/66803.mp4
work,video,/SL/work/63788.mp4
work,video,/SL/work/63789.mp4
work,video,/SL/work/63790.mp4
work,video,/SL/work/63791.mp4
work,video,/SL/work/63792.mp4
work,video,/SL/work/63793.mp4
work,video,/SL/work/63795.mp4
work,video,/SL/work/63799.mp4
work,video,/SL/work/63806.mp4
work,video,/SL/work/66804.mp4
worker,video,/SL/worker/63780.mp4
worker,video,/SL/worker/63781.mp4
worker,video,/SL/worker/63783.mp4
worker,video,/SL/worker/63785.mp4
worker,video,/SL/worker/66805.mp4
workshop,video,/SL/workshop/63821.mp4
workshop,video,/SL/workshop/63822.mp4
workshop,video,/SL/workshop/63824.mp4
workshop,video,/SL/workshop/63827.mp4
workshop,video,/SL/workshop/66806.mp4
world,video,/SL/world/63831.mp4
world,video,/SL/world/63832.mp4
world,video,/SL/world/63836.mp4
world,video,/SL/world/63837.mp4
world,video,/SL/world/63841.mp4
world,video,/SL/world/66807.mp4
worm,video,/SL/worm/63850.mp4
worm,video,/SL/worm/63851.mp4
worm,video,/SL/worm/63853.mp4
worm,video,/SL/worm/63856.mp4
worm,video,/SL/worm/66808.mp4
worm,video,/SL/worm/69541.mp4
worry,video,/SL/worry/63873.mp4
worry,video,/SL/worry/63875.mp4
worry,video,/SL/worry/63876.mp4
worry,video,/SL/worry/63879.mp4
worry,video,/SL/worry/66810.mp4
worse,video,/SL/worse/63885.mp4
worse,video,/SL/worse/63886.mp4
worse,video,/SL/worse/63887.mp4
worse,video,/SL/worse/63889.mp4
worse,video,/SL/worse/63891.mp4
worse,video,/SL/worse/66811.mp4
worthless,video,/SL/worthless/63917.mp4
worthless,video,/SL/worthless/63918.mp4
worthless,video,/SL/worthless/63920.mp4
worthless,video,/SL/worthless/63922.mp4
worthless,video,/SL/worthless/66812.mp4
wow,video,/SL/wow/63948.mp4
wow,video,/SL/wow/63949.mp4
wow,video,/SL/wow/63951.mp4
wow,video,/SL/wow/63953.mp4
wow,video,/SL/wow/63955.mp4
wow,video,/SL/wow/63958.mp4
wow,video,/SL/wow/63962.mp4
wow,video,/SL/wow/63964.mp4
wow,video,/SL/wow/63968.mp4
wrap,video,/SL/wrap/63970.mp4
wrap,video,/SL/wrap/63971.mp4
wrap,video,/SL/wrap/63972.mp4
wrap,video,/SL/wrap/63974.mp4
wrap,video,/SL/wrap/63975.mp4
wrap,video,/SL/wrap/63978.mp4
wrap,video,/SL/wrap/69542.mp4
wrench,video,/SL/wrench/64001.mp4
wrench,video,/SL/wrench/64002.mp4
wrench,video,/SL/wrench/64003.mp4
wrench,video,/SL/wrench/64013.mp4
wristwatch,video,/SL/wristwatch/64042.mp4
wristwatch,video,/SL/wristwatch/64043.mp4
wristwatch,video,/SL/wristwatch/64044.mp4
wristwatch,video,/SL/wristwatch/64046.mp4
wristwatch,video,/SL/wristwatch/64048.mp4
wristwatch,video,/SL/wristwatch/66814.mp4
write,video,/SL/write/64056.mp4
write,video,/SL/write/64057.mp4
write,video,/SL/write/64058.mp4
write,video,/SL/write/64059.mp4
write,video,/SL/write/64060.mp4
write,video,/SL/write/64061.mp4
write,video,/SL/write/64065.mp4
write,video,/SL/write/64068.mp4
write,video,/SL/write/66815.mp4
write,video,/SL/write/69544.mp4
wrong,video,/SL/wrong/64084.mp4
wrong,video,/SL/wrong/64085.mp4
wrong,video,/SL/wrong/64086.mp4
wrong,video,/SL/wrong/64087.mp4
wrong,video,/SL/wrong/64088.mp4
wrong,video,/SL/wrong/64090.mp4
wrong,video,/SL/wrong/64091.mp4
wrong,video,/SL/wrong/64097.mp4
year,video,/SL/year/64209.mp4
year,video,/SL/year/64210.mp4
year,video,/SL/year/64211.mp4
year,video,/SL/year/64212.mp4
year,video,/SL/year/64213.mp4
year,video,/SL/year/64218.mp4
year,video,/SL/year/64219.mp4
year,video,/SL/year/64224.mp4
year,video,/SL/year/66816.mp4
year,video,/SL/year/66818.mp4
yellow,video,/SL/yellow/64261.mp4
yellow,video,/SL/yellow/64262.mp4
yellow,video,/SL/yellow/64263.mp4
yellow,video,/SL/yellow/64264.mp4
yellow,video,/SL/yellow/64266.mp4
yellow,video,/SL/yellow/64271.mp4
yellow,video,/SL/yellow/66819.mp4
yellow,video,/SL/yellow/69545.mp4
yes,video,/SL/yes/64280.mp4
yes,video,/SL/yes/64281.mp4
yes,video,/SL/yes/64283.mp4
yes,video,/SL/yes/64284.mp4
yes,video,/SL/yes/64287.mp4
yes,video,/SL/yes/64288.mp4
yes,video,/SL/yes/64291.mp4
yes,video,/SL/yes/64292.mp4
yes,video,/SL/yes/64293.mp4
yes,video,/SL/yes/64300.mp4
yes,video,/SL/yes/66820.mp4
yes,video,/SL/yes/69546.mp4
yesterday,video,/SL/yesterday/64304.mp4
yesterday,video,/SL/yesterday/64305.mp4
yesterday,video,/SL/yesterday/64306.mp4
yesterday,video,/SL/yesterday/64307.mp4
yesterday,video,/SL/yesterday/64308.mp4
yesterday,video,/SL/yesterday/64309.mp4
yesterday,video,/SL/yesterday/64311.mp4
yesterday,video,/SL/yesterday/64315.mp4
yesterday,video,/SL/yesterday/66821.mp4
yesterday,video,/SL/yesterday/66822.mp4
you,video,/SL/you/64379.mp4
you,video,/SL/you/64380.mp4
you,video,/SL/you/64381.mp4
you,video,/SL/you/64382.mp4
you,video,/SL/you/64383.mp4
you,video,/SL/you/64385.mp4
you,video,/SL/you/64391.mp4
you,video,/SL/you/69547.mp4
young,video,/SL/young/64411.mp4
young,video,/SL/young/64413.mp4
young,video,/SL/young/64414.mp4
young,video,/SL/young/64416.mp4
young,video,/SL/young/64419.mp4
your,video,/SL/your/64427.mp4
your,video,/SL/your/64428.mp4
your,video,/SL/your/64429.mp4
your,video,/SL/your/64430.mp4
your,video,/SL/your/64433.mp4
your,video,/SL/your/64434.mp4
yourself,video,/SL/yourself/64445.mp4
yourself,video,/SL/yourself/64446.mp4
yourself,video,/SL/yourself/64447.mp4
yourself,video,/SL/yourself/64448.mp4
yourself,video,/SL/yourself/64451.mp4
zero,video,/SL/zero/64544.mp4
zero,video,/SL/zero/64547.mp4
zero,video,/SL/zero/64551.mp4
zero,video,/SL/zero/66825.mp4
